title,price,rating,brand,ram_gb,storage_gb,storage_type,processor,processor_score,gpu,gpu_score,screen_size,product_url,image_url,availability,source,asin,source_url,scraped_at
"Apple Ultrabook 13.3"" Intel Core i5 2.3GHz 8GB 128GB SSD (Intel Iris Plus Graphics 640)",71378.68,,Apple,8,128,SSD,Intel Core i5 2.3GHz,5,Intel Iris Plus Graphics 640,3,13.3,,,,Kaggle,0,https://www.kaggle.com/datasets/eslamelsolya/laptop-price-prediction,
"Apple Ultrabook 13.3"" Intel Core i5 1.8GHz 8GB 128GB Flash Storage (Intel HD Graphics 6000)",47895.52,,Apple,8,128,FLASH,Intel Core i5 1.8GHz,5,Intel HD Graphics 6000,2,13.3,,,,Kaggle,1,https://www.kaggle.com/datasets/eslamelsolya/laptop-price-prediction,
"HP Notebook 15.6"" Intel Core i5 7200U 2.5GHz 8GB 256GB SSD (Intel HD Graphics 620)",30636.0,,HP,8,256,SSD,Intel Core i5 7200U 2.5GHz,5,Intel HD Graphics 620,2,15.6,,,,Kaggle,2,https://www.kaggle.com/datasets/eslamelsolya/laptop-price-prediction,
"Apple Ultrabook 15.4"" Intel Core i7 2.7GHz 16GB 512GB SSD (AMD Radeon Pro 455)",135195.34,,Apple,16,512,SSD,Intel Core i7 2.7GHz,7,AMD Radeon Pro 455,5,15.4,,,,Kaggle,3,https://www.kaggle.com/datasets/eslamelsolya/laptop-price-prediction,
"Apple Ultrabook 13.3"" Intel Core i5 3.1GHz 8GB 256GB SSD (Intel Iris Plus Graphics 650)",96095.81,,Apple,8,256,SSD,Intel Core i5 3.1GHz,5,Intel Iris Plus Graphics 650,3,13.3,,,,Kaggle,4,https://www.kaggle.com/datasets/eslamelsolya/laptop-price-prediction,
"Acer Notebook 15.6"" AMD A9-Series 9420 3GHz 4GB 500GB HDD (AMD Radeon R5)",21312.0,,Acer,4,500,HDD,AMD A9-Series 9420 3GHz,2,AMD Radeon R5,2,15.6,,,,Kaggle,5,https://www.kaggle.com/datasets/eslamelsolya/laptop-price-prediction,
"Apple Ultrabook 15.4"" Intel Core i7 2.2GHz 16GB 256GB Flash Storage (Intel Iris Pro Graphics)",114017.6,,Apple,16,256,FLASH,Intel Core i7 2.2GHz,7,Intel Iris Pro Graphics,3,15.4,,,,Kaggle,6,https://www.kaggle.com/datasets/eslamelsolya/laptop-price-prediction,
"Apple Ultrabook 13.3"" Intel Core i5 1.8GHz 8GB 256GB Flash Storage (Intel HD Graphics 6000)",61735.54,,Apple,8,256,FLASH,Intel Core i5 1.8GHz,5,Intel HD Graphics 6000,2,13.3,,,,Kaggle,7,https://www.kaggle.com/datasets/eslamelsolya/laptop-price-prediction,
"Asus Ultrabook 14.0"" Intel Core i7 8550U 1.8GHz 16GB 512GB SSD (Nvidia GeForce MX150)",79653.6,,Asus,16,512,SSD,Intel Core i7 8550U 1.8GHz,7,Nvidia GeForce MX150,1,14.0,,,,Kaggle,8,https://www.kaggle.com/datasets/eslamelsolya/laptop-price-prediction,
"Acer Ultrabook 14.0"" Intel Core i5 8250U 1.6GHz 8GB 256GB SSD (Intel UHD Graphics 620)",41025.6,,Acer,8,256,SSD,Intel Core i5 8250U 1.6GHz,5,Intel UHD Graphics 620,2,14.0,,,,Kaggle,9,https://www.kaggle.com/datasets/eslamelsolya/laptop-price-prediction,
"HP Notebook 15.6"" Intel Core i5 7200U 2.5GHz 4GB 500GB HDD (Intel HD Graphics 620)",20986.99,,HP,4,500,HDD,Intel Core i5 7200U 2.5GHz,5,Intel HD Graphics 620,2,15.6,,,,Kaggle,10,https://www.kaggle.com/datasets/eslamelsolya/laptop-price-prediction,
"HP Notebook 15.6"" Intel Core i3 6006U 2GHz 4GB 500GB HDD (Intel HD Graphics 520)",18381.07,,HP,4,500,HDD,Intel Core i3 6006U 2GHz,3,Intel HD Graphics 520,2,15.6,,,,Kaggle,11,https://www.kaggle.com/datasets/eslamelsolya/laptop-price-prediction,
"Apple Ultrabook 15.4"" Intel Core i7 2.8GHz 16GB 256GB SSD (AMD Radeon Pro 555)",130001.6,,Apple,16,256,SSD,Intel Core i7 2.8GHz,7,AMD Radeon Pro 555,5,15.4,,,,Kaggle,12,https://www.kaggle.com/datasets/eslamelsolya/laptop-price-prediction,
"Dell Notebook 15.6"" Intel Core i3 6006U 2GHz 4GB 256GB SSD (AMD Radeon R5 M430)",26581.39,,Dell,4,256,SSD,Intel Core i3 6006U 2GHz,3,AMD Radeon R5 M430,2,15.6,,,,Kaggle,13,https://www.kaggle.com/datasets/eslamelsolya/laptop-price-prediction,
"Apple Ultrabook 12.0"" Intel Core M m3 1.2GHz 8GB 256GB SSD (Intel HD Graphics 615)",67260.67,,Apple,8,256,SSD,Intel Core M m3 1.2GHz,7,Intel HD Graphics 615,2,12.0,,,,Kaggle,14,https://www.kaggle.com/datasets/eslamelsolya/laptop-price-prediction,
"Apple Ultrabook 13.3"" Intel Core i5 2.3GHz 8GB 256GB SSD (Intel Iris Plus Graphics 640)",80908.34,,Apple,8,256,SSD,Intel Core i5 2.3GHz,5,Intel Iris Plus Graphics 640,3,13.3,,,,Kaggle,15,https://www.kaggle.com/datasets/eslamelsolya/laptop-price-prediction,
"Dell Notebook 15.6"" Intel Core i7 7500U 2.7GHz 8GB 256GB SSD (AMD Radeon R5 M430)",39693.6,,Dell,8,256,SSD,Intel Core i7 7500U 2.7GHz,7,AMD Radeon R5 M430,2,15.6,,,,Kaggle,16,https://www.kaggle.com/datasets/eslamelsolya/laptop-price-prediction,
"Apple Ultrabook 15.4"" Intel Core i7 2.9GHz 16GB 512GB SSD (AMD Radeon Pro 560)",152274.24,,Apple,16,512,SSD,Intel Core i7 2.9GHz,7,AMD Radeon Pro 560,5,15.4,,,,Kaggle,17,https://www.kaggle.com/datasets/eslamelsolya/laptop-price-prediction,
"Lenovo Notebook 15.6"" Intel Core i3 7100U 2.4GHz 8GB 1TB HDD (Nvidia GeForce 940MX)",26586.72,,Lenovo,8,1024,HDD,Intel Core i3 7100U 2.4GHz,3,Nvidia GeForce 940MX,1,15.6,,,,Kaggle,18,https://www.kaggle.com/datasets/eslamelsolya/laptop-price-prediction,
"Dell Ultrabook 13.3"" Intel Core i5 8250U 1.6GHz 8GB 128GB SSD (Intel UHD Graphics 620)",52161.12,,Dell,8,128,SSD,Intel Core i5 8250U 1.6GHz,5,Intel UHD Graphics 620,2,13.3,,,,Kaggle,19,https://www.kaggle.com/datasets/eslamelsolya/laptop-price-prediction,
"Asus Netbook 11.6"" Intel Atom x5-Z8350 1.44GHz 2GB 32GB Flash Storage (Intel HD Graphics 400)",10224.43,,Asus,2,32,FLASH,Intel Atom x5-Z8350 1.44GHz,1,Intel HD Graphics 400,2,11.6,,,,Kaggle,20,https://www.kaggle.com/datasets/eslamelsolya/laptop-price-prediction,
"Lenovo Gaming 15.6"" Intel Core i5 7300HQ 2.5GHz 8GB 128GB SSD + 1TB HDD (Nvidia GeForce GTX 1050)",53226.72,,Lenovo,8,128,SSD,Intel Core i5 7300HQ 2.5GHz,5,Nvidia GeForce GTX 1050,4,15.6,,,,Kaggle,21,https://www.kaggle.com/datasets/eslamelsolya/laptop-price-prediction,
"HP Notebook 15.6"" AMD E-Series E2-9000e 1.5GHz 4GB 500GB HDD (AMD Radeon R2)",13746.24,,HP,4,500,HDD,AMD E-Series E2-9000e 1.5GHz,1,AMD Radeon R2,2,15.6,,,,Kaggle,22,https://www.kaggle.com/datasets/eslamelsolya/laptop-price-prediction,
"Dell 2 in 1 Convertible 13.3"" Intel Core i5 8250U 1.6GHz 8GB 256GB SSD (Intel UHD Graphics 620)",43636.32,,Dell,8,256,SSD,Intel Core i5 8250U 1.6GHz,5,Intel UHD Graphics 620,2,13.3,,,,Kaggle,23,https://www.kaggle.com/datasets/eslamelsolya/laptop-price-prediction,
"HP Ultrabook 15.6"" Intel Core i7 8550U 1.8GHz 8GB 256GB SSD (Intel HD Graphics 620)",35111.52,,HP,8,256,SSD,Intel Core i7 8550U 1.8GHz,7,Intel HD Graphics 620,2,15.6,,,,Kaggle,24,https://www.kaggle.com/datasets/eslamelsolya/laptop-price-prediction,
"Dell Notebook 15.6"" Intel Core i3 6006U 2GHz 4GB 1TB HDD (Intel HD Graphics 520)",22305.14,,Dell,4,1024,HDD,Intel Core i3 6006U 2GHz,3,Intel HD Graphics 520,2,15.6,,,,Kaggle,25,https://www.kaggle.com/datasets/eslamelsolya/laptop-price-prediction,
"Apple Ultrabook 13.3"" Intel Core i5 1.6GHz 8GB 128GB Flash Storage (Intel HD Graphics 6000)",58554.72,,Apple,8,128,FLASH,Intel Core i5 1.6GHz,5,Intel HD Graphics 6000,2,13.3,,,,Kaggle,26,https://www.kaggle.com/datasets/eslamelsolya/laptop-price-prediction,
"Dell Notebook 15.6"" Intel Core i5 8250U 1.6GHz 8GB 256GB SSD (AMD Radeon 530)",42624.0,,Dell,8,256,SSD,Intel Core i5 8250U 1.6GHz,5,AMD Radeon 530,2,15.6,,,,Kaggle,27,https://www.kaggle.com/datasets/eslamelsolya/laptop-price-prediction,
"Dell Ultrabook 15.6"" Intel Core i7 8650U 1.9GHz 8GB 256GB SSD + 256GB SSD (Intel UHD Graphics 620)",69157.44,,Dell,8,256,SSD,Intel Core i7 8650U 1.9GHz,7,Intel UHD Graphics 620,2,15.6,,,,Kaggle,28,https://www.kaggle.com/datasets/eslamelsolya/laptop-price-prediction,
"HP Notebook 17.3"" Intel Core i5 8250U 1.6GHz 8GB 1TB HDD (Nvidia GeForce 930MX)",47738.88,,HP,8,1024,HDD,Intel Core i5 8250U 1.6GHz,5,Nvidia GeForce 930MX,1,17.3,,,,Kaggle,29,https://www.kaggle.com/datasets/eslamelsolya/laptop-price-prediction,
"Chuwi Notebook 15.6"" Intel Atom x5-Z8300 1.44GHz 4GB 64GB Flash Storage (Intel HD Graphics)",13053.07,,Chuwi,4,64,FLASH,Intel Atom x5-Z8300 1.44GHz,1,Intel HD Graphics,2,15.6,,,,Kaggle,30,https://www.kaggle.com/datasets/eslamelsolya/laptop-price-prediction,
"Asus Notebook 14.0"" AMD E-Series E2-6110 1.5GHz 2GB 32GB Flash Storage (AMD Radeon R2)",10602.72,,Asus,2,32,FLASH,AMD E-Series E2-6110 1.5GHz,1,AMD Radeon R2,2,14.0,,,,Kaggle,31,https://www.kaggle.com/datasets/eslamelsolya/laptop-price-prediction,
"HP Notebook 17.3"" AMD A6-Series 9220 2.5GHz 4GB 500GB HDD (AMD Radeon 530)",23389.92,,HP,4,500,HDD,AMD A6-Series 9220 2.5GHz,4,AMD Radeon 530,2,17.3,,,,Kaggle,32,https://www.kaggle.com/datasets/eslamelsolya/laptop-price-prediction,
"Dell Ultrabook 13.3"" Intel Core i7 8550U 1.8GHz 16GB 512GB SSD (Intel UHD Graphics 620)",99580.32,,Dell,16,512,SSD,Intel Core i7 8550U 1.8GHz,7,Intel UHD Graphics 620,2,13.3,,,,Kaggle,33,https://www.kaggle.com/datasets/eslamelsolya/laptop-price-prediction,
"Apple Ultrabook 13.3"" Intel Core i5 1.6GHz 8GB 256GB Flash Storage (Intel HD Graphics 6000)",53173.44,,Apple,8,256,FLASH,Intel Core i5 1.6GHz,5,Intel HD Graphics 6000,2,13.3,,,,Kaggle,34,https://www.kaggle.com/datasets/eslamelsolya/laptop-price-prediction,
"Lenovo Notebook 14.0"" Intel Celeron Dual Core N3350 1.1GHz 4GB 64GB Flash Storage (Intel HD Graphics 500)",13266.72,,Lenovo,4,64,FLASH,Intel Celeron Dual Core N3350 1.1GHz,1,Intel HD Graphics 500,2,14.0,,,,Kaggle,35,https://www.kaggle.com/datasets/eslamelsolya/laptop-price-prediction,
"Acer Notebook 15.6"" Intel Core i3 7130U 2.7GHz 4GB 1TB HDD (Intel HD Graphics 620)",19553.76,,Acer,4,1024,HDD,Intel Core i3 7130U 2.7GHz,3,Intel HD Graphics 620,2,15.6,,,,Kaggle,36,https://www.kaggle.com/datasets/eslamelsolya/laptop-price-prediction,
"Dell Notebook 17.3"" Intel Core i5 8250U 1.6GHz 8GB 128GB SSD + 1TB HDD (AMD Radeon 530)",52161.12,,Dell,8,128,SSD,Intel Core i5 8250U 1.6GHz,5,AMD Radeon 530,2,17.3,,,,Kaggle,37,https://www.kaggle.com/datasets/eslamelsolya/laptop-price-prediction,
"HP Notebook 15.6"" Intel Core i5 7200U 2.5GHz 4GB 1TB HDD (Intel HD Graphics 620)",26037.4,,HP,4,1024,HDD,Intel Core i5 7200U 2.5GHz,5,Intel HD Graphics 620,2,15.6,,,,Kaggle,38,https://www.kaggle.com/datasets/eslamelsolya/laptop-price-prediction,
"HP Notebook 15.6"" Intel Core i5 8250U 1.6GHz 8GB 256GB SSD (Nvidia GeForce 930MX)",46833.12,,HP,8,256,SSD,Intel Core i5 8250U 1.6GHz,5,Nvidia GeForce 930MX,1,15.6,,,,Kaggle,39,https://www.kaggle.com/datasets/eslamelsolya/laptop-price-prediction,
"Asus Notebook 15.6"" Intel Core i3 6006U 2GHz 4GB 1TB HDD (Intel HD Graphics 620)",20725.92,,Asus,4,1024,HDD,Intel Core i3 6006U 2GHz,3,Intel HD Graphics 620,2,15.6,,,,Kaggle,40,https://www.kaggle.com/datasets/eslamelsolya/laptop-price-prediction,
"Dell Gaming 15.6"" Intel Core i7 7700HQ 2.8GHz 16GB 256GB SSD + 1TB HDD (Nvidia GeForce GTX 1060)",79866.72,,Dell,16,256,SSD,Intel Core i7 7700HQ 2.8GHz,7,Nvidia GeForce GTX 1060,1,15.6,,,,Kaggle,41,https://www.kaggle.com/datasets/eslamelsolya/laptop-price-prediction,
"Asus Notebook 15.6"" Intel Core i5 7200U 2.5GHz 8GB 1TB HDD (Nvidia GeForce 940MX)",27864.91,,Asus,8,1024,HDD,Intel Core i5 7200U 2.5GHz,5,Nvidia GeForce 940MX,1,15.6,,,,Kaggle,42,https://www.kaggle.com/datasets/eslamelsolya/laptop-price-prediction,
"Acer Notebook 15.6"" Intel Core i5 8250U 1.6GHz 4GB 256GB SSD (Intel UHD Graphics 620)",36336.96,,Acer,4,256,SSD,Intel Core i5 8250U 1.6GHz,5,Intel UHD Graphics 620,2,15.6,,,,Kaggle,43,https://www.kaggle.com/datasets/eslamelsolya/laptop-price-prediction,
"Dell 2 in 1 Convertible 17.3"" Intel Core i5 8250U 1.6GHz 12GB 1TB HDD (Nvidia GeForce 150MX)",53226.72,,Dell,12,1024,HDD,Intel Core i5 8250U 1.6GHz,5,Nvidia GeForce 150MX,1,17.3,,,,Kaggle,44,https://www.kaggle.com/datasets/eslamelsolya/laptop-price-prediction,
"Apple Ultrabook 13.3"" Intel Core i5 2.0GHz 8GB 256GB SSD (Intel Iris Graphics 540)",75604.32,,Apple,8,256,SSD,Intel Core i5 2.0GHz,5,Intel Iris Graphics 540,3,13.3,,,,Kaggle,45,https://www.kaggle.com/datasets/eslamelsolya/laptop-price-prediction,
"Lenovo Notebook 15.6"" Intel Core i3 6006U 2GHz 4GB 128GB SSD (Intel HD Graphics 520)",19660.32,,Lenovo,4,128,SSD,Intel Core i3 6006U 2GHz,3,Intel HD Graphics 520,2,15.6,,,,Kaggle,46,https://www.kaggle.com/datasets/eslamelsolya/laptop-price-prediction,
"Asus Gaming 17.3"" AMD Ryzen 1700 3GHz 8GB 256GB SSD + 1TB HDD (AMD Radeon RX 580)",69210.72,,Asus,8,256,SSD,AMD Ryzen 1700 3GHz,4,AMD Radeon RX 580,2,17.3,,,,Kaggle,47,https://www.kaggle.com/datasets/eslamelsolya/laptop-price-prediction,
"Dell Notebook 15.6"" Intel Core i5 7200U 2.5GHz 4GB 256GB SSD (AMD Radeon R5 M430)",34045.92,,Dell,4,256,SSD,Intel Core i5 7200U 2.5GHz,5,AMD Radeon R5 M430,2,15.6,,,,Kaggle,48,https://www.kaggle.com/datasets/eslamelsolya/laptop-price-prediction,
"Asus Notebook 17.3"" Intel Pentium Quad Core N4200 1.1GHz 4GB 1TB HDD (Nvidia GeForce 920MX)",24828.48,,Asus,4,1024,HDD,Intel Pentium Quad Core N4200 1.1GHz,2,Nvidia GeForce 920MX,1,17.3,,,,Kaggle,49,https://www.kaggle.com/datasets/eslamelsolya/laptop-price-prediction,
"Lenovo 2 in 1 Convertible 10.1"" Intel Atom x5-Z8550 1.44GHz 4GB 64GB Flash Storage (Intel HD Graphics 400)",16996.32,,Lenovo,4,64,FLASH,Intel Atom x5-Z8550 1.44GHz,1,Intel HD Graphics 400,2,10.1,,,,Kaggle,50,https://www.kaggle.com/datasets/eslamelsolya/laptop-price-prediction,
"Acer Notebook 15.6"" Intel Core i7 8550U 1.8GHz 8GB 256GB SSD (Nvidia GeForce MX150)",44808.48,,Acer,8,256,SSD,Intel Core i7 8550U 1.8GHz,7,Nvidia GeForce MX150,1,15.6,,,,Kaggle,51,https://www.kaggle.com/datasets/eslamelsolya/laptop-price-prediction,
"HP Notebook 15.6"" AMD A6-Series 9220 2.5GHz 4GB 256GB SSD (AMD Radeon R4 Graphics)",21231.55,,HP,4,256,SSD,AMD A6-Series 9220 2.5GHz,4,AMD Radeon R4 Graphics,2,15.6,,,,Kaggle,52,https://www.kaggle.com/datasets/eslamelsolya/laptop-price-prediction,
"HP Notebook 13.3"" Intel Core i7 8550U 1.8GHz 8GB 512GB SSD (Intel UHD Graphics 620)",58767.84,,HP,8,512,SSD,Intel Core i7 8550U 1.8GHz,7,Intel UHD Graphics 620,2,13.3,,,,Kaggle,53,https://www.kaggle.com/datasets/eslamelsolya/laptop-price-prediction,
"Acer Notebook 15.6"" Intel Core i3 7100U 2.4GHz 4GB 1TB HDD (Intel HD Graphics 620)",20459.52,,Acer,4,1024,HDD,Intel Core i3 7100U 2.4GHz,3,Intel HD Graphics 620,2,15.6,,,,Kaggle,54,https://www.kaggle.com/datasets/eslamelsolya/laptop-price-prediction,
"Dell Notebook 15.6"" Intel Core i7 8550U 1.8GHz 8GB 256GB SSD (AMD Radeon 520)",40908.38,,Dell,8,256,SSD,Intel Core i7 8550U 1.8GHz,7,AMD Radeon 520,2,15.6,,,,Kaggle,55,https://www.kaggle.com/datasets/eslamelsolya/laptop-price-prediction,
"HP Notebook 15.6"" Intel Core i3 6006U 2GHz 4GB 128GB SSD (Intel HD Graphics 520)",23389.92,,HP,4,128,SSD,Intel Core i3 6006U 2GHz,3,Intel HD Graphics 520,2,15.6,,,,Kaggle,56,https://www.kaggle.com/datasets/eslamelsolya/laptop-price-prediction,
"Asus Notebook 15.6"" Intel Core i5 7200U 2.5GHz 4GB 256GB SSD (Intel HD Graphics 620)",31232.2,,Asus,4,256,SSD,Intel Core i5 7200U 2.5GHz,5,Intel HD Graphics 620,2,15.6,,,,Kaggle,57,https://www.kaggle.com/datasets/eslamelsolya/laptop-price-prediction,
"MSI Gaming 17.3"" Intel Core i7 7700HQ 2.8GHz 16GB 256GB SSD + 2TB HDD (Nvidia GeForce GTX 1070)",130482.72,,MSI,16,256,SSD,Intel Core i7 7700HQ 2.8GHz,7,Nvidia GeForce GTX 1070,6,17.3,,,,Kaggle,58,https://www.kaggle.com/datasets/eslamelsolya/laptop-price-prediction,
"Asus Notebook 15.6"" Intel Core i3 6006U 2GHz 4GB 256GB SSD (Intel HD Graphics 520)",22111.2,,Asus,4,256,SSD,Intel Core i3 6006U 2GHz,3,Intel HD Graphics 520,2,15.6,,,,Kaggle,59,https://www.kaggle.com/datasets/eslamelsolya/laptop-price-prediction,
"Dell Notebook 17.3"" Intel Core i7 8550U 1.8GHz 16GB 256GB SSD + 2TB HDD (AMD Radeon 530)",69210.72,,Dell,16,256,SSD,Intel Core i7 8550U 1.8GHz,7,AMD Radeon 530,2,17.3,,,,Kaggle,60,https://www.kaggle.com/datasets/eslamelsolya/laptop-price-prediction,
"Dell Ultrabook 14.0"" Intel Core i5 8250U 1.6GHz 8GB 256GB SSD (Intel UHD Graphics 620)",46833.12,,Dell,8,256,SSD,Intel Core i5 8250U 1.6GHz,5,Intel UHD Graphics 620,2,14.0,,,,Kaggle,61,https://www.kaggle.com/datasets/eslamelsolya/laptop-price-prediction,
"Lenovo Notebook 14.0"" Intel Core i3 7130U 2.7GHz 8GB 256GB SSD (Intel HD Graphics 620)",31914.72,,Lenovo,8,256,SSD,Intel Core i3 7130U 2.7GHz,3,Intel HD Graphics 620,2,14.0,,,,Kaggle,62,https://www.kaggle.com/datasets/eslamelsolya/laptop-price-prediction,
"Asus Notebook 14.0"" Intel Core i5 8250U 1.6GHz 8GB 256GB SSD (Intel UHD Graphics 620)",50136.48,,Asus,8,256,SSD,Intel Core i5 8250U 1.6GHz,5,Intel UHD Graphics 620,2,14.0,,,,Kaggle,63,https://www.kaggle.com/datasets/eslamelsolya/laptop-price-prediction,
"HP Notebook 15.6"" Intel Core i5 7200U 2.5GHz 8GB 256GB SSD (Intel HD Graphics 620)",36763.2,,HP,8,256,SSD,Intel Core i5 7200U 2.5GHz,5,Intel HD Graphics 620,2,15.6,,,,Kaggle,64,https://www.kaggle.com/datasets/eslamelsolya/laptop-price-prediction,
"Asus Ultrabook 15.6"" Intel Core i7 7700HQ 2.8GHz 16GB 512GB SSD (Nvidia GeForce GTX 1050 Ti)",105654.24,,Asus,16,512,SSD,Intel Core i7 7700HQ 2.8GHz,7,Nvidia GeForce GTX 1050 Ti,4,15.6,,,,Kaggle,65,https://www.kaggle.com/datasets/eslamelsolya/laptop-price-prediction,
"HP Notebook 15.6"" Intel Core i3 6006U 2GHz 4GB 500GB HDD (AMD Radeon 520)",23373.4,,HP,4,500,HDD,Intel Core i3 6006U 2GHz,3,AMD Radeon 520,2,15.6,,,,Kaggle,66,https://www.kaggle.com/datasets/eslamelsolya/laptop-price-prediction,
"HP Notebook 14.0"" Intel Celeron Dual Core N3060 1.6GHz 4GB 32GB SSD (Intel HD Graphics 400)",12201.12,,HP,4,32,SSD,Intel Celeron Dual Core N3060 1.6GHz,1,Intel HD Graphics 400,2,14.0,,,,Kaggle,67,https://www.kaggle.com/datasets/eslamelsolya/laptop-price-prediction,
"Lenovo Notebook 15.6"" Intel Core i5 7200U 2.5GHz 4GB 1TB HDD (Intel HD Graphics 620)",29250.72,,Lenovo,4,1024,HDD,Intel Core i5 7200U 2.5GHz,5,Intel HD Graphics 620,2,15.6,,,,Kaggle,68,https://www.kaggle.com/datasets/eslamelsolya/laptop-price-prediction,
"Asus Gaming 17.3"" Intel Core i7 7700HQ 2.8GHz 12GB 1TB HDD (Nvidia GeForce GTX 1050 Ti)",50562.72,,Asus,12,1024,HDD,Intel Core i7 7700HQ 2.8GHz,7,Nvidia GeForce GTX 1050 Ti,4,17.3,,,,Kaggle,69,https://www.kaggle.com/datasets/eslamelsolya/laptop-price-prediction,
"Microsoft Ultrabook 13.5"" Intel Core i5 7200U 2.5GHz 4GB 128GB SSD (Intel HD Graphics 620)",58021.92,,Microsoft,4,128,SSD,Intel Core i5 7200U 2.5GHz,5,Intel HD Graphics 620,2,13.5,,,,Kaggle,70,https://www.kaggle.com/datasets/eslamelsolya/laptop-price-prediction,
"Dell Ultrabook 13.3"" Intel Core i7 8550U 1.8GHz 8GB 256GB SSD (AMD Radeon 530)",50882.4,,Dell,8,256,SSD,Intel Core i7 8550U 1.8GHz,7,AMD Radeon 530,2,13.3,,,,Kaggle,71,https://www.kaggle.com/datasets/eslamelsolya/laptop-price-prediction,
"Dell Notebook 15.6"" Intel Core i7 8550U 1.8GHz 8GB 256GB SSD (AMD Radeon 530)",46353.6,,Dell,8,256,SSD,Intel Core i7 8550U 1.8GHz,7,AMD Radeon 530,2,15.6,,,,Kaggle,72,https://www.kaggle.com/datasets/eslamelsolya/laptop-price-prediction,
"MSI Gaming 17.3"" Intel Core i5 7300HQ 2.5GHz 8GB 128GB SSD + 1TB HDD (Nvidia GeForce GTX 1050)",58341.6,,MSI,8,128,SSD,Intel Core i5 7300HQ 2.5GHz,5,Nvidia GeForce GTX 1050,4,17.3,,,,Kaggle,73,https://www.kaggle.com/datasets/eslamelsolya/laptop-price-prediction,
"Acer Notebook 14.0"" Intel Core i3 6006U 2GHz 8GB 1TB HDD (Intel HD Graphics 520)",20725.92,,Acer,8,1024,HDD,Intel Core i3 6006U 2GHz,3,Intel HD Graphics 520,2,14.0,,,,Kaggle,74,https://www.kaggle.com/datasets/eslamelsolya/laptop-price-prediction,
"Asus Gaming 15.6"" Intel Core i7 7700HQ 2.8GHz 8GB 1TB HDD (Nvidia GeForce GTX 1050)",50562.72,,Asus,8,1024,HDD,Intel Core i7 7700HQ 2.8GHz,7,Nvidia GeForce GTX 1050,4,15.6,,,,Kaggle,75,https://www.kaggle.com/datasets/eslamelsolya/laptop-price-prediction,
"Lenovo Notebook 15.6"" Intel Core i5 7200U 2.5GHz 8GB 2TB HDD (Intel HD Graphics 620)",27652.32,,Lenovo,8,2048,HDD,Intel Core i5 7200U 2.5GHz,5,Intel HD Graphics 620,2,15.6,,,,Kaggle,76,https://www.kaggle.com/datasets/eslamelsolya/laptop-price-prediction,
"Dell Notebook 15.6"" Intel Core i7 8550U 1.8GHz 8GB 128GB SSD + 1TB HDD (Intel UHD Graphics 620)",45554.4,,Dell,8,128,SSD,Intel Core i7 8550U 1.8GHz,7,Intel UHD Graphics 620,2,15.6,,,,Kaggle,77,https://www.kaggle.com/datasets/eslamelsolya/laptop-price-prediction,
"Acer Notebook 15.6"" Intel Core i3 7130U 2.7GHz 4GB 1TB HDD (Nvidia GeForce MX130)",28238.4,,Acer,4,1024,HDD,Intel Core i3 7130U 2.7GHz,3,Nvidia GeForce MX130,1,15.6,,,,Kaggle,78,https://www.kaggle.com/datasets/eslamelsolya/laptop-price-prediction,
"HP Notebook 17.3"" Intel Core i5 8250U 1.6GHz 8GB 128GB SSD + 1TB HDD (Nvidia GeForce 930MX)",52054.56,,HP,8,128,SSD,Intel Core i5 8250U 1.6GHz,5,Nvidia GeForce 930MX,1,17.3,,,,Kaggle,79,https://www.kaggle.com/datasets/eslamelsolya/laptop-price-prediction,
"Dell Ultrabook 15.6"" Intel Core i5 8250U 1.6GHz 8GB 256GB SSD (Intel UHD Graphics 620)",58403.4,,Dell,8,256,SSD,Intel Core i5 8250U 1.6GHz,5,Intel UHD Graphics 620,2,15.6,,,,Kaggle,80,https://www.kaggle.com/datasets/eslamelsolya/laptop-price-prediction,
"Apple Ultrabook 12.0"" Intel Core i5 1.3GHz 8GB 512GB SSD (Intel HD Graphics 615)",80452.8,,Apple,8,512,SSD,Intel Core i5 1.3GHz,5,Intel HD Graphics 615,2,12.0,,,,Kaggle,81,https://www.kaggle.com/datasets/eslamelsolya/laptop-price-prediction,
"HP Notebook 14.0"" Intel Core i5 8250U 1.6GHz 8GB 256GB SSD (Intel HD Graphics 620)",45820.8,,HP,8,256,SSD,Intel Core i5 8250U 1.6GHz,5,Intel HD Graphics 620,2,14.0,,,,Kaggle,82,https://www.kaggle.com/datasets/eslamelsolya/laptop-price-prediction,
"Lenovo Notebook 15.6"" AMD A6-Series 9220 2.5GHz 4GB 128GB SSD (AMD R4 Graphics)",21258.72,,Lenovo,4,128,SSD,AMD A6-Series 9220 2.5GHz,4,AMD R4 Graphics,2,15.6,,,,Kaggle,83,https://www.kaggle.com/datasets/eslamelsolya/laptop-price-prediction,
"Acer Notebook 15.6"" AMD A9-Series 9420 3GHz 4GB 1TB HDD (AMD Radeon R5)",21045.6,,Acer,4,1024,HDD,AMD A9-Series 9420 3GHz,2,AMD Radeon R5,2,15.6,,,,Kaggle,84,https://www.kaggle.com/datasets/eslamelsolya/laptop-price-prediction,
"Dell Gaming 15.6"" Intel Core i7 7700HQ 2.8GHz 16GB 128GB SSD + 1TB HDD (Nvidia GeForce GTX 1050 Ti)",71874.72,,Dell,16,128,SSD,Intel Core i7 7700HQ 2.8GHz,7,Nvidia GeForce GTX 1050 Ti,4,15.6,,,,Kaggle,85,https://www.kaggle.com/datasets/eslamelsolya/laptop-price-prediction,
"HP Ultrabook 15.6"" Intel Core i7 8550U 1.8GHz 8GB 256GB SSD (Nvidia GeForce GTX 940MX)",37242.72,,HP,8,256,SSD,Intel Core i7 8550U 1.8GHz,7,Nvidia GeForce GTX 940MX,1,15.6,,,,Kaggle,86,https://www.kaggle.com/datasets/eslamelsolya/laptop-price-prediction,
"HP Notebook 15.6"" Intel Core i5 7200U 2.5GHz 8GB 256GB SSD (Intel HD Graphics 620)",31914.19,,HP,8,256,SSD,Intel Core i5 7200U 2.5GHz,5,Intel HD Graphics 620,2,15.6,,,,Kaggle,87,https://www.kaggle.com/datasets/eslamelsolya/laptop-price-prediction,
"Asus Gaming 15.6"" Intel Core i7 7700HQ 2.8GHz 16GB 128GB SSD + 1TB HDD (Nvidia GeForce GTX 1060)",77202.72,,Asus,16,128,SSD,Intel Core i7 7700HQ 2.8GHz,7,Nvidia GeForce GTX 1060,1,15.6,,,,Kaggle,88,https://www.kaggle.com/datasets/eslamelsolya/laptop-price-prediction,
"Dell Ultrabook 13.3"" Intel Core i7 8550U 1.8GHz 8GB 256GB SSD (Intel UHD Graphics 620)",87858.72,,Dell,8,256,SSD,Intel Core i7 8550U 1.8GHz,7,Intel UHD Graphics 620,2,13.3,,,,Kaggle,89,https://www.kaggle.com/datasets/eslamelsolya/laptop-price-prediction,
"Asus Gaming 15.6"" AMD FX 9830P 3GHz 8GB 1TB HDD (AMD Radeon RX 560)",37242.72,,Asus,8,1024,HDD,AMD FX 9830P 3GHz,4,AMD Radeon RX 560,2,15.6,,,,Kaggle,90,https://www.kaggle.com/datasets/eslamelsolya/laptop-price-prediction,
"Acer Notebook 15.6"" Intel Core i7 8550U 1.8GHz 8GB 1TB HDD (Nvidia GeForce MX150)",36709.92,,Acer,8,1024,HDD,Intel Core i7 8550U 1.8GHz,7,Nvidia GeForce MX150,1,15.6,,,,Kaggle,91,https://www.kaggle.com/datasets/eslamelsolya/laptop-price-prediction,
"HP Notebook 13.3"" Intel Core i7 8550U 1.8GHz 16GB 512GB SSD (Intel UHD Graphics 620)",63776.16,,HP,16,512,SSD,Intel Core i7 8550U 1.8GHz,7,Intel UHD Graphics 620,2,13.3,,,,Kaggle,92,https://www.kaggle.com/datasets/eslamelsolya/laptop-price-prediction,
"Dell Gaming 15.6"" Intel Core i5 7300HQ 2.5GHz 8GB 256GB SSD (Nvidia GeForce GTX 1060)",63669.6,,Dell,8,256,SSD,Intel Core i5 7300HQ 2.5GHz,5,Nvidia GeForce GTX 1060,1,15.6,,,,Kaggle,93,https://www.kaggle.com/datasets/eslamelsolya/laptop-price-prediction,
"Asus Ultrabook 14.0"" Intel Core i7 7500U 2.7GHz 8GB 256GB SSD (Intel HD Graphics 620)",55890.72,,Asus,8,256,SSD,Intel Core i7 7500U 2.7GHz,7,Intel HD Graphics 620,2,14.0,,,,Kaggle,94,https://www.kaggle.com/datasets/eslamelsolya/laptop-price-prediction,
"Acer 2 in 1 Convertible 13.3"" Intel Core i5 8250U 1.6GHz 8GB 256GB SSD (Intel UHD Graphics 620)",45128.16,,Acer,8,256,SSD,Intel Core i5 8250U 1.6GHz,5,Intel UHD Graphics 620,2,13.3,,,,Kaggle,95,https://www.kaggle.com/datasets/eslamelsolya/laptop-price-prediction,
"Dell Notebook 15.6"" Intel Core i7 7500U 2.7GHz 8GB 1TB HDD (AMD Radeon R5 M430)",31962.67,,Dell,8,1024,HDD,Intel Core i7 7500U 2.7GHz,7,AMD Radeon R5 M430,2,15.6,,,,Kaggle,96,https://www.kaggle.com/datasets/eslamelsolya/laptop-price-prediction,
"Dell Notebook 15.6"" Intel Core i3 6006U 2GHz 4GB 256GB SSD (AMD Radeon R5 M430)",25840.8,,Dell,4,256,SSD,Intel Core i3 6006U 2GHz,3,AMD Radeon R5 M430,2,15.6,,,,Kaggle,97,https://www.kaggle.com/datasets/eslamelsolya/laptop-price-prediction,
"Asus Notebook 15.6"" Intel Core i3 7100U 2.4GHz 6GB 256GB SSD (Nvidia GeForce 920M)",30742.56,,Asus,6,256,SSD,Intel Core i3 7100U 2.4GHz,3,Nvidia GeForce 920M,1,15.6,,,,Kaggle,98,https://www.kaggle.com/datasets/eslamelsolya/laptop-price-prediction,
"HP Gaming 15.6"" Intel Core i7 7700HQ 2.8GHz 12GB 128GB SSD + 1TB HDD (Nvidia GeForce GTX 1050)",66546.72,,HP,12,128,SSD,Intel Core i7 7700HQ 2.8GHz,7,Nvidia GeForce GTX 1050,4,15.6,,,,Kaggle,99,https://www.kaggle.com/datasets/eslamelsolya/laptop-price-prediction,
"HP Notebook 15.6"" Intel Core i7 7500U 2.7GHz 8GB 256GB SSD (AMD Radeon 530)",38308.32,,HP,8,256,SSD,Intel Core i7 7500U 2.7GHz,7,AMD Radeon 530,2,15.6,,,,Kaggle,100,https://www.kaggle.com/datasets/eslamelsolya/laptop-price-prediction,
"HP Notebook 15.6"" AMD E-Series E2-9000e 1.5GHz 4GB 500GB HDD (AMD Radeon R2)",18594.72,,HP,4,500,HDD,AMD E-Series E2-9000e 1.5GHz,1,AMD Radeon R2,2,15.6,,,,Kaggle,101,https://www.kaggle.com/datasets/eslamelsolya/laptop-price-prediction,
"Dell Notebook 15.6"" Intel Core i5 8250U 1.6GHz 8GB 1TB HDD (AMD Radeon 520)",34472.16,,Dell,8,1024,HDD,Intel Core i5 8250U 1.6GHz,5,AMD Radeon 520,2,15.6,,,,Kaggle,102,https://www.kaggle.com/datasets/eslamelsolya/laptop-price-prediction,
"HP Ultrabook 13.3"" Intel Core i7 7500U 2.7GHz 8GB 256GB SSD (Nvidia GeForce MX150)",59620.32,,HP,8,256,SSD,Intel Core i7 7500U 2.7GHz,7,Nvidia GeForce MX150,1,13.3,,,,Kaggle,103,https://www.kaggle.com/datasets/eslamelsolya/laptop-price-prediction,
"Microsoft Ultrabook 13.5"" Intel Core i5 7200U 2.5GHz 8GB 256GB SSD (Intel HD Graphics 620)",71395.2,,Microsoft,8,256,SSD,Intel Core i5 7200U 2.5GHz,5,Intel HD Graphics 620,2,13.5,,,,Kaggle,104,https://www.kaggle.com/datasets/eslamelsolya/laptop-price-prediction,
"HP Notebook 14.0"" Intel Core i5 7200U 2.5GHz 6GB 256GB SSD (Nvidia GeForce 940MX)",35111.52,,HP,6,256,SSD,Intel Core i5 7200U 2.5GHz,5,Nvidia GeForce 940MX,1,14.0,,,,Kaggle,105,https://www.kaggle.com/datasets/eslamelsolya/laptop-price-prediction,
"Lenovo Notebook 15.6"" Intel Core i3 6006U 2GHz 4GB 1TB HDD (Intel HD Graphics 520)",22105.87,,Lenovo,4,1024,HDD,Intel Core i3 6006U 2GHz,3,Intel HD Graphics 520,2,15.6,,,,Kaggle,106,https://www.kaggle.com/datasets/eslamelsolya/laptop-price-prediction,
"Asus Ultrabook 14.0"" Intel Core i7 7500U 2.7GHz 8GB 256GB SSD (Nvidia GeForce 940MX)",63563.04,,Asus,8,256,SSD,Intel Core i7 7500U 2.7GHz,7,Nvidia GeForce 940MX,1,14.0,,,,Kaggle,107,https://www.kaggle.com/datasets/eslamelsolya/laptop-price-prediction,
"MSI Gaming 15.6"" Intel Core i7 7700HQ 2.8GHz 16GB 256GB SSD + 1TB HDD (Nvidia GeForce GTX 1050 Ti)",69210.72,,MSI,16,256,SSD,Intel Core i7 7700HQ 2.8GHz,7,Nvidia GeForce GTX 1050 Ti,4,15.6,,,,Kaggle,108,https://www.kaggle.com/datasets/eslamelsolya/laptop-price-prediction,
"Lenovo Notebook 14.0"" Intel Core i7 7500U 2.7GHz 8GB 256GB SSD (Intel HD Graphics 620)",78854.4,,Lenovo,8,256,SSD,Intel Core i7 7500U 2.7GHz,7,Intel HD Graphics 620,2,14.0,,,,Kaggle,109,https://www.kaggle.com/datasets/eslamelsolya/laptop-price-prediction,
"Asus Ultrabook 15.6"" Intel Core i7 8550U 1.8GHz 16GB 256GB SSD + 1TB HDD (Nvidia GeForce MX150)",67239.36,,Asus,16,256,SSD,Intel Core i7 8550U 1.8GHz,7,Nvidia GeForce MX150,1,15.6,,,,Kaggle,110,https://www.kaggle.com/datasets/eslamelsolya/laptop-price-prediction,
"Dell Ultrabook 13.3"" Intel Core i7 7560U 2.4GHz 8GB 256GB SSD (Intel Iris Plus Graphics 640)",73473.12,,Dell,8,256,SSD,Intel Core i7 7560U 2.4GHz,7,Intel Iris Plus Graphics 640,3,13.3,,,,Kaggle,111,https://www.kaggle.com/datasets/eslamelsolya/laptop-price-prediction,
"Lenovo 2 in 1 Convertible 13.3"" Intel Core i5 7200U 2.5GHz 8GB 256GB SSD (Intel HD Graphics 620)",74538.72,,Lenovo,8,256,SSD,Intel Core i5 7200U 2.5GHz,5,Intel HD Graphics 620,2,13.3,,,,Kaggle,112,https://www.kaggle.com/datasets/eslamelsolya/laptop-price-prediction,
"HP Notebook 14.0"" Intel Core i5 8250U 1.6GHz 4GB 500GB HDD (Intel UHD Graphics 620)",38468.16,,HP,4,500,HDD,Intel Core i5 8250U 1.6GHz,5,Intel UHD Graphics 620,2,14.0,,,,Kaggle,113,https://www.kaggle.com/datasets/eslamelsolya/laptop-price-prediction,
"Dell Ultrabook 13.3"" Intel Core i5 8250U 1.6GHz 8GB 256GB SSD (Intel UHD Graphics 620)",86793.12,,Dell,8,256,SSD,Intel Core i5 8250U 1.6GHz,5,Intel UHD Graphics 620,2,13.3,,,,Kaggle,114,https://www.kaggle.com/datasets/eslamelsolya/laptop-price-prediction,
"HP 2 in 1 Convertible 13.3"" Intel Core i5 8250U 1.6GHz 8GB 256GB SSD (Intel UHD Graphics 620)",74538.19,,HP,8,256,SSD,Intel Core i5 8250U 1.6GHz,5,Intel UHD Graphics 620,2,13.3,,,,Kaggle,115,https://www.kaggle.com/datasets/eslamelsolya/laptop-price-prediction,
"HP Notebook 14.0"" Intel Core i7 8550U 1.8GHz 8GB 512GB SSD (Intel UHD Graphics 620)",57755.52,,HP,8,512,SSD,Intel Core i7 8550U 1.8GHz,7,Intel UHD Graphics 620,2,14.0,,,,Kaggle,116,https://www.kaggle.com/datasets/eslamelsolya/laptop-price-prediction,
"Dell Notebook 15.6"" Intel Core i7 8550U 1.8GHz 8GB 256GB SSD + 1TB HDD (Nvidia GeForce 940MX)",60223.98,,Dell,8,256,SSD,Intel Core i7 8550U 1.8GHz,7,Nvidia GeForce 940MX,1,15.6,,,,Kaggle,117,https://www.kaggle.com/datasets/eslamelsolya/laptop-price-prediction,
"Asus Notebook 17.3"" Intel Core i3 6006U 2GHz 4GB 1TB HDD (Nvidia GeForce 920MX)",30049.92,,Asus,4,1024,HDD,Intel Core i3 6006U 2GHz,3,Nvidia GeForce 920MX,1,17.3,,,,Kaggle,118,https://www.kaggle.com/datasets/eslamelsolya/laptop-price-prediction,
"Asus Notebook 15.6"" Intel Core i7 8550U 1.8GHz 8GB 256GB SSD (Nvidia GeForce 940MX)",59567.04,,Asus,8,256,SSD,Intel Core i7 8550U 1.8GHz,7,Nvidia GeForce 940MX,1,15.6,,,,Kaggle,119,https://www.kaggle.com/datasets/eslamelsolya/laptop-price-prediction,
"Acer Notebook 15.6"" Intel Core i3 7100U 2.4GHz 6GB 1TB HDD (Intel HD Graphics 620)",25521.12,,Acer,6,1024,HDD,Intel Core i3 7100U 2.4GHz,3,Intel HD Graphics 620,2,15.6,,,,Kaggle,120,https://www.kaggle.com/datasets/eslamelsolya/laptop-price-prediction,
"MSI Gaming 15.6"" Intel Core i7 7700HQ 2.8GHz 16GB 256GB SSD + 2TB HDD (Nvidia GeForce GTX 1070)",119427.12,,MSI,16,256,SSD,Intel Core i7 7700HQ 2.8GHz,7,Nvidia GeForce GTX 1070,6,15.6,,,,Kaggle,121,https://www.kaggle.com/datasets/eslamelsolya/laptop-price-prediction,
"Lenovo Notebook 15.6"" Intel Core i5 7200U 2.5GHz 8GB 256GB SSD (Nvidia GeForce 940MX)",33513.12,,Lenovo,8,256,SSD,Intel Core i5 7200U 2.5GHz,5,Nvidia GeForce 940MX,1,15.6,,,,Kaggle,122,https://www.kaggle.com/datasets/eslamelsolya/laptop-price-prediction,
"HP Notebook 17.3"" Intel Core i7 8550U 1.8GHz 16GB 512GB SSD (Nvidia GeForce 930MX)",67718.88,,HP,16,512,SSD,Intel Core i7 8550U 1.8GHz,7,Nvidia GeForce 930MX,1,17.3,,,,Kaggle,123,https://www.kaggle.com/datasets/eslamelsolya/laptop-price-prediction,
"Acer Notebook 15.6"" AMD A9-Series 9420 3GHz 4GB 256GB SSD (AMD Radeon R5)",24029.28,,Acer,4,256,SSD,AMD A9-Series 9420 3GHz,2,AMD Radeon R5,2,15.6,,,,Kaggle,124,https://www.kaggle.com/datasets/eslamelsolya/laptop-price-prediction,
"HP Notebook 15.6"" Intel Celeron Dual Core N3060 1.6GHz 4GB 500GB HDD (Intel HD Graphics 400)",13799.52,,HP,4,500,HDD,Intel Celeron Dual Core N3060 1.6GHz,1,Intel HD Graphics 400,2,15.6,,,,Kaggle,125,https://www.kaggle.com/datasets/eslamelsolya/laptop-price-prediction,
"HP Notebook 14.0"" Intel Core i5 8250U 1.6GHz 8GB 1TB HDD (Intel UHD Graphics 620)",43263.36,,HP,8,1024,HDD,Intel Core i5 8250U 1.6GHz,5,Intel UHD Graphics 620,2,14.0,,,,Kaggle,126,https://www.kaggle.com/datasets/eslamelsolya/laptop-price-prediction,
"Asus Notebook 14.0"" AMD E-Series 6110 1.5GHz 4GB 64GB SSD (AMD Radeon R2)",14811.31,,Asus,4,64,SSD,AMD E-Series 6110 1.5GHz,1,AMD Radeon R2,2,14.0,,,,Kaggle,127,https://www.kaggle.com/datasets/eslamelsolya/laptop-price-prediction,
"Dell Notebook 17.3"" Intel Core i7 8550U 1.8GHz 16GB 256GB SSD + 2TB HDD (AMD Radeon 530)",74378.88,,Dell,16,256,SSD,Intel Core i7 8550U 1.8GHz,7,AMD Radeon 530,2,17.3,,,,Kaggle,128,https://www.kaggle.com/datasets/eslamelsolya/laptop-price-prediction,
"HP Notebook 17.3"" Intel Core i5 8250U 1.6GHz 8GB 256GB SSD (Intel UHD Graphics 620)",49443.84,,HP,8,256,SSD,Intel Core i5 8250U 1.6GHz,5,Intel UHD Graphics 620,2,17.3,,,,Kaggle,129,https://www.kaggle.com/datasets/eslamelsolya/laptop-price-prediction,
"Dell Notebook 15.6"" Intel Core i5 7200U 2.5GHz 8GB 1TB HDD (AMD Radeon R7 M445)",34045.39,,Dell,8,1024,HDD,Intel Core i5 7200U 2.5GHz,5,AMD Radeon R7 M445,3,15.6,,,,Kaggle,130,https://www.kaggle.com/datasets/eslamelsolya/laptop-price-prediction,
"Dell Notebook 15.6"" Intel Core i3 6006U 2GHz 4GB 1TB HDD (AMD Radeon R5 M430)",23922.72,,Dell,4,1024,HDD,Intel Core i3 6006U 2GHz,3,AMD Radeon R5 M430,2,15.6,,,,Kaggle,131,https://www.kaggle.com/datasets/eslamelsolya/laptop-price-prediction,
"Acer Ultrabook 14.0"" Intel Core i7 8550U 1.8GHz 8GB 256GB SSD (Intel UHD Graphics 620)",47099.52,,Acer,8,256,SSD,Intel Core i7 8550U 1.8GHz,7,Intel UHD Graphics 620,2,14.0,,,,Kaggle,132,https://www.kaggle.com/datasets/eslamelsolya/laptop-price-prediction,
"Acer Notebook 15.6"" Intel Core i3 7130U 2.7GHz 4GB 256GB SSD (Nvidia GeForce MX130)",30476.16,,Acer,4,256,SSD,Intel Core i3 7130U 2.7GHz,3,Nvidia GeForce MX130,1,15.6,,,,Kaggle,133,https://www.kaggle.com/datasets/eslamelsolya/laptop-price-prediction,
"HP Notebook 15.6"" Intel Core i7 7500U 2.7GHz 8GB 1TB HDD (Intel HD Graphics 620)",31861.44,,HP,8,1024,HDD,Intel Core i7 7500U 2.7GHz,7,Intel HD Graphics 620,2,15.6,,,,Kaggle,134,https://www.kaggle.com/datasets/eslamelsolya/laptop-price-prediction,
"HP Notebook 14.0"" Intel Core i7 8550U 1.8GHz 8GB 256GB SSD (Intel UHD Graphics 620)",52640.64,,HP,8,256,SSD,Intel Core i7 8550U 1.8GHz,7,Intel UHD Graphics 620,2,14.0,,,,Kaggle,135,https://www.kaggle.com/datasets/eslamelsolya/laptop-price-prediction,
"Lenovo Notebook 15.6"" Intel Celeron Dual Core N3350 1.1GHz 4GB 1TB HDD (Intel HD Graphics 500)",13445.74,,Lenovo,4,1024,HDD,Intel Celeron Dual Core N3350 1.1GHz,1,Intel HD Graphics 500,2,15.6,,,,Kaggle,136,https://www.kaggle.com/datasets/eslamelsolya/laptop-price-prediction,
"Asus Gaming 17.3"" Intel Core i5 7300HQ 2.5GHz 8GB 128GB SSD + 1TB HDD (Nvidia GeForce GTX 1050)",49976.64,,Asus,8,128,SSD,Intel Core i5 7300HQ 2.5GHz,5,Nvidia GeForce GTX 1050,4,17.3,,,,Kaggle,137,https://www.kaggle.com/datasets/eslamelsolya/laptop-price-prediction,
"Lenovo Notebook 15.6"" Intel Core i5 7200U 2.5GHz 4GB 1TB HDD (Nvidia GeForce 920MX)",26586.72,,Lenovo,4,1024,HDD,Intel Core i5 7200U 2.5GHz,5,Nvidia GeForce 920MX,1,15.6,,,,Kaggle,138,https://www.kaggle.com/datasets/eslamelsolya/laptop-price-prediction,
"HP Notebook 13.3"" Intel Core i5 7200U 2.5GHz 4GB 256GB SSD (Intel HD Graphics 620)",37242.72,,HP,4,256,SSD,Intel Core i5 7200U 2.5GHz,5,Intel HD Graphics 620,2,13.3,,,,Kaggle,139,https://www.kaggle.com/datasets/eslamelsolya/laptop-price-prediction,
"Acer Notebook 17.3"" Intel Core i3 7130U 2.7GHz 4GB 1TB HDD (Nvidia GeForce MX130)",34898.4,,Acer,4,1024,HDD,Intel Core i3 7130U 2.7GHz,3,Nvidia GeForce MX130,1,17.3,,,,Kaggle,140,https://www.kaggle.com/datasets/eslamelsolya/laptop-price-prediction,
"Lenovo Notebook 14.0"" Intel Core i5 8250U 1.6GHz 8GB 256GB SSD (AMD Radeon RX 550)",59461.55,,Lenovo,8,256,SSD,Intel Core i5 8250U 1.6GHz,5,AMD Radeon RX 550,2,14.0,,,,Kaggle,141,https://www.kaggle.com/datasets/eslamelsolya/laptop-price-prediction,
"Lenovo Gaming 15.6"" Intel Core i7 7700HQ 2.8GHz 8GB 256GB SSD (Nvidia GeForce GTX 1050M)",46300.32,,Lenovo,8,256,SSD,Intel Core i7 7700HQ 2.8GHz,7,Nvidia GeForce GTX 1050M,4,15.6,,,,Kaggle,142,https://www.kaggle.com/datasets/eslamelsolya/laptop-price-prediction,
"Toshiba Notebook 15.6"" Intel Core i5 6200U 2.3GHz 4GB 500GB HDD (Intel HD Graphics 520)",32074.56,,Toshiba,4,500,HDD,Intel Core i5 6200U 2.3GHz,5,Intel HD Graphics 520,2,15.6,,,,Kaggle,143,https://www.kaggle.com/datasets/eslamelsolya/laptop-price-prediction,
"HP Notebook 15.6"" AMD A6-Series 9220 2.5GHz 4GB 256GB SSD (AMD Radeon R4 Graphics)",19660.32,,HP,4,256,SSD,AMD A6-Series 9220 2.5GHz,4,AMD Radeon R4 Graphics,2,15.6,,,,Kaggle,144,https://www.kaggle.com/datasets/eslamelsolya/laptop-price-prediction,
"Asus Ultrabook 14.0"" Intel Core i7 8550U 1.8GHz 8GB 256GB SSD (Intel UHD Graphics 620)",58554.72,,Asus,8,256,SSD,Intel Core i7 8550U 1.8GHz,7,Intel UHD Graphics 620,2,14.0,,,,Kaggle,145,https://www.kaggle.com/datasets/eslamelsolya/laptop-price-prediction,
"HP Ultrabook 12.5"" Intel Core M 6Y75 1.2GHz 8GB 512GB SSD (Intel HD Graphics 515)",107305.92,,HP,8,512,SSD,Intel Core M 6Y75 1.2GHz,4,Intel HD Graphics 515,2,12.5,,,,Kaggle,146,https://www.kaggle.com/datasets/eslamelsolya/laptop-price-prediction,
"Asus Notebook 15.6"" Intel Celeron Dual Core N3350 1.1GHz 4GB 1TB HDD (Intel HD Graphics 500)",18328.32,,Asus,4,1024,HDD,Intel Celeron Dual Core N3350 1.1GHz,1,Intel HD Graphics 500,2,15.6,,,,Kaggle,147,https://www.kaggle.com/datasets/eslamelsolya/laptop-price-prediction,
"MSI Gaming 17.3"" Intel Core i7 7700HQ 2.8GHz 16GB 256GB SSD + 1TB HDD (Nvidia GeForce GTX 1070)",108105.12,,MSI,16,256,SSD,Intel Core i7 7700HQ 2.8GHz,7,Nvidia GeForce GTX 1070,6,17.3,,,,Kaggle,148,https://www.kaggle.com/datasets/eslamelsolya/laptop-price-prediction,
"Acer Notebook 15.6"" Intel Core i3 6006U 2GHz 4GB 1TB HDD (Intel HD Graphics 520)",23816.16,,Acer,4,1024,HDD,Intel Core i3 6006U 2GHz,3,Intel HD Graphics 520,2,15.6,,,,Kaggle,149,https://www.kaggle.com/datasets/eslamelsolya/laptop-price-prediction,
"Dell Gaming 15.6"" Intel Core i7 7700HQ 2.8GHz 16GB 512GB SSD (Nvidia GeForce GTX 1050)",66560.57,,Dell,16,512,SSD,Intel Core i7 7700HQ 2.8GHz,7,Nvidia GeForce GTX 1050,4,15.6,,,,Kaggle,150,https://www.kaggle.com/datasets/eslamelsolya/laptop-price-prediction,
"Dell Gaming 15.6"" Intel Core i7 7700HQ 2.8GHz 8GB 1.0TB Hybrid (Nvidia GeForce GTX 1050)",47898.72,,Dell,8,1024,HYBRID,Intel Core i7 7700HQ 2.8GHz,7,Nvidia GeForce GTX 1050,4,15.6,,,,Kaggle,151,https://www.kaggle.com/datasets/eslamelsolya/laptop-price-prediction,
"Lenovo Notebook 15.6"" Intel Core i5 7200U 2.5GHz 4GB 128GB SSD (Intel HD Graphics 620)",26533.44,,Lenovo,4,128,SSD,Intel Core i5 7200U 2.5GHz,5,Intel HD Graphics 620,2,15.6,,,,Kaggle,152,https://www.kaggle.com/datasets/eslamelsolya/laptop-price-prediction,
"MSI Gaming 17.3"" Intel Core i7 7700HQ 2.8GHz 16GB 256GB SSD + 1TB HDD (Nvidia GeForce GTX 1060)",100699.2,,MSI,16,256,SSD,Intel Core i7 7700HQ 2.8GHz,7,Nvidia GeForce GTX 1060,1,17.3,,,,Kaggle,153,https://www.kaggle.com/datasets/eslamelsolya/laptop-price-prediction,
"HP Ultrabook 14.0"" Intel Core i5 7500U 2.7GHz 4GB 256GB SSD (Intel HD Graphics 620)",57648.96,,HP,4,256,SSD,Intel Core i5 7500U 2.7GHz,5,Intel HD Graphics 620,2,14.0,,,,Kaggle,154,https://www.kaggle.com/datasets/eslamelsolya/laptop-price-prediction,
"HP Notebook 15.6"" Intel Core i5 8250U 1.6GHz 6GB 256GB SSD (AMD Radeon 520)",32980.32,,HP,6,256,SSD,Intel Core i5 8250U 1.6GHz,5,AMD Radeon 520,2,15.6,,,,Kaggle,155,https://www.kaggle.com/datasets/eslamelsolya/laptop-price-prediction,
"Lenovo 2 in 1 Convertible 14.0"" Intel Core i3 7100U 2.4GHz 4GB 256GB SSD (Intel HD Graphics 620)",33513.12,,Lenovo,4,256,SSD,Intel Core i3 7100U 2.4GHz,3,Intel HD Graphics 620,2,14.0,,,,Kaggle,156,https://www.kaggle.com/datasets/eslamelsolya/laptop-price-prediction,
"Asus 2 in 1 Convertible 13.3"" Intel Core i5 8250U 1.6GHz 8GB 256GB SSD (Intel HD Graphics 620)",70063.2,,Asus,8,256,SSD,Intel Core i5 8250U 1.6GHz,5,Intel HD Graphics 620,2,13.3,,,,Kaggle,157,https://www.kaggle.com/datasets/eslamelsolya/laptop-price-prediction,
"Dell 2 in 1 Convertible 15.6"" Intel Core i7 8550U 1.8GHz 8GB 256GB SSD (Intel UHD Graphics 620)",55890.72,,Dell,8,256,SSD,Intel Core i7 8550U 1.8GHz,7,Intel UHD Graphics 620,2,15.6,,,,Kaggle,158,https://www.kaggle.com/datasets/eslamelsolya/laptop-price-prediction,
"Toshiba Notebook 15.6"" Intel Core i3 6006U 2.2GHz 4GB 500GB HDD (Intel HD Graphics 520)",23816.16,,Toshiba,4,500,HDD,Intel Core i3 6006U 2.2GHz,3,Intel HD Graphics 520,2,15.6,,,,Kaggle,159,https://www.kaggle.com/datasets/eslamelsolya/laptop-price-prediction,
"Asus Notebook 15.6"" AMD A9-Series 9420 3GHz 4GB 1TB HDD (AMD Radeon R5 M420)",21471.84,,Asus,4,1024,HDD,AMD A9-Series 9420 3GHz,2,AMD Radeon R5 M420,2,15.6,,,,Kaggle,160,https://www.kaggle.com/datasets/eslamelsolya/laptop-price-prediction,
"Acer Notebook 17.3"" Intel Core i5 8250U 1.6GHz 4GB 256GB SSD (Nvidia GeForce MX150)",42890.4,,Acer,4,256,SSD,Intel Core i5 8250U 1.6GHz,5,Nvidia GeForce MX150,1,17.3,,,,Kaggle,161,https://www.kaggle.com/datasets/eslamelsolya/laptop-price-prediction,
"Dell Notebook 15.6"" Intel Core i5 8250U 1.6GHz 8GB 256GB SSD (AMD Radeon 520)",38787.84,,Dell,8,256,SSD,Intel Core i5 8250U 1.6GHz,5,AMD Radeon 520,2,15.6,,,,Kaggle,162,https://www.kaggle.com/datasets/eslamelsolya/laptop-price-prediction,
"Lenovo Gaming 15.6"" Intel Core i7 7700HQ 2.8GHz 16GB 256GB SSD (Nvidia GeForce GTX 1050 Ti)",57489.12,,Lenovo,16,256,SSD,Intel Core i7 7700HQ 2.8GHz,7,Nvidia GeForce GTX 1050 Ti,4,15.6,,,,Kaggle,163,https://www.kaggle.com/datasets/eslamelsolya/laptop-price-prediction,
"Acer Notebook 15.6"" Intel Celeron Dual Core N3350 1.1GHz 4GB 1TB HDD (Intel HD Graphics 500)",18541.44,,Acer,4,1024,HDD,Intel Celeron Dual Core N3350 1.1GHz,1,Intel HD Graphics 500,2,15.6,,,,Kaggle,164,https://www.kaggle.com/datasets/eslamelsolya/laptop-price-prediction,
"MSI Gaming 15.6"" Intel Core i7 7700HQ 2.8GHz 16GB 256GB SSD + 1TB HDD (Nvidia GeForce GTX 1060)",95850.72,,MSI,16,256,SSD,Intel Core i7 7700HQ 2.8GHz,7,Nvidia GeForce GTX 1060,1,15.6,,,,Kaggle,165,https://www.kaggle.com/datasets/eslamelsolya/laptop-price-prediction,
"Acer Notebook 15.6"" Intel Pentium Quad Core N4200 1.1GHz 4GB 1TB HDD (Intel HD Graphics 505)",19367.81,,Acer,4,1024,HDD,Intel Pentium Quad Core N4200 1.1GHz,2,Intel HD Graphics 505,2,15.6,,,,Kaggle,166,https://www.kaggle.com/datasets/eslamelsolya/laptop-price-prediction,
"Dell Gaming 15.6"" Intel Core i7 7700HQ 2.8GHz 8GB 128GB SSD + 1TB HDD (Nvidia GeForce GTX 1050)",56502.91,,Dell,8,128,SSD,Intel Core i7 7700HQ 2.8GHz,7,Nvidia GeForce GTX 1050,4,15.6,,,,Kaggle,167,https://www.kaggle.com/datasets/eslamelsolya/laptop-price-prediction,
"Acer Notebook 17.3"" Intel Core i5 8250U 1.6GHz 8GB 256GB SSD (Nvidia GeForce MX150)",45501.12,,Acer,8,256,SSD,Intel Core i5 8250U 1.6GHz,5,Nvidia GeForce MX150,1,17.3,,,,Kaggle,168,https://www.kaggle.com/datasets/eslamelsolya/laptop-price-prediction,
"HP Notebook 13.3"" Intel Core i5 8250U 1.6GHz 4GB 500GB HDD (Intel UHD Graphics 620)",40173.12,,HP,4,500,HDD,Intel Core i5 8250U 1.6GHz,5,Intel UHD Graphics 620,2,13.3,,,,Kaggle,169,https://www.kaggle.com/datasets/eslamelsolya/laptop-price-prediction,
"Huawei Ultrabook 13.0"" Intel Core i5 7200U 2.5GHz 8GB 256GB SSD (Intel HD Graphics 620)",71874.72,,Huawei,8,256,SSD,Intel Core i5 7200U 2.5GHz,5,Intel HD Graphics 620,2,13.0,,,,Kaggle,170,https://www.kaggle.com/datasets/eslamelsolya/laptop-price-prediction,
"HP Notebook 17.3"" Intel Core i5 7200U 2.5GHz 6GB 2TB HDD (AMD Radeon 520)",37242.72,,HP,6,2048,HDD,Intel Core i5 7200U 2.5GHz,5,AMD Radeon 520,2,17.3,,,,Kaggle,171,https://www.kaggle.com/datasets/eslamelsolya/laptop-price-prediction,
"Lenovo Notebook 15.6"" AMD A6-Series 9220 2.9GHz 4GB 500GB HDD (AMD Radeon R4 Graphics)",16463.52,,Lenovo,4,500,HDD,AMD A6-Series 9220 2.9GHz,4,AMD Radeon R4 Graphics,2,15.6,,,,Kaggle,172,https://www.kaggle.com/datasets/eslamelsolya/laptop-price-prediction,
"Toshiba Notebook 15.6"" Intel Core i3 7100U 2.4GHz 4GB 500GB HDD (Intel HD Graphics 620)",26053.92,,Toshiba,4,500,HDD,Intel Core i3 7100U 2.4GHz,3,Intel HD Graphics 620,2,15.6,,,,Kaggle,173,https://www.kaggle.com/datasets/eslamelsolya/laptop-price-prediction,
"HP Notebook 17.3"" Intel Core i5 8250U 1.6GHz 8GB 256GB SSD (Nvidia GeForce 930MX)",49177.44,,HP,8,256,SSD,Intel Core i5 8250U 1.6GHz,5,Nvidia GeForce 930MX,1,17.3,,,,Kaggle,174,https://www.kaggle.com/datasets/eslamelsolya/laptop-price-prediction,
"Dell Notebook 15.6"" Intel Core i3 7100U 2.4GHz 8GB 1TB HDD (Intel HD Graphics 620)",24455.52,,Dell,8,1024,HDD,Intel Core i3 7100U 2.4GHz,3,Intel HD Graphics 620,2,15.6,,,,Kaggle,175,https://www.kaggle.com/datasets/eslamelsolya/laptop-price-prediction,
"Acer Notebook 15.6"" Intel Core i3 6006U 2GHz 4GB 128GB SSD (Intel HD Graphics 520)",23922.72,,Acer,4,128,SSD,Intel Core i3 6006U 2GHz,3,Intel HD Graphics 520,2,15.6,,,,Kaggle,176,https://www.kaggle.com/datasets/eslamelsolya/laptop-price-prediction,
"MSI Gaming 18.4"" Intel Core i7 6920HQ 2.9GHz 32GB 512GB SSD + 1TB HDD (Nvidia GTX 980 SLI)",149130.72,,MSI,32,512,SSD,Intel Core i7 6920HQ 2.9GHz,7,Nvidia GTX 980 SLI,5,18.4,,,,Kaggle,177,https://www.kaggle.com/datasets/eslamelsolya/laptop-price-prediction,
"Lenovo Notebook 15.6"" Intel Core i5 7200U 2.5GHz 8GB 128GB SSD + 1TB HDD (AMD R17M-M1-70)",43316.64,,Lenovo,8,128,SSD,Intel Core i5 7200U 2.5GHz,5,AMD R17M-M1-70,2,15.6,,,,Kaggle,178,https://www.kaggle.com/datasets/eslamelsolya/laptop-price-prediction,
"HP 2 in 1 Convertible 13.3"" Intel Core i5 8250U 1.6GHz 8GB 256GB SSD (Intel UHD Graphics 620)",79866.72,,HP,8,256,SSD,Intel Core i5 8250U 1.6GHz,5,Intel UHD Graphics 620,2,13.3,,,,Kaggle,179,https://www.kaggle.com/datasets/eslamelsolya/laptop-price-prediction,
"Dell Notebook 15.6"" Intel Core i7 8550U 1.8GHz 16GB 256GB SSD + 2TB HDD (AMD Radeon 530)",55890.72,,Dell,16,256,SSD,Intel Core i7 8550U 1.8GHz,7,AMD Radeon 530,2,15.6,,,,Kaggle,180,https://www.kaggle.com/datasets/eslamelsolya/laptop-price-prediction,
"Dell Ultrabook 13.3"" Intel Core i5 8250U 1.6GHz 8GB 256GB SSD (Intel UHD Graphics 620)",74538.72,,Dell,8,256,SSD,Intel Core i5 8250U 1.6GHz,5,Intel UHD Graphics 620,2,13.3,,,,Kaggle,181,https://www.kaggle.com/datasets/eslamelsolya/laptop-price-prediction,
"Lenovo 2 in 1 Convertible 13.9"" Intel Core i7 8550U 1.8GHz 16GB 512GB SSD (Intel UHD Graphics 620)",98514.72,,Lenovo,16,512,SSD,Intel Core i7 8550U 1.8GHz,7,Intel UHD Graphics 620,2,13.9,,,,Kaggle,182,https://www.kaggle.com/datasets/eslamelsolya/laptop-price-prediction,
"Toshiba Notebook 15.6"" Intel Core i5 7200U 2.5GHz 8GB 128GB SSD (Intel HD Graphics 620)",42251.04,,Toshiba,8,128,SSD,Intel Core i5 7200U 2.5GHz,5,Intel HD Graphics 620,2,15.6,,,,Kaggle,183,https://www.kaggle.com/datasets/eslamelsolya/laptop-price-prediction,
"Xiaomi Notebook 15.6"" Intel Core i5 8250U 1.6GHz 8GB 256GB SSD (Nvidia GeForce MX150)",63882.72,,Xiaomi,8,256,SSD,Intel Core i5 8250U 1.6GHz,5,Nvidia GeForce MX150,1,15.6,,,,Kaggle,184,https://www.kaggle.com/datasets/eslamelsolya/laptop-price-prediction,
"Dell Notebook 17.3"" Intel Core i7 8550U 1.8GHz 16GB 512GB SSD (Nvidia GeForce 150MX)",82530.72,,Dell,16,512,SSD,Intel Core i7 8550U 1.8GHz,7,Nvidia GeForce 150MX,1,17.3,,,,Kaggle,185,https://www.kaggle.com/datasets/eslamelsolya/laptop-price-prediction,
"Dell Notebook 15.6"" Intel Core i7 7700HQ 2.8GHz 16GB 512GB SSD (Nvidia GeForce GTX 1050)",127712.16,,Dell,16,512,SSD,Intel Core i7 7700HQ 2.8GHz,7,Nvidia GeForce GTX 1050,4,15.6,,,,Kaggle,186,https://www.kaggle.com/datasets/eslamelsolya/laptop-price-prediction,
"Lenovo Gaming 15.6"" Intel Core i5 7300HQ 2.5GHz 8GB 256GB SSD (Nvidia GeForce GTX 1050)",41505.12,,Lenovo,8,256,SSD,Intel Core i5 7300HQ 2.5GHz,5,Nvidia GeForce GTX 1050,4,15.6,,,,Kaggle,187,https://www.kaggle.com/datasets/eslamelsolya/laptop-price-prediction,
"Acer Ultrabook 13.3"" Intel Core i5 7Y54 1.2GHz 8GB 256GB SSD (Intel HD Graphics 615)",52693.92,,Acer,8,256,SSD,Intel Core i5 7Y54 1.2GHz,5,Intel HD Graphics 615,2,13.3,,,,Kaggle,188,https://www.kaggle.com/datasets/eslamelsolya/laptop-price-prediction,
"Dell Notebook 17.3"" Intel Core i7 8550U 1.8GHz 8GB 128GB SSD + 1TB HDD (AMD Radeon 530)",57808.8,,Dell,8,128,SSD,Intel Core i7 8550U 1.8GHz,7,AMD Radeon 530,2,17.3,,,,Kaggle,189,https://www.kaggle.com/datasets/eslamelsolya/laptop-price-prediction,
"Lenovo 2 in 1 Convertible 14.0"" Intel Core i7 7500U 2.7GHz 16GB 1TB SSD (Intel HD Graphics 620)",150462.72,,Lenovo,16,1024,SSD,Intel Core i7 7500U 2.7GHz,7,Intel HD Graphics 620,2,14.0,,,,Kaggle,190,https://www.kaggle.com/datasets/eslamelsolya/laptop-price-prediction,
"Vero Notebook 14.0"" Intel Celeron Dual Core N3350 1.1GHz 4GB 32GB Flash Storage (Intel HD Graphics 500)",13852.8,,Vero,4,32,FLASH,Intel Celeron Dual Core N3350 1.1GHz,1,Intel HD Graphics 500,2,14.0,,,,Kaggle,191,https://www.kaggle.com/datasets/eslamelsolya/laptop-price-prediction,
"Xiaomi Ultrabook 13.3"" Intel Core i5 7200U 2.5GHz 8GB 256GB SSD (Nvidia GeForce MX150)",53274.67,,Xiaomi,8,256,SSD,Intel Core i5 7200U 2.5GHz,5,Nvidia GeForce MX150,1,13.3,,,,Kaggle,192,https://www.kaggle.com/datasets/eslamelsolya/laptop-price-prediction,
"Lenovo Notebook 17.3"" Intel Core i5 8250U 1.6GHz 8GB 256GB SSD (Nvidia GeForce MX150)",37189.44,,Lenovo,8,256,SSD,Intel Core i5 8250U 1.6GHz,5,Nvidia GeForce MX150,1,17.3,,,,Kaggle,193,https://www.kaggle.com/datasets/eslamelsolya/laptop-price-prediction,
"Dell 2 in 1 Convertible 13.3"" Intel Core i7 8550U 1.8GHz 8GB 1TB HDD (Intel UHD Graphics 620)",44701.92,,Dell,8,1024,HDD,Intel Core i7 8550U 1.8GHz,7,Intel UHD Graphics 620,2,13.3,,,,Kaggle,194,https://www.kaggle.com/datasets/eslamelsolya/laptop-price-prediction,
"HP Notebook 17.3"" Intel Core i5 8250U 1.6GHz 8GB 1TB HDD (Nvidia GeForce 930MX)",48697.92,,HP,8,1024,HDD,Intel Core i5 8250U 1.6GHz,5,Nvidia GeForce 930MX,1,17.3,,,,Kaggle,195,https://www.kaggle.com/datasets/eslamelsolya/laptop-price-prediction,
"Razer Gaming 17.3"" Intel Core i7 7820HK 2.9GHz 32GB 1TB SSD (Nvidia GeForce GTX 1080)",324954.72,,Razer,32,1024,SSD,Intel Core i7 7820HK 2.9GHz,7,Nvidia GeForce GTX 1080,7,17.3,,,,Kaggle,196,https://www.kaggle.com/datasets/eslamelsolya/laptop-price-prediction,
"HP Notebook 13.3"" Intel Core i5 8250U 1.6GHz 8GB 512GB SSD (Intel UHD Graphics 620)",51095.52,,HP,8,512,SSD,Intel Core i5 8250U 1.6GHz,5,Intel UHD Graphics 620,2,13.3,,,,Kaggle,197,https://www.kaggle.com/datasets/eslamelsolya/laptop-price-prediction,
"HP Gaming 17.3"" Intel Core i7 7700HQ 2.8GHz 16GB 256GB SSD + 1TB HDD (Nvidia GeForce GTX 1050)",73473.12,,HP,16,256,SSD,Intel Core i7 7700HQ 2.8GHz,7,Nvidia GeForce GTX 1050,4,17.3,,,,Kaggle,198,https://www.kaggle.com/datasets/eslamelsolya/laptop-price-prediction,
"HP Notebook 17.3"" Intel Core i7 8550U 1.8GHz 8GB 256GB SSD (Nvidia GeForce 930MX)",55677.6,,HP,8,256,SSD,Intel Core i7 8550U 1.8GHz,7,Nvidia GeForce 930MX,1,17.3,,,,Kaggle,199,https://www.kaggle.com/datasets/eslamelsolya/laptop-price-prediction,
"Dell Gaming 15.6"" Intel Core i7 7700HQ 2.8GHz 16GB 512GB SSD + 1TB HDD (Nvidia GeForce GTX 1060)",98301.6,,Dell,16,512,SSD,Intel Core i7 7700HQ 2.8GHz,7,Nvidia GeForce GTX 1060,1,15.6,,,,Kaggle,200,https://www.kaggle.com/datasets/eslamelsolya/laptop-price-prediction,
"Lenovo Notebook 15.6"" Intel Core i5 6200U 2.3GHz 4GB 128GB SSD (Intel HD Graphics 520)",26267.04,,Lenovo,4,128,SSD,Intel Core i5 6200U 2.3GHz,5,Intel HD Graphics 520,2,15.6,,,,Kaggle,201,https://www.kaggle.com/datasets/eslamelsolya/laptop-price-prediction,
"Acer Notebook 15.6"" Intel Core i7 7500U 2.7GHz 8GB 1TB HDD (Nvidia GeForce 940MX)",39533.76,,Acer,8,1024,HDD,Intel Core i7 7500U 2.7GHz,7,Nvidia GeForce 940MX,1,15.6,,,,Kaggle,202,https://www.kaggle.com/datasets/eslamelsolya/laptop-price-prediction,
"Lenovo Gaming 15.6"" Intel Core i7 7700HQ 2.8GHz 16GB 512GB SSD + 1TB HDD (Nvidia GeForce GTX 1060)",93186.72,,Lenovo,16,512,SSD,Intel Core i7 7700HQ 2.8GHz,7,Nvidia GeForce GTX 1060,1,15.6,,,,Kaggle,203,https://www.kaggle.com/datasets/eslamelsolya/laptop-price-prediction,
"Dell Workstation 15.6"" Intel Xeon E3-1505M V6 3GHz 16GB 256GB SSD + 1TB HDD (Nvidia Quadro M1200)",162770.4,,Dell,16,256,SSD,Intel Xeon E3-1505M V6 3GHz,4,Nvidia Quadro M1200,6,15.6,,,,Kaggle,204,https://www.kaggle.com/datasets/eslamelsolya/laptop-price-prediction,
"Lenovo Gaming 15.6"" Intel Core i7 7700HQ 2.8GHz 16GB 512GB SSD (Nvidia GeForce GTX 1060)",74485.44,,Lenovo,16,512,SSD,Intel Core i7 7700HQ 2.8GHz,7,Nvidia GeForce GTX 1060,1,15.6,,,,Kaggle,205,https://www.kaggle.com/datasets/eslamelsolya/laptop-price-prediction,
"Dell Notebook 15.6"" Intel Core i3 7100U 2.4GHz 6GB 1TB HDD (Intel HD Graphics 620)",23389.92,,Dell,6,1024,HDD,Intel Core i3 7100U 2.4GHz,3,Intel HD Graphics 620,2,15.6,,,,Kaggle,206,https://www.kaggle.com/datasets/eslamelsolya/laptop-price-prediction,
"Dell Ultrabook 13.3"" Intel Core i7 8550U 1.8GHz 8GB 256GB SSD (Intel UHD Graphics 620)",103842.72,,Dell,8,256,SSD,Intel Core i7 8550U 1.8GHz,7,Intel UHD Graphics 620,2,13.3,,,,Kaggle,207,https://www.kaggle.com/datasets/eslamelsolya/laptop-price-prediction,
"Dell Ultrabook 13.3"" Intel Core i7 8550U 1.8GHz 8GB 256GB SSD (Intel UHD Graphics 620)",77202.72,,Dell,8,256,SSD,Intel Core i7 8550U 1.8GHz,7,Intel UHD Graphics 620,2,13.3,,,,Kaggle,208,https://www.kaggle.com/datasets/eslamelsolya/laptop-price-prediction,
"Lenovo Notebook 15.6"" Intel Core i5 7200U 2.5GHz 8GB 256GB SSD (Intel HD Graphics 620)",31808.16,,Lenovo,8,256,SSD,Intel Core i5 7200U 2.5GHz,5,Intel HD Graphics 620,2,15.6,,,,Kaggle,209,https://www.kaggle.com/datasets/eslamelsolya/laptop-price-prediction,
"Acer Notebook 15.6"" Intel Core i7 7700HQ 2.8GHz 8GB 1TB HDD (Nvidia GeForce GTX 1050)",41505.12,,Acer,8,1024,HDD,Intel Core i7 7700HQ 2.8GHz,7,Nvidia GeForce GTX 1050,4,15.6,,,,Kaggle,210,https://www.kaggle.com/datasets/eslamelsolya/laptop-price-prediction,
"Asus Gaming 17.3"" Intel Core i7 7700HQ 2.8GHz 16GB 256GB SSD + 1TB HDD (Nvidia GeForce GTX 1050)",74964.96,,Asus,16,256,SSD,Intel Core i7 7700HQ 2.8GHz,7,Nvidia GeForce GTX 1050,4,17.3,,,,Kaggle,211,https://www.kaggle.com/datasets/eslamelsolya/laptop-price-prediction,
"HP Notebook 15.6"" Intel Core i3 6006U 2GHz 4GB 500GB HDD (Intel HD Graphics 520)",18594.72,,HP,4,500,HDD,Intel Core i3 6006U 2GHz,3,Intel HD Graphics 520,2,15.6,,,,Kaggle,212,https://www.kaggle.com/datasets/eslamelsolya/laptop-price-prediction,
"Lenovo Notebook 15.6"" Intel Core i5 7200U 2.5GHz 8GB 256GB SSD (Intel HD Graphics 620)",29250.72,,Lenovo,8,256,SSD,Intel Core i5 7200U 2.5GHz,5,Intel HD Graphics 620,2,15.6,,,,Kaggle,213,https://www.kaggle.com/datasets/eslamelsolya/laptop-price-prediction,
"Huawei Ultrabook 13.0"" Intel Core i7 7500U 2.7GHz 8GB 512GB SSD (Intel HD Graphics 620)",79866.72,,Huawei,8,512,SSD,Intel Core i7 7500U 2.7GHz,7,Intel HD Graphics 620,2,13.0,,,,Kaggle,214,https://www.kaggle.com/datasets/eslamelsolya/laptop-price-prediction,
"Dell Ultrabook 13.3"" Intel Core i7 8550U 1.8GHz 8GB 256GB SSD (AMD Radeon 530)",49650.57,,Dell,8,256,SSD,Intel Core i7 8550U 1.8GHz,7,AMD Radeon 530,2,13.3,,,,Kaggle,215,https://www.kaggle.com/datasets/eslamelsolya/laptop-price-prediction,
"Lenovo Notebook 17.3"" Intel Core i5 7200U 2.5GHz 8GB 1TB HDD (Nvidia GeForce GTX 940MX)",31381.92,,Lenovo,8,1024,HDD,Intel Core i5 7200U 2.5GHz,5,Nvidia GeForce GTX 940MX,1,17.3,,,,Kaggle,216,https://www.kaggle.com/datasets/eslamelsolya/laptop-price-prediction,
"HP Notebook 14.0"" Intel Core i7 8550U 1.8GHz 8GB 256GB SSD (Nvidia GeForce 930MX)",54931.68,,HP,8,256,SSD,Intel Core i7 8550U 1.8GHz,7,Nvidia GeForce 930MX,1,14.0,,,,Kaggle,217,https://www.kaggle.com/datasets/eslamelsolya/laptop-price-prediction,
"Dell Ultrabook 14.0"" Intel Core i5 8250U 1.6GHz 8GB 256GB SSD (Intel UHD Graphics 620)",61218.72,,Dell,8,256,SSD,Intel Core i5 8250U 1.6GHz,5,Intel UHD Graphics 620,2,14.0,,,,Kaggle,218,https://www.kaggle.com/datasets/eslamelsolya/laptop-price-prediction,
"Dell 2 in 1 Convertible 13.3"" Intel Core i7 8550U 1.8GHz 16GB 512GB SSD (Intel UHD Graphics 620)",68145.12,,Dell,16,512,SSD,Intel Core i7 8550U 1.8GHz,7,Intel UHD Graphics 620,2,13.3,,,,Kaggle,219,https://www.kaggle.com/datasets/eslamelsolya/laptop-price-prediction,
"Dell Notebook 15.6"" Intel Core i5 8250U 1.6GHz 8GB 256GB SSD (AMD Radeon 520)",36089.21,,Dell,8,256,SSD,Intel Core i5 8250U 1.6GHz,5,AMD Radeon 520,2,15.6,,,,Kaggle,220,https://www.kaggle.com/datasets/eslamelsolya/laptop-price-prediction,
"Lenovo 2 in 1 Convertible 14.0"" Intel Core i5 8250U 1.6GHz 8GB 256GB SSD (Intel UHD Graphics 620)",47898.72,,Lenovo,8,256,SSD,Intel Core i5 8250U 1.6GHz,5,Intel UHD Graphics 620,2,14.0,,,,Kaggle,221,https://www.kaggle.com/datasets/eslamelsolya/laptop-price-prediction,
"Toshiba Ultrabook 13.3"" Intel Core i7 6500U 2.5GHz 8GB 256GB SSD (Intel HD Graphics 520)",72620.64,,Toshiba,8,256,SSD,Intel Core i7 6500U 2.5GHz,7,Intel HD Graphics 520,2,13.3,,,,Kaggle,222,https://www.kaggle.com/datasets/eslamelsolya/laptop-price-prediction,
"HP Notebook 15.6"" Intel Core i5 8250U 1.6GHz 8GB 1TB HDD (Intel UHD Graphics 620)",42304.32,,HP,8,1024,HDD,Intel Core i5 8250U 1.6GHz,5,Intel UHD Graphics 620,2,15.6,,,,Kaggle,223,https://www.kaggle.com/datasets/eslamelsolya/laptop-price-prediction,
"Dell Gaming 17.3"" Intel Core i7 7700HQ 2.8GHz 16GB 256GB SSD + 1TB HDD (Nvidia GeForce GTX 1060)",130873.8,,Dell,16,256,SSD,Intel Core i7 7700HQ 2.8GHz,7,Nvidia GeForce GTX 1060,1,17.3,,,,Kaggle,224,https://www.kaggle.com/datasets/eslamelsolya/laptop-price-prediction,
"Acer Notebook 15.6"" Intel Core i7 7500U 2.7GHz 8GB 256GB SSD (Nvidia GeForce 940MX)",44328.96,,Acer,8,256,SSD,Intel Core i7 7500U 2.7GHz,7,Nvidia GeForce 940MX,1,15.6,,,,Kaggle,225,https://www.kaggle.com/datasets/eslamelsolya/laptop-price-prediction,
"Dell Notebook 15.6"" Intel Core i7 7500U 2.7GHz 16GB 1TB HDD (AMD Radeon R7 M445)",45768.05,,Dell,16,1024,HDD,Intel Core i7 7500U 2.7GHz,7,AMD Radeon R7 M445,3,15.6,,,,Kaggle,226,https://www.kaggle.com/datasets/eslamelsolya/laptop-price-prediction,
"Asus Notebook 15.6"" Intel Core i5 7200U 2.5GHz 8GB 256GB SSD (Nvidia GeForce 920MX)",40972.32,,Asus,8,256,SSD,Intel Core i5 7200U 2.5GHz,5,Nvidia GeForce 920MX,1,15.6,,,,Kaggle,227,https://www.kaggle.com/datasets/eslamelsolya/laptop-price-prediction,
"Asus Notebook 17.3"" Intel Core i5 7200U 2.5GHz 8GB 256GB SSD + 500GB HDD (Nvidia GeForce GTX 950M)",47472.48,,Asus,8,256,SSD,Intel Core i5 7200U 2.5GHz,5,Nvidia GeForce GTX 950M,1,17.3,,,,Kaggle,228,https://www.kaggle.com/datasets/eslamelsolya/laptop-price-prediction,
"HP Notebook 15.6"" Intel Core i7 7500U 2.7GHz 8GB 1TB HDD (AMD FirePro W4190M)",67612.32,,HP,8,1024,HDD,Intel Core i7 7500U 2.7GHz,7,AMD FirePro W4190M,2,15.6,,,,Kaggle,229,https://www.kaggle.com/datasets/eslamelsolya/laptop-price-prediction,
"Asus Notebook 15.6"" Intel Core i3 7100U 2.4GHz 4GB 1TB HDD (Intel HD Graphics 620)",21258.19,,Asus,4,1024,HDD,Intel Core i3 7100U 2.4GHz,3,Intel HD Graphics 620,2,15.6,,,,Kaggle,230,https://www.kaggle.com/datasets/eslamelsolya/laptop-price-prediction,
"HP Notebook 15.6"" AMD E-Series 9000e 1.5GHz 4GB 500GB HDD (AMD Radeon R2)",17582.4,,HP,4,500,HDD,AMD E-Series 9000e 1.5GHz,1,AMD Radeon R2,2,15.6,,,,Kaggle,231,https://www.kaggle.com/datasets/eslamelsolya/laptop-price-prediction,
"Lenovo Gaming 15.6"" Intel Core i7 7700HQ 2.8GHz 16GB 256GB SSD + 1TB HDD (Nvidia GeForce GTX 1060)",79866.72,,Lenovo,16,256,SSD,Intel Core i7 7700HQ 2.8GHz,7,Nvidia GeForce GTX 1060,1,15.6,,,,Kaggle,232,https://www.kaggle.com/datasets/eslamelsolya/laptop-price-prediction,
"Dell Notebook 14.0"" Intel Core i5 7200U 2.5GHz 8GB 256GB SSD (Intel HD Graphics 620)",45767.52,,Dell,8,256,SSD,Intel Core i5 7200U 2.5GHz,5,Intel HD Graphics 620,2,14.0,,,,Kaggle,233,https://www.kaggle.com/datasets/eslamelsolya/laptop-price-prediction,
"Acer 2 in 1 Convertible 13.3"" Intel Core i5 6200U 2.3GHz 8GB 256GB SSD (Intel HD Graphics 520)",36709.92,,Acer,8,256,SSD,Intel Core i5 6200U 2.3GHz,5,Intel HD Graphics 520,2,13.3,,,,Kaggle,234,https://www.kaggle.com/datasets/eslamelsolya/laptop-price-prediction,
"Dell Notebook 15.6"" Intel Core i7 7500U 2.7GHz 16GB 256GB SSD (AMD Radeon R7 M445)",47898.72,,Dell,16,256,SSD,Intel Core i7 7500U 2.7GHz,7,AMD Radeon R7 M445,3,15.6,,,,Kaggle,235,https://www.kaggle.com/datasets/eslamelsolya/laptop-price-prediction,
"Acer Notebook 15.6"" Intel Core i3 6006U 2GHz 4GB 1TB HDD (Intel HD Graphics 520)",20779.2,,Acer,4,1024,HDD,Intel Core i3 6006U 2GHz,3,Intel HD Graphics 520,2,15.6,,,,Kaggle,236,https://www.kaggle.com/datasets/eslamelsolya/laptop-price-prediction,
"Asus Notebook 15.6"" AMD A10-Series A10-9620P 2.5GHz 4GB 128GB SSD + 1TB HDD (AMD Radeon R5 M430)",30636.0,,Asus,4,128,SSD,AMD A10-Series A10-9620P 2.5GHz,4,AMD Radeon R5 M430,2,15.6,,,,Kaggle,237,https://www.kaggle.com/datasets/eslamelsolya/laptop-price-prediction,
"Asus Gaming 17.3"" Intel Core i7 7820HK 2.9GHz 32GB 512GB SSD + 1TB HDD (Nvidia GeForce GTX 1080)",207259.2,,Asus,32,512,SSD,Intel Core i7 7820HK 2.9GHz,7,Nvidia GeForce GTX 1080,7,17.3,,,,Kaggle,238,https://www.kaggle.com/datasets/eslamelsolya/laptop-price-prediction,
"Acer Gaming 15.6"" Intel Core i5 7300HQ 2.5GHz 8GB 256GB SSD (Nvidia GeForce GTX 1050)",45074.88,,Acer,8,256,SSD,Intel Core i5 7300HQ 2.5GHz,5,Nvidia GeForce GTX 1050,4,15.6,,,,Kaggle,239,https://www.kaggle.com/datasets/eslamelsolya/laptop-price-prediction,
"Lenovo Notebook 15.6"" Intel Core i3 6006U 2GHz 8GB 128GB SSD (Intel HD Graphics 520)",31381.92,,Lenovo,8,128,SSD,Intel Core i3 6006U 2GHz,3,Intel HD Graphics 520,2,15.6,,,,Kaggle,240,https://www.kaggle.com/datasets/eslamelsolya/laptop-price-prediction,
"Asus Notebook 17.3"" Intel Core i7 8550U 1.8GHz 8GB 128GB SSD + 1TB HDD (Nvidia GeForce 150MX)",61005.6,,Asus,8,128,SSD,Intel Core i7 8550U 1.8GHz,7,Nvidia GeForce 150MX,1,17.3,,,,Kaggle,241,https://www.kaggle.com/datasets/eslamelsolya/laptop-price-prediction,
"Asus Notebook 17.3"" Intel Core i7 7500U 2.7GHz 8GB 128GB SSD + 1TB HDD (Nvidia GeForce GTX 950M)",47365.92,,Asus,8,128,SSD,Intel Core i7 7500U 2.7GHz,7,Nvidia GeForce GTX 950M,1,17.3,,,,Kaggle,242,https://www.kaggle.com/datasets/eslamelsolya/laptop-price-prediction,
"Dell Gaming 15.6"" Intel Core i5 7300HQ 2.5GHz 8GB 256GB SSD (Nvidia GeForce GTX 1050)",46833.12,,Dell,8,256,SSD,Intel Core i5 7300HQ 2.5GHz,5,Nvidia GeForce GTX 1050,4,15.6,,,,Kaggle,243,https://www.kaggle.com/datasets/eslamelsolya/laptop-price-prediction,
"Lenovo 2 in 1 Convertible 13.9"" Intel Core i7 7500U 2.7GHz 8GB 256GB SSD (Intel HD Graphics 620)",57489.12,,Lenovo,8,256,SSD,Intel Core i7 7500U 2.7GHz,7,Intel HD Graphics 620,2,13.9,,,,Kaggle,244,https://www.kaggle.com/datasets/eslamelsolya/laptop-price-prediction,
"Dell Notebook 15.6"" Intel Core i7 8550U 1.8GHz 8GB 128GB SSD + 2TB HDD (AMD Radeon 530)",52480.8,,Dell,8,128,SSD,Intel Core i7 8550U 1.8GHz,7,AMD Radeon 530,2,15.6,,,,Kaggle,245,https://www.kaggle.com/datasets/eslamelsolya/laptop-price-prediction,
"HP Notebook 15.6"" Intel Core i5 7200U 2.5GHz 8GB 1TB HDD (Intel HD Graphics 620)",29783.52,,HP,8,1024,HDD,Intel Core i5 7200U 2.5GHz,5,Intel HD Graphics 620,2,15.6,,,,Kaggle,246,https://www.kaggle.com/datasets/eslamelsolya/laptop-price-prediction,
"Asus Gaming 17.3"" Intel Core i7 7820HK 2.9GHz 16GB 256GB SSD (Nvidia GeForce GTX 1080)",159786.72,,Asus,16,256,SSD,Intel Core i7 7820HK 2.9GHz,7,Nvidia GeForce GTX 1080,7,17.3,,,,Kaggle,247,https://www.kaggle.com/datasets/eslamelsolya/laptop-price-prediction,
"HP Notebook 13.3"" Intel Core i5 8250U 1.6GHz 4GB 500GB HDD (Intel UHD Graphics 620)",35964.0,,HP,4,500,HDD,Intel Core i5 8250U 1.6GHz,5,Intel UHD Graphics 620,2,13.3,,,,Kaggle,248,https://www.kaggle.com/datasets/eslamelsolya/laptop-price-prediction,
"Apple Ultrabook 13.3"" Intel Core i5 3.1GHz 8GB 512GB SSD (Intel Iris Plus Graphics 650)",108691.2,,Apple,8,512,SSD,Intel Core i5 3.1GHz,5,Intel Iris Plus Graphics 650,3,13.3,,,,Kaggle,249,https://www.kaggle.com/datasets/eslamelsolya/laptop-price-prediction,
"Dell 2 in 1 Convertible 15.6"" Intel Core i7 8550U 1.8GHz 8GB 1TB HDD (Intel UHD Graphics 620)",43636.32,,Dell,8,1024,HDD,Intel Core i7 8550U 1.8GHz,7,Intel UHD Graphics 620,2,15.6,,,,Kaggle,250,https://www.kaggle.com/datasets/eslamelsolya/laptop-price-prediction,
"Asus Gaming 17.3"" Intel Core i7 7700HQ 2.8GHz 16GB 256GB SSD + 1TB HDD (Nvidia GeForce GTX 980M)",95850.72,,Asus,16,256,SSD,Intel Core i7 7700HQ 2.8GHz,7,Nvidia GeForce GTX 980M,5,17.3,,,,Kaggle,251,https://www.kaggle.com/datasets/eslamelsolya/laptop-price-prediction,
"Asus Notebook 15.6"" AMD A9-Series 9420 3GHz 4GB 1TB HDD (AMD Radeon R5 M420)",24988.32,,Asus,4,1024,HDD,AMD A9-Series 9420 3GHz,2,AMD Radeon R5 M420,2,15.6,,,,Kaggle,252,https://www.kaggle.com/datasets/eslamelsolya/laptop-price-prediction,
"Lenovo 2 in 1 Convertible 13.9"" Intel Core i7 8550U 1.8GHz 8GB 512GB SSD (Intel UHD Graphics 620)",98514.72,,Lenovo,8,512,SSD,Intel Core i7 8550U 1.8GHz,7,Intel UHD Graphics 620,2,13.9,,,,Kaggle,253,https://www.kaggle.com/datasets/eslamelsolya/laptop-price-prediction,
"Acer Notebook 17.3"" Intel Core i3 7130U 2.7GHz 4GB 256GB SSD (Nvidia GeForce MX130)",37402.56,,Acer,4,256,SSD,Intel Core i3 7130U 2.7GHz,3,Nvidia GeForce MX130,1,17.3,,,,Kaggle,254,https://www.kaggle.com/datasets/eslamelsolya/laptop-price-prediction,
"Dell Ultrabook 13.3"" Intel Core i5 8250U 1.6GHz 8GB 256GB SSD (Intel UHD Graphics 620)",50562.72,,Dell,8,256,SSD,Intel Core i5 8250U 1.6GHz,5,Intel UHD Graphics 620,2,13.3,,,,Kaggle,255,https://www.kaggle.com/datasets/eslamelsolya/laptop-price-prediction,
"HP Notebook 15.6"" AMD A6-Series A6-9220 2.5GHz 8GB 128GB SSD (AMD Radeon R4 Graphics)",23757.55,,HP,8,128,SSD,AMD A6-Series A6-9220 2.5GHz,4,AMD Radeon R4 Graphics,2,15.6,,,,Kaggle,256,https://www.kaggle.com/datasets/eslamelsolya/laptop-price-prediction,
"HP Notebook 17.3"" Intel Core i7 8550U 1.8GHz 16GB 1TB HDD (Nvidia GeForce MX150)",56423.52,,HP,16,1024,HDD,Intel Core i7 8550U 1.8GHz,7,Nvidia GeForce MX150,1,17.3,,,,Kaggle,257,https://www.kaggle.com/datasets/eslamelsolya/laptop-price-prediction,
"MSI Gaming 17.3"" Intel Core i7 7700HQ 2.8GHz 16GB 512GB SSD + 1TB HDD (Nvidia GeForce GTX 1070)",133146.72,,MSI,16,512,SSD,Intel Core i7 7700HQ 2.8GHz,7,Nvidia GeForce GTX 1070,6,17.3,,,,Kaggle,258,https://www.kaggle.com/datasets/eslamelsolya/laptop-price-prediction,
"Lenovo 2 in 1 Convertible 15.6"" Intel Core i7 7700HQ 2.8GHz 8GB 512GB SSD (Nvidia GeForce GTX 1050M)",90522.72,,Lenovo,8,512,SSD,Intel Core i7 7700HQ 2.8GHz,7,Nvidia GeForce GTX 1050M,4,15.6,,,,Kaggle,259,https://www.kaggle.com/datasets/eslamelsolya/laptop-price-prediction,
"Dell Notebook 17.3"" Intel Core i7 8550U 1.8GHz 8GB 128GB SSD + 1TB HDD (AMD Radeon 530)",60845.76,,Dell,8,128,SSD,Intel Core i7 8550U 1.8GHz,7,AMD Radeon 530,2,17.3,,,,Kaggle,260,https://www.kaggle.com/datasets/eslamelsolya/laptop-price-prediction,
"Lenovo Notebook 15.6"" Intel Core i3 6006U 2GHz 4GB 256GB SSD (Intel HD Graphics 520)",23656.32,,Lenovo,4,256,SSD,Intel Core i3 6006U 2GHz,3,Intel HD Graphics 520,2,15.6,,,,Kaggle,261,https://www.kaggle.com/datasets/eslamelsolya/laptop-price-prediction,
"HP Notebook 15.6"" Intel Core i5 8250U 1.6GHz 4GB 500GB HDD (Intel HD Graphics 620)",38468.16,,HP,4,500,HDD,Intel Core i5 8250U 1.6GHz,5,Intel HD Graphics 620,2,15.6,,,,Kaggle,262,https://www.kaggle.com/datasets/eslamelsolya/laptop-price-prediction,
"Dell Notebook 15.6"" Intel Core i5 7200U 2.5GHz 4GB 1TB HDD (Intel HD Graphics 620)",35004.96,,Dell,4,1024,HDD,Intel Core i5 7200U 2.5GHz,5,Intel HD Graphics 620,2,15.6,,,,Kaggle,263,https://www.kaggle.com/datasets/eslamelsolya/laptop-price-prediction,
"Dell Notebook 15.6"" Intel Core i5 7200U 2.5GHz 8GB 1TB HDD (AMD Radeon R5 M430)",30103.2,,Dell,8,1024,HDD,Intel Core i5 7200U 2.5GHz,5,AMD Radeon R5 M430,2,15.6,,,,Kaggle,264,https://www.kaggle.com/datasets/eslamelsolya/laptop-price-prediction,
"Dell 2 in 1 Convertible 15.6"" Intel Core i5 8250U 1.6GHz 8GB 256GB SSD (Intel UHD Graphics 620)",42570.72,,Dell,8,256,SSD,Intel Core i5 8250U 1.6GHz,5,Intel UHD Graphics 620,2,15.6,,,,Kaggle,265,https://www.kaggle.com/datasets/eslamelsolya/laptop-price-prediction,
"Asus 2 in 1 Convertible 13.3"" Intel Core i7 8550U 1.8GHz 8GB 512GB SSD + 512GB SSD (Intel UHD Graphics 620)",79866.72,,Asus,8,512,SSD,Intel Core i7 8550U 1.8GHz,7,Intel UHD Graphics 620,2,13.3,,,,Kaggle,266,https://www.kaggle.com/datasets/eslamelsolya/laptop-price-prediction,
"Lenovo Notebook 15.6"" Intel Core i5 7200U 2.5GHz 4GB 1TB HDD (Intel HD Graphics 620)",24881.76,,Lenovo,4,1024,HDD,Intel Core i5 7200U 2.5GHz,5,Intel HD Graphics 620,2,15.6,,,,Kaggle,267,https://www.kaggle.com/datasets/eslamelsolya/laptop-price-prediction,
"HP Notebook 17.3"" Intel Core i7 8550U 1.8GHz 8GB 1TB HDD (Nvidia GeForce 930MX)",54239.04,,HP,8,1024,HDD,Intel Core i7 8550U 1.8GHz,7,Nvidia GeForce 930MX,1,17.3,,,,Kaggle,268,https://www.kaggle.com/datasets/eslamelsolya/laptop-price-prediction,
"Lenovo Notebook 15.6"" Intel Core i7 8550U 1.8GHz 8GB 256GB SSD (Intel UHD Graphics 620)",46886.4,,Lenovo,8,256,SSD,Intel Core i7 8550U 1.8GHz,7,Intel UHD Graphics 620,2,15.6,,,,Kaggle,269,https://www.kaggle.com/datasets/eslamelsolya/laptop-price-prediction,
"Apple Ultrabook 13.3"" Intel Core i5 2.9GHz 8GB 512GB SSD (Intel Iris Graphics 550)",104370.19,,Apple,8,512,SSD,Intel Core i5 2.9GHz,5,Intel Iris Graphics 550,3,13.3,,,,Kaggle,270,https://www.kaggle.com/datasets/eslamelsolya/laptop-price-prediction,
"Asus Gaming 17.3"" AMD Ryzen 1700 3GHz 16GB 256GB SSD + 1TB HDD (AMD Radeon RX 580)",82530.72,,Asus,16,256,SSD,AMD Ryzen 1700 3GHz,4,AMD Radeon RX 580,2,17.3,,,,Kaggle,271,https://www.kaggle.com/datasets/eslamelsolya/laptop-price-prediction,
"Dell Notebook 15.6"" Intel Core i7 8550U 1.8GHz 8GB 256GB SSD (AMD Radeon 520)",39164.53,,Dell,8,256,SSD,Intel Core i7 8550U 1.8GHz,7,AMD Radeon 520,2,15.6,,,,Kaggle,272,https://www.kaggle.com/datasets/eslamelsolya/laptop-price-prediction,
"Lenovo 2 in 1 Convertible 14.0"" Intel Core i7 6600U 2.6GHz 16GB 512GB SSD (Intel HD Graphics 520)",133146.72,,Lenovo,16,512,SSD,Intel Core i7 6600U 2.6GHz,7,Intel HD Graphics 520,2,14.0,,,,Kaggle,273,https://www.kaggle.com/datasets/eslamelsolya/laptop-price-prediction,
"Toshiba Notebook 15.6"" Intel Core i7 6500U 2.5GHz 8GB 500GB HDD (Nvidia GeForce 930M)",43263.36,,Toshiba,8,500,HDD,Intel Core i7 6500U 2.5GHz,7,Nvidia GeForce 930M,1,15.6,,,,Kaggle,274,https://www.kaggle.com/datasets/eslamelsolya/laptop-price-prediction,
"Dell Notebook 15.6"" Intel Core i7 7500U 2.7GHz 12GB 1TB HDD (Intel HD Graphics 620)",37992.37,,Dell,12,1024,HDD,Intel Core i7 7500U 2.7GHz,7,Intel HD Graphics 620,2,15.6,,,,Kaggle,275,https://www.kaggle.com/datasets/eslamelsolya/laptop-price-prediction,
"Dell Notebook 17.3"" Intel Core i7 8550U 1.8GHz 8GB 128GB SSD + 1TB HDD (AMD Radeon 530)",58554.72,,Dell,8,128,SSD,Intel Core i7 8550U 1.8GHz,7,AMD Radeon 530,2,17.3,,,,Kaggle,276,https://www.kaggle.com/datasets/eslamelsolya/laptop-price-prediction,
"Acer Notebook 15.6"" Intel Core i7 8550U 1.8GHz 8GB 1TB HDD (Nvidia GeForce MX130)",39693.6,,Acer,8,1024,HDD,Intel Core i7 8550U 1.8GHz,7,Nvidia GeForce MX130,1,15.6,,,,Kaggle,277,https://www.kaggle.com/datasets/eslamelsolya/laptop-price-prediction,
"Lenovo Notebook 17.3"" Intel Core i3 6006U 2GHz 4GB 1TB HDD (Intel HD Graphics 520)",26053.92,,Lenovo,4,1024,HDD,Intel Core i3 6006U 2GHz,3,Intel HD Graphics 520,2,17.3,,,,Kaggle,278,https://www.kaggle.com/datasets/eslamelsolya/laptop-price-prediction,
"Lenovo Notebook 17.3"" Intel Core i7 8550U 1.8GHz 8GB 2TB HDD (Nvidia GeForce MX150)",45234.72,,Lenovo,8,2048,HDD,Intel Core i7 8550U 1.8GHz,7,Nvidia GeForce MX150,1,17.3,,,,Kaggle,279,https://www.kaggle.com/datasets/eslamelsolya/laptop-price-prediction,
"Lenovo Notebook 17.3"" Intel Core i7 7500U 2.7GHz 6GB 128GB SSD + 1TB HDD (Nvidia GeForce 940MX)",45767.52,,Lenovo,6,128,SSD,Intel Core i7 7500U 2.7GHz,7,Nvidia GeForce 940MX,1,17.3,,,,Kaggle,280,https://www.kaggle.com/datasets/eslamelsolya/laptop-price-prediction,
"Dell Notebook 15.6"" Intel Core i3 6006U 2.0GHz 4GB 1TB HDD (AMD Radeon R5 M430)",22803.84,,Dell,4,1024,HDD,Intel Core i3 6006U 2.0GHz,3,AMD Radeon R5 M430,2,15.6,,,,Kaggle,281,https://www.kaggle.com/datasets/eslamelsolya/laptop-price-prediction,
"Lenovo Gaming 15.6"" Intel Core i5 7300HQ 2.5GHz 8GB 256GB SSD (Nvidia GeForce GTX 1050)",44169.12,,Lenovo,8,256,SSD,Intel Core i5 7300HQ 2.5GHz,5,Nvidia GeForce GTX 1050,4,15.6,,,,Kaggle,282,https://www.kaggle.com/datasets/eslamelsolya/laptop-price-prediction,
"Lenovo Notebook 15.6"" Intel Core i5 7200U 2.5GHz 6GB 256GB SSD (Intel HD Graphics 620)",30849.12,,Lenovo,6,256,SSD,Intel Core i5 7200U 2.5GHz,5,Intel HD Graphics 620,2,15.6,,,,Kaggle,283,https://www.kaggle.com/datasets/eslamelsolya/laptop-price-prediction,
"Acer Notebook 15.6"" Intel Core i7 8550U 1.8GHz 8GB 256GB SSD (Nvidia GeForce MX150)",50669.28,,Acer,8,256,SSD,Intel Core i7 8550U 1.8GHz,7,Nvidia GeForce MX150,1,15.6,,,,Kaggle,284,https://www.kaggle.com/datasets/eslamelsolya/laptop-price-prediction,
"Acer Notebook 15.6"" Intel Core i7 7500U 2.7GHz 12GB 1TB HDD (Intel HD Graphics 620)",35111.52,,Acer,12,1024,HDD,Intel Core i7 7500U 2.7GHz,7,Intel HD Graphics 620,2,15.6,,,,Kaggle,285,https://www.kaggle.com/datasets/eslamelsolya/laptop-price-prediction,
"Lenovo Notebook 15.6"" Intel Core i7 7500U 2.7GHz 8GB 256GB SSD (Intel HD Graphics 630)",58448.16,,Lenovo,8,256,SSD,Intel Core i7 7500U 2.7GHz,7,Intel HD Graphics 630,2,15.6,,,,Kaggle,286,https://www.kaggle.com/datasets/eslamelsolya/laptop-price-prediction,
"Asus Ultrabook 15.6"" Intel Core i5 7200U 2.5GHz 8GB 256GB SSD (Nvidia GeForce 940MX)",52054.56,,Asus,8,256,SSD,Intel Core i5 7200U 2.5GHz,5,Nvidia GeForce 940MX,1,15.6,,,,Kaggle,287,https://www.kaggle.com/datasets/eslamelsolya/laptop-price-prediction,
"Lenovo Gaming 15.6"" Intel Core i7 7700HQ 2.8GHz 16GB 256GB SSD + 1TB HDD (Nvidia GeForce GTX 1050 Ti)",62817.12,,Lenovo,16,256,SSD,Intel Core i7 7700HQ 2.8GHz,7,Nvidia GeForce GTX 1050 Ti,4,15.6,,,,Kaggle,288,https://www.kaggle.com/datasets/eslamelsolya/laptop-price-prediction,
"Lenovo Notebook 15.6"" Intel Core i7 7500U 2.7GHz 8GB 1TB HDD (Nvidia GeForce 940MX)",35112.05,,Lenovo,8,1024,HDD,Intel Core i7 7500U 2.7GHz,7,Nvidia GeForce 940MX,1,15.6,,,,Kaggle,289,https://www.kaggle.com/datasets/eslamelsolya/laptop-price-prediction,
"Acer Notebook 15.6"" Intel Celeron Dual Core 3205U 1.5GHz 2GB 16GB SSD (Intel HD Graphics)",10602.72,,Acer,2,16,SSD,Intel Celeron Dual Core 3205U 1.5GHz,1,Intel HD Graphics,2,15.6,,,,Kaggle,290,https://www.kaggle.com/datasets/eslamelsolya/laptop-price-prediction,
"Asus Gaming 17.3"" Intel Core i7 7700HQ 2.8GHz 8GB 1TB HDD (Nvidia GeForce GTX 1050)",63243.36,,Asus,8,1024,HDD,Intel Core i7 7700HQ 2.8GHz,7,Nvidia GeForce GTX 1050,4,17.3,,,,Kaggle,291,https://www.kaggle.com/datasets/eslamelsolya/laptop-price-prediction,
"HP Notebook 17.3"" Intel Core i3 6006U 2GHz 8GB 1TB HDD (Intel HD Graphics 520)",26053.92,,HP,8,1024,HDD,Intel Core i3 6006U 2GHz,3,Intel HD Graphics 520,2,17.3,,,,Kaggle,292,https://www.kaggle.com/datasets/eslamelsolya/laptop-price-prediction,
"Dell Notebook 15.6"" Intel Core i7 7700HQ 2.8GHz 8GB 256GB SSD (Nvidia GeForce GTX 1050)",97449.12,,Dell,8,256,SSD,Intel Core i7 7700HQ 2.8GHz,7,Nvidia GeForce GTX 1050,4,15.6,,,,Kaggle,293,https://www.kaggle.com/datasets/eslamelsolya/laptop-price-prediction,
"Lenovo Notebook 15.6"" Intel Core i5 8250U 1.6GHz 8GB 256GB SSD (Intel UHD Graphics 620)",39373.92,,Lenovo,8,256,SSD,Intel Core i5 8250U 1.6GHz,5,Intel UHD Graphics 620,2,15.6,,,,Kaggle,294,https://www.kaggle.com/datasets/eslamelsolya/laptop-price-prediction,
"Lenovo Gaming 15.6"" Intel Core i7 7700HQ 2.8GHz 8GB 1TB HDD (Nvidia GeForce GTX 1060)",69210.72,,Lenovo,8,1024,HDD,Intel Core i7 7700HQ 2.8GHz,7,Nvidia GeForce GTX 1060,1,15.6,,,,Kaggle,295,https://www.kaggle.com/datasets/eslamelsolya/laptop-price-prediction,
"Acer Notebook 15.6"" Intel Core i7 7700HQ 2.8GHz 8GB 256GB SSD (Nvidia GeForce GTX 1050 Ti)",52161.12,,Acer,8,256,SSD,Intel Core i7 7700HQ 2.8GHz,7,Nvidia GeForce GTX 1050 Ti,4,15.6,,,,Kaggle,296,https://www.kaggle.com/datasets/eslamelsolya/laptop-price-prediction,
"Dell Workstation 17.3"" Intel Core i7 7820HQ 2.9GHz 16GB 256GB SSD (Nvidia Quadro M1200)",153705.34,,Dell,16,256,SSD,Intel Core i7 7820HQ 2.9GHz,7,Nvidia Quadro M1200,6,17.3,,,,Kaggle,297,https://www.kaggle.com/datasets/eslamelsolya/laptop-price-prediction,
"Lenovo Notebook 15.6"" AMD A10-Series 9600P 2.4GHz 6GB 1TB HDD (AMD Radeon R5 430)",26586.72,,Lenovo,6,1024,HDD,AMD A10-Series 9600P 2.4GHz,4,AMD Radeon R5 430,2,15.6,,,,Kaggle,298,https://www.kaggle.com/datasets/eslamelsolya/laptop-price-prediction,
"Asus Ultrabook 15.6"" Intel Core i7 7500U 2.7GHz 16GB 512GB SSD (Nvidia GeForce 940MX)",78215.04,,Asus,16,512,SSD,Intel Core i7 7500U 2.7GHz,7,Nvidia GeForce 940MX,1,15.6,,,,Kaggle,299,https://www.kaggle.com/datasets/eslamelsolya/laptop-price-prediction,
"Asus Notebook 14.0"" Intel Core i3 7100U 2.4GHz 4GB 128GB SSD (Intel HD Graphics 620)",27119.52,,Asus,4,128,SSD,Intel Core i3 7100U 2.4GHz,3,Intel HD Graphics 620,2,14.0,,,,Kaggle,300,https://www.kaggle.com/datasets/eslamelsolya/laptop-price-prediction,
"Asus Gaming 17.3"" Intel Core i7 7700HQ 2.8GHz 16GB 256GB SSD + 1TB HDD (Nvidia GeForce GTX 1070)",113060.16,,Asus,16,256,SSD,Intel Core i7 7700HQ 2.8GHz,7,Nvidia GeForce GTX 1070,6,17.3,,,,Kaggle,301,https://www.kaggle.com/datasets/eslamelsolya/laptop-price-prediction,
"Lenovo Notebook 17.3"" Intel Core i5 7200U 2.5GHz 6GB 1TB HDD (Nvidia GeForce GTX 940M)",34578.72,,Lenovo,6,1024,HDD,Intel Core i5 7200U 2.5GHz,5,Nvidia GeForce GTX 940M,1,17.3,,,,Kaggle,302,https://www.kaggle.com/datasets/eslamelsolya/laptop-price-prediction,
"Lenovo Notebook 15.6"" Intel Core i5 7200U 2.5GHz 8GB 2TB HDD (Nvidia GeForce 940MX)",29250.72,,Lenovo,8,2048,HDD,Intel Core i5 7200U 2.5GHz,5,Nvidia GeForce 940MX,1,15.6,,,,Kaggle,303,https://www.kaggle.com/datasets/eslamelsolya/laptop-price-prediction,
"Asus Gaming 15.6"" Intel Core i7 7700HQ 2.8GHz 8GB 128GB SSD + 1TB HDD (Nvidia GeForce GTX 1050 Ti)",67399.2,,Asus,8,128,SSD,Intel Core i7 7700HQ 2.8GHz,7,Nvidia GeForce GTX 1050 Ti,4,15.6,,,,Kaggle,304,https://www.kaggle.com/datasets/eslamelsolya/laptop-price-prediction,
"Lenovo Notebook 15.6"" Intel Pentium Quad Core N4200 1.1GHz 4GB 1TB HDD (Intel HD Graphics 505)",19180.27,,Lenovo,4,1024,HDD,Intel Pentium Quad Core N4200 1.1GHz,2,Intel HD Graphics 505,2,15.6,,,,Kaggle,305,https://www.kaggle.com/datasets/eslamelsolya/laptop-price-prediction,
"HP 2 in 1 Convertible 13.3"" Intel Core i7 7600U 2.8GHz 16GB 256GB SSD (Intel HD Graphics 620)",105228.0,,HP,16,256,SSD,Intel Core i7 7600U 2.8GHz,7,Intel HD Graphics 620,2,13.3,,,,Kaggle,306,https://www.kaggle.com/datasets/eslamelsolya/laptop-price-prediction,
"Toshiba Notebook 15.6"" Intel Core i7 6500U 2.5GHz 8GB 256GB SSD (Nvidia GeForce 930M)",55571.04,,Toshiba,8,256,SSD,Intel Core i7 6500U 2.5GHz,7,Nvidia GeForce 930M,1,15.6,,,,Kaggle,307,https://www.kaggle.com/datasets/eslamelsolya/laptop-price-prediction,
"Lenovo Notebook 15.6"" Intel Core i5 7200U 2.5GHz 8GB 128GB SSD + 1TB HDD (Nvidia GeForce 940MX)",43636.32,,Lenovo,8,128,SSD,Intel Core i5 7200U 2.5GHz,5,Nvidia GeForce 940MX,1,15.6,,,,Kaggle,308,https://www.kaggle.com/datasets/eslamelsolya/laptop-price-prediction,
"HP Notebook 15.6"" Intel Core i3 6006U 2GHz 4GB 1TB HDD (Intel HD Graphics 520)",24988.32,,HP,4,1024,HDD,Intel Core i3 6006U 2GHz,3,Intel HD Graphics 520,2,15.6,,,,Kaggle,309,https://www.kaggle.com/datasets/eslamelsolya/laptop-price-prediction,
"Lenovo Notebook 13.3"" Intel Core i5 7200U 2.5GHz 8GB 256GB SSD (Intel HD Graphics 620)",53226.72,,Lenovo,8,256,SSD,Intel Core i5 7200U 2.5GHz,5,Intel HD Graphics 620,2,13.3,,,,Kaggle,310,https://www.kaggle.com/datasets/eslamelsolya/laptop-price-prediction,
"Dell Ultrabook 13.3"" Intel Core i7 8550U 1.8GHz 16GB 1TB SSD (Intel UHD Graphics 620)",133146.72,,Dell,16,1024,SSD,Intel Core i7 8550U 1.8GHz,7,Intel UHD Graphics 620,2,13.3,,,,Kaggle,311,https://www.kaggle.com/datasets/eslamelsolya/laptop-price-prediction,
"MSI Gaming 15.6"" Intel Core i7 7700HQ 2.8GHz 16GB 256GB SSD + 1TB HDD (Nvidia GeForce GTX 1070)",111834.72,,MSI,16,256,SSD,Intel Core i7 7700HQ 2.8GHz,7,Nvidia GeForce GTX 1070,6,15.6,,,,Kaggle,312,https://www.kaggle.com/datasets/eslamelsolya/laptop-price-prediction,
"Acer Notebook 15.6"" AMD A8-Series 7410 2.2GHz 8GB 256GB SSD (AMD Radeon R5)",24988.32,,Acer,8,256,SSD,AMD A8-Series 7410 2.2GHz,4,AMD Radeon R5,2,15.6,,,,Kaggle,313,https://www.kaggle.com/datasets/eslamelsolya/laptop-price-prediction,
"Asus 2 in 1 Convertible 11.6"" Intel Celeron Dual Core N3350 1.1GHz 2GB 32GB Flash Storage (Intel HD Graphics 500)",14652.0,,Asus,2,32,FLASH,Intel Celeron Dual Core N3350 1.1GHz,1,Intel HD Graphics 500,2,11.6,,,,Kaggle,314,https://www.kaggle.com/datasets/eslamelsolya/laptop-price-prediction,
"Dell Notebook 15.6"" Intel Core i5 8250U 1.6GHz 8GB 128GB SSD + 1TB HDD (AMD Radeon 530)",44968.32,,Dell,8,128,SSD,Intel Core i5 8250U 1.6GHz,5,AMD Radeon 530,2,15.6,,,,Kaggle,315,https://www.kaggle.com/datasets/eslamelsolya/laptop-price-prediction,
"HP 2 in 1 Convertible 13.3"" Intel Core i7 8550U 1.8GHz 16GB 1TB SSD (Intel UHD Graphics 620)",130482.72,,HP,16,1024,SSD,Intel Core i7 8550U 1.8GHz,7,Intel UHD Graphics 620,2,13.3,,,,Kaggle,316,https://www.kaggle.com/datasets/eslamelsolya/laptop-price-prediction,
"Lenovo Notebook 13.3"" Intel Celeron Dual Core 3855U 1.6GHz 4GB 16GB Flash Storage (Intel HD Graphics 510)",24503.47,,Lenovo,4,16,FLASH,Intel Celeron Dual Core 3855U 1.6GHz,1,Intel HD Graphics 510,2,13.3,,,,Kaggle,317,https://www.kaggle.com/datasets/eslamelsolya/laptop-price-prediction,
"HP Notebook 14.0"" Intel Core i5 7200U 2.5GHz 8GB 256GB SSD (Intel HD Graphics 620)",52214.4,,HP,8,256,SSD,Intel Core i5 7200U 2.5GHz,5,Intel HD Graphics 620,2,14.0,,,,Kaggle,318,https://www.kaggle.com/datasets/eslamelsolya/laptop-price-prediction,
"Acer Notebook 11.6"" Intel Pentium Quad Core N3710 1.6GHz 4GB 128GB Flash Storage (Intel HD Graphics 405)",25840.8,,Acer,4,128,FLASH,Intel Pentium Quad Core N3710 1.6GHz,2,Intel HD Graphics 405,2,11.6,,,,Kaggle,319,https://www.kaggle.com/datasets/eslamelsolya/laptop-price-prediction,
"HP Notebook 14.0"" Intel Core i7 7500U 2.7GHz 8GB 256GB SSD (Intel HD Graphics 620)",68837.76,,HP,8,256,SSD,Intel Core i7 7500U 2.7GHz,7,Intel HD Graphics 620,2,14.0,,,,Kaggle,320,https://www.kaggle.com/datasets/eslamelsolya/laptop-price-prediction,
"Lenovo Notebook 17.3"" Intel Core i5 7200U 2.5GHz 4GB 1TB HDD (Nvidia GeForce 920MX)",31381.92,,Lenovo,4,1024,HDD,Intel Core i5 7200U 2.5GHz,5,Nvidia GeForce 920MX,1,17.3,,,,Kaggle,321,https://www.kaggle.com/datasets/eslamelsolya/laptop-price-prediction,
"Asus Notebook 14.0"" Intel Core i7 7500U 2.7GHz 8GB 256GB SSD (Intel HD Graphics 620)",58288.32,,Asus,8,256,SSD,Intel Core i7 7500U 2.7GHz,7,Intel HD Graphics 620,2,14.0,,,,Kaggle,322,https://www.kaggle.com/datasets/eslamelsolya/laptop-price-prediction,
"HP Notebook 15.6"" Intel Core i7 8550U 1.8GHz 8GB 1TB HDD (Intel UHD Graphics 620)",48058.56,,HP,8,1024,HDD,Intel Core i7 8550U 1.8GHz,7,Intel UHD Graphics 620,2,15.6,,,,Kaggle,323,https://www.kaggle.com/datasets/eslamelsolya/laptop-price-prediction,
"Acer Notebook 15.6"" AMD A12-Series 9720P 2.7GHz 8GB 256GB SSD (AMD Radeon RX 540)",35111.52,,Acer,8,256,SSD,AMD A12-Series 9720P 2.7GHz,4,AMD Radeon RX 540,2,15.6,,,,Kaggle,324,https://www.kaggle.com/datasets/eslamelsolya/laptop-price-prediction,
"Lenovo Notebook 14.0"" Intel Celeron Dual Core N3350 1.1GHz 4GB 32GB Flash Storage (Intel HD Graphics 500)",15557.76,,Lenovo,4,32,FLASH,Intel Celeron Dual Core N3350 1.1GHz,1,Intel HD Graphics 500,2,14.0,,,,Kaggle,325,https://www.kaggle.com/datasets/eslamelsolya/laptop-price-prediction,
"Acer Notebook 15.6"" Intel Core i5 7200U 2.5GHz 6GB 1TB HDD (Intel HD Graphics 620)",29250.72,,Acer,6,1024,HDD,Intel Core i5 7200U 2.5GHz,5,Intel HD Graphics 620,2,15.6,,,,Kaggle,326,https://www.kaggle.com/datasets/eslamelsolya/laptop-price-prediction,
"Asus Ultrabook 15.6"" Intel Core i7 7500U 2.7GHz 8GB 256GB SSD (Nvidia GeForce 940MX)",55938.67,,Asus,8,256,SSD,Intel Core i7 7500U 2.7GHz,7,Nvidia GeForce 940MX,1,15.6,,,,Kaggle,327,https://www.kaggle.com/datasets/eslamelsolya/laptop-price-prediction,
"HP Ultrabook 12.5"" Intel Core i7 7500U 2.7GHz 8GB 256GB SSD (Intel HD Graphics 620)",71128.8,,HP,8,256,SSD,Intel Core i7 7500U 2.7GHz,7,Intel HD Graphics 620,2,12.5,,,,Kaggle,328,https://www.kaggle.com/datasets/eslamelsolya/laptop-price-prediction,
"Dell Notebook 15.6"" Intel Core i7 7700HQ 2.8GHz 32GB 1TB SSD (Nvidia GeForce GTX 1050)",140605.92,,Dell,32,1024,SSD,Intel Core i7 7700HQ 2.8GHz,7,Nvidia GeForce GTX 1050,4,15.6,,,,Kaggle,329,https://www.kaggle.com/datasets/eslamelsolya/laptop-price-prediction,
"MSI Gaming 17.3"" Intel Core i7 7700HQ 2.8GHz 8GB 256GB SSD + 1TB HDD (Nvidia GeForce GTX 1050 Ti)",63882.72,,MSI,8,256,SSD,Intel Core i7 7700HQ 2.8GHz,7,Nvidia GeForce GTX 1050 Ti,4,17.3,,,,Kaggle,330,https://www.kaggle.com/datasets/eslamelsolya/laptop-price-prediction,
"Toshiba Notebook 15.6"" Intel Core i5 7200U 2.5GHz 8GB 256GB SSD (Intel HD Graphics 620)",50243.04,,Toshiba,8,256,SSD,Intel Core i5 7200U 2.5GHz,5,Intel HD Graphics 620,2,15.6,,,,Kaggle,331,https://www.kaggle.com/datasets/eslamelsolya/laptop-price-prediction,
"Asus Notebook 14.0"" Intel Core i7 7500U 2.7GHz 8GB 256GB SSD + 1TB HDD (Intel HD Graphics 620)",71075.52,,Asus,8,256,SSD,Intel Core i7 7500U 2.7GHz,7,Intel HD Graphics 620,2,14.0,,,,Kaggle,332,https://www.kaggle.com/datasets/eslamelsolya/laptop-price-prediction,
"Lenovo Notebook 15.6"" Intel Core i3 6006U 2GHz 4GB 1TB HDD (Intel HD Graphics 520)",23922.72,,Lenovo,4,1024,HDD,Intel Core i3 6006U 2GHz,3,Intel HD Graphics 520,2,15.6,,,,Kaggle,333,https://www.kaggle.com/datasets/eslamelsolya/laptop-price-prediction,
"Asus Gaming 15.6"" Intel Core i7 7700HQ 2.8GHz 8GB 256GB SSD (Nvidia GeForce GTX 1050)",53226.72,,Asus,8,256,SSD,Intel Core i7 7700HQ 2.8GHz,7,Nvidia GeForce GTX 1050,4,15.6,,,,Kaggle,334,https://www.kaggle.com/datasets/eslamelsolya/laptop-price-prediction,
"HP Notebook 14.0"" Intel Core i5 7300U 2.6GHz 8GB 256GB SSD (Intel HD Graphics 620)",67559.04,,HP,8,256,SSD,Intel Core i5 7300U 2.6GHz,5,Intel HD Graphics 620,2,14.0,,,,Kaggle,335,https://www.kaggle.com/datasets/eslamelsolya/laptop-price-prediction,
"Dell Ultrabook 15.6"" Intel Core i5 8250U 1.6GHz 8GB 128GB SSD + 1TB HDD (Nvidia GeForce 940MX)",55890.72,,Dell,8,128,SSD,Intel Core i5 8250U 1.6GHz,5,Nvidia GeForce 940MX,1,15.6,,,,Kaggle,336,https://www.kaggle.com/datasets/eslamelsolya/laptop-price-prediction,
"HP Notebook 15.6"" Intel Core i5 7200U 2.5GHz 8GB 256GB SSD (Intel HD Graphics 620)",60952.32,,HP,8,256,SSD,Intel Core i5 7200U 2.5GHz,5,Intel HD Graphics 620,2,15.6,,,,Kaggle,337,https://www.kaggle.com/datasets/eslamelsolya/laptop-price-prediction,
"Asus Notebook 15.6"" Intel Celeron Dual Core N3350 1.1GHz 4GB 1TB HDD (Intel HD Graphics 500)",14651.47,,Asus,4,1024,HDD,Intel Celeron Dual Core N3350 1.1GHz,1,Intel HD Graphics 500,2,15.6,,,,Kaggle,338,https://www.kaggle.com/datasets/eslamelsolya/laptop-price-prediction,
"Dell Notebook 15.6"" Intel Core i5 8250U 1.6GHz 8GB 256GB SSD (Nvidia GeForce 940MX)",60885.72,,Dell,8,256,SSD,Intel Core i5 8250U 1.6GHz,5,Nvidia GeForce 940MX,1,15.6,,,,Kaggle,339,https://www.kaggle.com/datasets/eslamelsolya/laptop-price-prediction,
"Dell Notebook 15.6"" Intel Celeron Dual Core N3060 1.6GHz 4GB 500GB HDD (Intel HD Graphics)",14646.67,,Dell,4,500,HDD,Intel Celeron Dual Core N3060 1.6GHz,1,Intel HD Graphics,2,15.6,,,,Kaggle,340,https://www.kaggle.com/datasets/eslamelsolya/laptop-price-prediction,
"Lenovo Notebook 15.6"" AMD A12-Series 9720P 3.6GHz 12GB 2TB HDD (AMD Radeon 530)",47898.72,,Lenovo,12,2048,HDD,AMD A12-Series 9720P 3.6GHz,4,AMD Radeon 530,2,15.6,,,,Kaggle,341,https://www.kaggle.com/datasets/eslamelsolya/laptop-price-prediction,
"HP Notebook 15.6"" Intel Core i3 7100U 2.4GHz 8GB 1TB HDD (Nvidia GeForce 930MX)",38148.48,,HP,8,1024,HDD,Intel Core i3 7100U 2.4GHz,3,Nvidia GeForce 930MX,1,15.6,,,,Kaggle,342,https://www.kaggle.com/datasets/eslamelsolya/laptop-price-prediction,
"Lenovo 2 in 1 Convertible 13.9"" Intel Core i7 8550U 1.8GHz 16GB 512GB SSD (Intel UHD Graphics 620)",111834.72,,Lenovo,16,512,SSD,Intel Core i7 8550U 1.8GHz,7,Intel UHD Graphics 620,2,13.9,,,,Kaggle,343,https://www.kaggle.com/datasets/eslamelsolya/laptop-price-prediction,
"Dell Ultrabook 13.3"" Intel Core i7 8550U 1.8GHz 8GB 256GB SSD (Intel UHD Graphics 620)",84129.12,,Dell,8,256,SSD,Intel Core i7 8550U 1.8GHz,7,Intel UHD Graphics 620,2,13.3,,,,Kaggle,344,https://www.kaggle.com/datasets/eslamelsolya/laptop-price-prediction,
"Lenovo Gaming 15.6"" Intel Core i7 7700HQ 2.8GHz 16GB 256GB SSD + 2TB HDD (Nvidia GeForce GTX 1050 Ti)",60153.12,,Lenovo,16,256,SSD,Intel Core i7 7700HQ 2.8GHz,7,Nvidia GeForce GTX 1050 Ti,4,15.6,,,,Kaggle,345,https://www.kaggle.com/datasets/eslamelsolya/laptop-price-prediction,
"HP Notebook 14.0"" Intel Celeron Dual Core N3060 1.6GHz 2GB 32GB Flash Storage (Intel HD Graphics 400)",14865.12,,HP,2,32,FLASH,Intel Celeron Dual Core N3060 1.6GHz,1,Intel HD Graphics 400,2,14.0,,,,Kaggle,346,https://www.kaggle.com/datasets/eslamelsolya/laptop-price-prediction,
"Dell Ultrabook 15.6"" Intel Core i7 8650U 1.9GHz 16GB 512GB SSD + 256GB SSD (Intel UHD Graphics 620)",85672.11,,Dell,16,512,SSD,Intel Core i7 8650U 1.9GHz,7,Intel UHD Graphics 620,2,15.6,,,,Kaggle,347,https://www.kaggle.com/datasets/eslamelsolya/laptop-price-prediction,
"Asus 2 in 1 Convertible 11.6"" Intel Celeron Dual Core N3350 1.1GHz 4GB 32GB Flash Storage (Intel HD Graphics 500)",19980.0,,Asus,4,32,FLASH,Intel Celeron Dual Core N3350 1.1GHz,1,Intel HD Graphics 500,2,11.6,,,,Kaggle,348,https://www.kaggle.com/datasets/eslamelsolya/laptop-price-prediction,
"Dell Ultrabook 15.6"" Intel Core i5 8250U 1.6GHz 8GB 1TB HDD (AMD Radeon 530)",35324.64,,Dell,8,1024,HDD,Intel Core i5 8250U 1.6GHz,5,AMD Radeon 530,2,15.6,,,,Kaggle,349,https://www.kaggle.com/datasets/eslamelsolya/laptop-price-prediction,
"Dell Notebook 15.6"" Intel Core i7 7700HQ 2.8GHz 16GB 512GB SSD (Nvidia GeForce GTX 1050)",108020.94,,Dell,16,512,SSD,Intel Core i7 7700HQ 2.8GHz,7,Nvidia GeForce GTX 1050,4,15.6,,,,Kaggle,350,https://www.kaggle.com/datasets/eslamelsolya/laptop-price-prediction,
"HP Notebook 15.6"" Intel Core i7 7500U 2.7GHz 8GB 256GB SSD (Intel HD Graphics 620)",69477.12,,HP,8,256,SSD,Intel Core i7 7500U 2.7GHz,7,Intel HD Graphics 620,2,15.6,,,,Kaggle,351,https://www.kaggle.com/datasets/eslamelsolya/laptop-price-prediction,
"MSI Gaming 17.3"" Intel Core i7 7700HQ 2.8GHz 8GB 128GB SSD + 1TB HDD (Nvidia GeForce GTX 1060)",75071.52,,MSI,8,128,SSD,Intel Core i7 7700HQ 2.8GHz,7,Nvidia GeForce GTX 1060,1,17.3,,,,Kaggle,352,https://www.kaggle.com/datasets/eslamelsolya/laptop-price-prediction,
"HP Workstation 15.6"" Intel Core i7 7700HQ 2.8GHz 8GB 256GB SSD (Nvidia Quadro M1200)",92615.03,,HP,8,256,SSD,Intel Core i7 7700HQ 2.8GHz,7,Nvidia Quadro M1200,6,15.6,,,,Kaggle,353,https://www.kaggle.com/datasets/eslamelsolya/laptop-price-prediction,
"Toshiba Notebook 15.6"" Intel Core i7 6500U 2.5GHz 16GB 512GB SSD (Nvidia GeForce 930M)",74751.84,,Toshiba,16,512,SSD,Intel Core i7 6500U 2.5GHz,7,Nvidia GeForce 930M,1,15.6,,,,Kaggle,354,https://www.kaggle.com/datasets/eslamelsolya/laptop-price-prediction,
"Dell Notebook 15.6"" Intel Core i7 8550U 1.8GHz 8GB 128GB SSD + 2TB HDD (AMD Radeon 530)",51729.55,,Dell,8,128,SSD,Intel Core i7 8550U 1.8GHz,7,AMD Radeon 530,2,15.6,,,,Kaggle,355,https://www.kaggle.com/datasets/eslamelsolya/laptop-price-prediction,
"Lenovo Notebook 15.6"" Intel Celeron Dual Core N3350 1.1GHz 4GB 1TB HDD (Intel HD Graphics 500)",17155.63,,Lenovo,4,1024,HDD,Intel Celeron Dual Core N3350 1.1GHz,1,Intel HD Graphics 500,2,15.6,,,,Kaggle,356,https://www.kaggle.com/datasets/eslamelsolya/laptop-price-prediction,
"Dell Gaming 15.6"" Intel Core i5 7300HQ 2.5GHz 8GB 1TB HDD (Nvidia GeForce GTX 1050)",53226.72,,Dell,8,1024,HDD,Intel Core i5 7300HQ 2.5GHz,5,Nvidia GeForce GTX 1050,4,15.6,,,,Kaggle,357,https://www.kaggle.com/datasets/eslamelsolya/laptop-price-prediction,
"Dell Notebook 15.6"" Intel Core i5 7200U 2.5GHz 8GB 2TB HDD (Intel HD Graphics 620)",29696.67,,Dell,8,2048,HDD,Intel Core i5 7200U 2.5GHz,5,Intel HD Graphics 620,2,15.6,,,,Kaggle,358,https://www.kaggle.com/datasets/eslamelsolya/laptop-price-prediction,
"Dell Notebook 14.0"" Intel Core i5 7300U 2.6GHz 8GB 256GB SSD (Intel HD Graphics 620)",76030.56,,Dell,8,256,SSD,Intel Core i5 7300U 2.6GHz,5,Intel HD Graphics 620,2,14.0,,,,Kaggle,359,https://www.kaggle.com/datasets/eslamelsolya/laptop-price-prediction,
"HP Notebook 15.6"" Intel Core i3 6006U 2GHz 4GB 500GB HDD (Intel HD Graphics 520)",23389.92,,HP,4,500,HDD,Intel Core i3 6006U 2GHz,3,Intel HD Graphics 520,2,15.6,,,,Kaggle,360,https://www.kaggle.com/datasets/eslamelsolya/laptop-price-prediction,
"Asus Notebook 14.0"" Intel Core i5 7200U 2.5GHz 8GB 256GB SSD (Intel HD Graphics 620)",50349.6,,Asus,8,256,SSD,Intel Core i5 7200U 2.5GHz,5,Intel HD Graphics 620,2,14.0,,,,Kaggle,361,https://www.kaggle.com/datasets/eslamelsolya/laptop-price-prediction,
"Lenovo Notebook 17.3"" Intel Core i5 7200U 2.5GHz 6GB 128GB SSD + 1TB HDD (Nvidia GeForce GTX 940MX)",38308.32,,Lenovo,6,128,SSD,Intel Core i5 7200U 2.5GHz,5,Nvidia GeForce GTX 940MX,1,17.3,,,,Kaggle,362,https://www.kaggle.com/datasets/eslamelsolya/laptop-price-prediction,
"HP Notebook 15.6"" Intel Core i5 7200U 2.5GHz 8GB 1TB HDD (Intel HD Graphics 620)",34045.92,,HP,8,1024,HDD,Intel Core i5 7200U 2.5GHz,5,Intel HD Graphics 620,2,15.6,,,,Kaggle,363,https://www.kaggle.com/datasets/eslamelsolya/laptop-price-prediction,
"Lenovo Notebook 15.6"" Intel Core i3 6006U 2GHz 8GB 256GB SSD (Nvidia GeForce 920MX)",26586.72,,Lenovo,8,256,SSD,Intel Core i3 6006U 2GHz,3,Nvidia GeForce 920MX,1,15.6,,,,Kaggle,364,https://www.kaggle.com/datasets/eslamelsolya/laptop-price-prediction,
"HP Notebook 15.6"" Intel Pentium Quad Core N3710 1.6GHz 8GB 2TB HDD (Intel HD Graphics 405)",20725.92,,HP,8,2048,HDD,Intel Pentium Quad Core N3710 1.6GHz,2,Intel HD Graphics 405,2,15.6,,,,Kaggle,365,https://www.kaggle.com/datasets/eslamelsolya/laptop-price-prediction,
"Dell Notebook 17.3"" Intel Core i5 8250U 1.6GHz 8GB 128GB SSD + 1TB HDD (AMD Radeon 530)",57808.8,,Dell,8,128,SSD,Intel Core i5 8250U 1.6GHz,5,AMD Radeon 530,2,17.3,,,,Kaggle,366,https://www.kaggle.com/datasets/eslamelsolya/laptop-price-prediction,
"Lenovo Gaming 15.6"" Intel Core i5 7300HQ 2.5GHz 8GB 128GB SSD + 1TB HDD (Nvidia GeForce GTX 1050)",43103.52,,Lenovo,8,128,SSD,Intel Core i5 7300HQ 2.5GHz,5,Nvidia GeForce GTX 1050,4,15.6,,,,Kaggle,367,https://www.kaggle.com/datasets/eslamelsolya/laptop-price-prediction,
"Dell Notebook 15.6"" Intel Core i7 7500U 2.7GHz 8GB 256GB SSD (AMD Radeon R7 M445)",47898.72,,Dell,8,256,SSD,Intel Core i7 7500U 2.7GHz,7,AMD Radeon R7 M445,3,15.6,,,,Kaggle,368,https://www.kaggle.com/datasets/eslamelsolya/laptop-price-prediction,
"HP Ultrabook 14.0"" Intel Core i7 7500U 2.7GHz 8GB 256GB SSD (Intel HD Graphics 620)",93240.0,,HP,8,256,SSD,Intel Core i7 7500U 2.7GHz,7,Intel HD Graphics 620,2,14.0,,,,Kaggle,369,https://www.kaggle.com/datasets/eslamelsolya/laptop-price-prediction,
"Asus 2 in 1 Convertible 15.6"" Intel Core i7 7500U 2.7GHz 12GB 512GB SSD + 2TB HDD (Nvidia GeForce GT 940MX)",58554.72,,Asus,12,512,SSD,Intel Core i7 7500U 2.7GHz,7,Nvidia GeForce GT 940MX,1,15.6,,,,Kaggle,370,https://www.kaggle.com/datasets/eslamelsolya/laptop-price-prediction,
"Acer Notebook 15.6"" AMD A9-Series 9420 3GHz 4GB 128GB SSD (AMD Radeon R5)",22697.28,,Acer,4,128,SSD,AMD A9-Series 9420 3GHz,2,AMD Radeon R5,2,15.6,,,,Kaggle,371,https://www.kaggle.com/datasets/eslamelsolya/laptop-price-prediction,
"Asus Gaming 17.3"" AMD Ryzen 1700 3GHz 16GB 256GB SSD + 1TB HDD (AMD Radeon RX 580)",117162.72,,Asus,16,256,SSD,AMD Ryzen 1700 3GHz,4,AMD Radeon RX 580,2,17.3,,,,Kaggle,372,https://www.kaggle.com/datasets/eslamelsolya/laptop-price-prediction,
"Lenovo Notebook 17.3"" AMD A8-Series 7410 2.2GHz 4GB 128GB SSD (AMD Radeon R5)",26053.92,,Lenovo,4,128,SSD,AMD A8-Series 7410 2.2GHz,4,AMD Radeon R5,2,17.3,,,,Kaggle,373,https://www.kaggle.com/datasets/eslamelsolya/laptop-price-prediction,
"Dell 2 in 1 Convertible 13.3"" Intel Core i7 8550U 1.8GHz 8GB 256GB SSD (Intel UHD Graphics 620)",46300.85,,Dell,8,256,SSD,Intel Core i7 8550U 1.8GHz,7,Intel UHD Graphics 620,2,13.3,,,,Kaggle,374,https://www.kaggle.com/datasets/eslamelsolya/laptop-price-prediction,
"HP Notebook 15.6"" AMD A9-Series 9420 3GHz 4GB 256GB SSD (AMD Radeon R5)",26053.39,,HP,4,256,SSD,AMD A9-Series 9420 3GHz,2,AMD Radeon R5,2,15.6,,,,Kaggle,375,https://www.kaggle.com/datasets/eslamelsolya/laptop-price-prediction,
"Lenovo Netbook 11.6"" Intel Celeron Quad Core N3450 1.1GHz 4GB 128GB SSD (Intel HD Graphics 500)",29463.84,,Lenovo,4,128,SSD,Intel Celeron Quad Core N3450 1.1GHz,1,Intel HD Graphics 500,2,11.6,,,,Kaggle,376,https://www.kaggle.com/datasets/eslamelsolya/laptop-price-prediction,
"Dell Notebook 15.6"" Intel Celeron Dual Core N3060 1.60GHz 4GB 500GB HDD (Intel HD Graphics 400)",16463.52,,Dell,4,500,HDD,Intel Celeron Dual Core N3060 1.60GHz,1,Intel HD Graphics 400,2,15.6,,,,Kaggle,377,https://www.kaggle.com/datasets/eslamelsolya/laptop-price-prediction,
"Asus Notebook 14.0"" Intel Celeron Dual Core N3350 1.1GHz 4GB 32GB Flash Storage (Intel HD Graphics 500)",15238.08,,Asus,4,32,FLASH,Intel Celeron Dual Core N3350 1.1GHz,1,Intel HD Graphics 500,2,14.0,,,,Kaggle,378,https://www.kaggle.com/datasets/eslamelsolya/laptop-price-prediction,
"Acer Notebook 15.6"" Intel Core i7 7700HQ 2.8GHz 8GB 1TB HDD (Nvidia GeForce GTX 1050)",45074.88,,Acer,8,1024,HDD,Intel Core i7 7700HQ 2.8GHz,7,Nvidia GeForce GTX 1050,4,15.6,,,,Kaggle,379,https://www.kaggle.com/datasets/eslamelsolya/laptop-price-prediction,
"HP Gaming 17.3"" Intel Core i7 7700HQ 2.8GHz 8GB 128GB SSD + 1TB HDD (Nvidia GeForce GTX 1050)",63456.48,,HP,8,128,SSD,Intel Core i7 7700HQ 2.8GHz,7,Nvidia GeForce GTX 1050,4,17.3,,,,Kaggle,380,https://www.kaggle.com/datasets/eslamelsolya/laptop-price-prediction,
"Lenovo Notebook 15.6"" Intel Core i3 6006U 2GHz 4GB 128GB SSD (Intel HD Graphics 520)",21498.48,,Lenovo,4,128,SSD,Intel Core i3 6006U 2GHz,3,Intel HD Graphics 520,2,15.6,,,,Kaggle,381,https://www.kaggle.com/datasets/eslamelsolya/laptop-price-prediction,
"Asus Gaming 15.6"" Intel Core i7 7700HQ 2.8GHz 8GB 128GB SSD + 1TB HDD (Nvidia GeForce GTX 1060)",88178.4,,Asus,8,128,SSD,Intel Core i7 7700HQ 2.8GHz,7,Nvidia GeForce GTX 1060,1,15.6,,,,Kaggle,382,https://www.kaggle.com/datasets/eslamelsolya/laptop-price-prediction,
"Lenovo Notebook 14.0"" Intel Core i5 7200U 2.5GHz 8GB 256GB SSD (Nvidia GeForce 940MX)",58554.72,,Lenovo,8,256,SSD,Intel Core i5 7200U 2.5GHz,5,Nvidia GeForce 940MX,1,14.0,,,,Kaggle,383,https://www.kaggle.com/datasets/eslamelsolya/laptop-price-prediction,
"Asus Ultrabook 13.3"" Intel Core i7 7500U 2.7GHz 16GB 512GB SSD (Intel HD Graphics 620)",93181.39,,Asus,16,512,SSD,Intel Core i7 7500U 2.7GHz,7,Intel HD Graphics 620,2,13.3,,,,Kaggle,384,https://www.kaggle.com/datasets/eslamelsolya/laptop-price-prediction,
"Lenovo Ultrabook 14.0"" Intel Core i7 7500U 2.7GHz 8GB 512GB SSD (Intel HD Graphics 620)",121584.96,,Lenovo,8,512,SSD,Intel Core i7 7500U 2.7GHz,7,Intel HD Graphics 620,2,14.0,,,,Kaggle,385,https://www.kaggle.com/datasets/eslamelsolya/laptop-price-prediction,
"Lenovo Notebook 13.3"" Intel Core i3 7100U 2.4GHz 4GB 128GB SSD (Intel HD Graphics 620)",29250.72,,Lenovo,4,128,SSD,Intel Core i3 7100U 2.4GHz,3,Intel HD Graphics 620,2,13.3,,,,Kaggle,386,https://www.kaggle.com/datasets/eslamelsolya/laptop-price-prediction,
"Dell Workstation 15.6"" Intel Core i5 6440HQ 2.6GHz 8GB 500GB HDD (AMD FirePro W5130M)",72940.32,,Dell,8,500,HDD,Intel Core i5 6440HQ 2.6GHz,5,AMD FirePro W5130M,2,15.6,,,,Kaggle,387,https://www.kaggle.com/datasets/eslamelsolya/laptop-price-prediction,
"Dell Workstation 15.6"" Intel Core i7 6820HQ 2.7GHz 8GB 256GB SSD (Nvidia Quadro M1200)",113752.8,,Dell,8,256,SSD,Intel Core i7 6820HQ 2.7GHz,7,Nvidia Quadro M1200,6,15.6,,,,Kaggle,388,https://www.kaggle.com/datasets/eslamelsolya/laptop-price-prediction,
"Lenovo 2 in 1 Convertible 14.0"" Intel Core i7 7500U 2.7GHz 16GB 512GB SSD (Intel HD Graphics 620)",133679.52,,Lenovo,16,512,SSD,Intel Core i7 7500U 2.7GHz,7,Intel HD Graphics 620,2,14.0,,,,Kaggle,389,https://www.kaggle.com/datasets/eslamelsolya/laptop-price-prediction,
"Asus Gaming 17.3"" Intel Core i7 7700HQ 2.8GHz 8GB 1TB HDD (Nvidia GeForce GTX 1050)",55357.92,,Asus,8,1024,HDD,Intel Core i7 7700HQ 2.8GHz,7,Nvidia GeForce GTX 1050,4,17.3,,,,Kaggle,390,https://www.kaggle.com/datasets/eslamelsolya/laptop-price-prediction,
"Asus Gaming 17.3"" Intel Core i7 7700HQ 2.8GHz 16GB 256GB SSD + 1TB HDD (Nvidia GeForce GTX 1050 Ti)",84768.48,,Asus,16,256,SSD,Intel Core i7 7700HQ 2.8GHz,7,Nvidia GeForce GTX 1050 Ti,4,17.3,,,,Kaggle,391,https://www.kaggle.com/datasets/eslamelsolya/laptop-price-prediction,
"Acer Notebook 15.6"" Intel Core i5 8250U 1.6GHz 12GB 1TB HDD (Nvidia GeForce MX130)",36975.79,,Acer,12,1024,HDD,Intel Core i5 8250U 1.6GHz,5,Nvidia GeForce MX130,1,15.6,,,,Kaggle,392,https://www.kaggle.com/datasets/eslamelsolya/laptop-price-prediction,
"MSI Gaming 17.3"" Intel Core i7 7700HQ 2.8GHz 8GB 256GB SSD (Nvidia GeForce GTX 1050 Ti)",71874.72,,MSI,8,256,SSD,Intel Core i7 7700HQ 2.8GHz,7,Nvidia GeForce GTX 1050 Ti,4,17.3,,,,Kaggle,393,https://www.kaggle.com/datasets/eslamelsolya/laptop-price-prediction,
"Dell Notebook 15.6"" Intel Core i7 7500U 2.7GHz 8GB 256GB SSD (AMD Radeon R7 M445)",41498.19,,Dell,8,256,SSD,Intel Core i7 7500U 2.7GHz,7,AMD Radeon R7 M445,3,15.6,,,,Kaggle,394,https://www.kaggle.com/datasets/eslamelsolya/laptop-price-prediction,
"HP Ultrabook 15.6"" AMD A9-Series 9420 3GHz 4GB 256GB SSD (AMD Radeon 520)",26586.72,,HP,4,256,SSD,AMD A9-Series 9420 3GHz,2,AMD Radeon 520,2,15.6,,,,Kaggle,395,https://www.kaggle.com/datasets/eslamelsolya/laptop-price-prediction,
"Lenovo Notebook 15.6"" Intel Core i7 8550U 1.8GHz 8GB 256GB SSD (AMD Radeon RX 550)",65510.96,,Lenovo,8,256,SSD,Intel Core i7 8550U 1.8GHz,7,AMD Radeon RX 550,2,15.6,,,,Kaggle,396,https://www.kaggle.com/datasets/eslamelsolya/laptop-price-prediction,
"Lenovo Notebook 14.0"" Intel Core i5 7200U 2.5GHz 8GB 256GB SSD (Intel HD Graphics 620)",49976.64,,Lenovo,8,256,SSD,Intel Core i5 7200U 2.5GHz,5,Intel HD Graphics 620,2,14.0,,,,Kaggle,397,https://www.kaggle.com/datasets/eslamelsolya/laptop-price-prediction,
"Dell Workstation 15.6"" Intel Core i7 7700HQ 2.8GHz 8GB 256GB SSD (Nvidia Quadro M1200)",144495.36,,Dell,8,256,SSD,Intel Core i7 7700HQ 2.8GHz,7,Nvidia Quadro M1200,6,15.6,,,,Kaggle,398,https://www.kaggle.com/datasets/eslamelsolya/laptop-price-prediction,
"Lenovo Ultrabook 14.0"" Intel Core i7 7500U 2.7GHz 16GB 1TB SSD (Intel HD Graphics 620)",139860.0,,Lenovo,16,1024,SSD,Intel Core i7 7500U 2.7GHz,7,Intel HD Graphics 620,2,14.0,,,,Kaggle,399,https://www.kaggle.com/datasets/eslamelsolya/laptop-price-prediction,
"Lenovo Notebook 15.6"" Intel Celeron Dual Core N3350 1.1GHz 4GB 1TB HDD (Intel HD Graphics 500)",16303.68,,Lenovo,4,1024,HDD,Intel Celeron Dual Core N3350 1.1GHz,1,Intel HD Graphics 500,2,15.6,,,,Kaggle,400,https://www.kaggle.com/datasets/eslamelsolya/laptop-price-prediction,
"Asus Gaming 17.3"" Intel Core i7 7700HQ 2.8GHz 16GB 256GB SSD + 1TB HDD (Nvidia GeForce GTX 1050)",81465.12,,Asus,16,256,SSD,Intel Core i7 7700HQ 2.8GHz,7,Nvidia GeForce GTX 1050,4,17.3,,,,Kaggle,401,https://www.kaggle.com/datasets/eslamelsolya/laptop-price-prediction,
"Lenovo Notebook 15.6"" Intel Core i5 8250U 1.6GHz 8GB 256GB SSD + 1TB HDD (AMD Radeon RX 550)",60978.96,,Lenovo,8,256,SSD,Intel Core i5 8250U 1.6GHz,5,AMD Radeon RX 550,2,15.6,,,,Kaggle,402,https://www.kaggle.com/datasets/eslamelsolya/laptop-price-prediction,
"Acer Notebook 15.6"" Intel Core i7 7700HQ 2.8GHz 8GB 256GB SSD (Nvidia GeForce GTX 1050)",46833.12,,Acer,8,256,SSD,Intel Core i7 7700HQ 2.8GHz,7,Nvidia GeForce GTX 1050,4,15.6,,,,Kaggle,403,https://www.kaggle.com/datasets/eslamelsolya/laptop-price-prediction,
"MSI Gaming 17.3"" Intel Core i7 7700HQ 2.8GHz 16GB 256GB SSD + 1TB HDD (Nvidia GeForce GTX 1070)",119826.72,,MSI,16,256,SSD,Intel Core i7 7700HQ 2.8GHz,7,Nvidia GeForce GTX 1070,6,17.3,,,,Kaggle,404,https://www.kaggle.com/datasets/eslamelsolya/laptop-price-prediction,
"Asus Ultrabook 14.0"" Intel Core i7 7500U 2.7GHz 8GB 512GB SSD (Intel HD Graphics 620)",99793.44,,Asus,8,512,SSD,Intel Core i7 7500U 2.7GHz,7,Intel HD Graphics 620,2,14.0,,,,Kaggle,405,https://www.kaggle.com/datasets/eslamelsolya/laptop-price-prediction,
"Toshiba Ultrabook 13.3"" Intel Core i7 6500U 2.5GHz 16GB 512GB SSD (Intel HD Graphics 520)",93080.16,,Toshiba,16,512,SSD,Intel Core i7 6500U 2.5GHz,7,Intel HD Graphics 520,2,13.3,,,,Kaggle,406,https://www.kaggle.com/datasets/eslamelsolya/laptop-price-prediction,
"Dell Ultrabook 14.0"" Intel Core i7 7600U 2.8GHz 8GB 512GB SSD (Intel HD Graphics)",89510.4,,Dell,8,512,SSD,Intel Core i7 7600U 2.8GHz,7,Intel HD Graphics,2,14.0,,,,Kaggle,407,https://www.kaggle.com/datasets/eslamelsolya/laptop-price-prediction,
"Lenovo Notebook 15.6"" Intel Core i3 6006U 2GHz 4GB 500GB HDD (Intel HD Graphics 520)",21791.52,,Lenovo,4,500,HDD,Intel Core i3 6006U 2GHz,3,Intel HD Graphics 520,2,15.6,,,,Kaggle,408,https://www.kaggle.com/datasets/eslamelsolya/laptop-price-prediction,
"Lenovo Notebook 11.6"" Intel Celeron Dual Core N3350 1.1GHz 2GB 32GB Flash Storage (Intel HD Graphics 500)",16221.1,,Lenovo,2,32,FLASH,Intel Celeron Dual Core N3350 1.1GHz,1,Intel HD Graphics 500,2,11.6,,,,Kaggle,409,https://www.kaggle.com/datasets/eslamelsolya/laptop-price-prediction,
"Lenovo Workstation 15.6"" Intel Core i7 7700HQ 2.8GHz 8GB 512GB SSD (Nvidia Quadro M1200)",102564.0,,Lenovo,8,512,SSD,Intel Core i7 7700HQ 2.8GHz,7,Nvidia Quadro M1200,6,15.6,,,,Kaggle,410,https://www.kaggle.com/datasets/eslamelsolya/laptop-price-prediction,
"Lenovo Ultrabook 14.0"" Intel Core i7 7700HQ 2.8GHz 8GB 512GB SSD (Nvidia GeForce GT 940MX)",103523.04,,Lenovo,8,512,SSD,Intel Core i7 7700HQ 2.8GHz,7,Nvidia GeForce GT 940MX,1,14.0,,,,Kaggle,411,https://www.kaggle.com/datasets/eslamelsolya/laptop-price-prediction,
"HP Notebook 15.6"" Intel Core i3 6006U 2GHz 4GB 1TB HDD (AMD Radeon 520)",24988.32,,HP,4,1024,HDD,Intel Core i3 6006U 2GHz,3,AMD Radeon 520,2,15.6,,,,Kaggle,412,https://www.kaggle.com/datasets/eslamelsolya/laptop-price-prediction,
"Acer 2 in 1 Convertible 13.3"" Intel Core i7 6500U 2.5GHz 8GB 256GB SSD (Intel HD Graphics 520)",42038.45,,Acer,8,256,SSD,Intel Core i7 6500U 2.5GHz,7,Intel HD Graphics 520,2,13.3,,,,Kaggle,413,https://www.kaggle.com/datasets/eslamelsolya/laptop-price-prediction,
"Asus 2 in 1 Convertible 13.3"" Intel Core i5 7200U 2.5GHz 8GB 256GB SSD (Intel HD Graphics 620)",49443.84,,Asus,8,256,SSD,Intel Core i5 7200U 2.5GHz,5,Intel HD Graphics 620,2,13.3,,,,Kaggle,414,https://www.kaggle.com/datasets/eslamelsolya/laptop-price-prediction,
"Dell Notebook 15.6"" Intel Core i5 7200U 2.5GHz 4GB 256GB SSD (AMD Radeon R5 M430)",31909.39,,Dell,4,256,SSD,Intel Core i5 7200U 2.5GHz,5,AMD Radeon R5 M430,2,15.6,,,,Kaggle,415,https://www.kaggle.com/datasets/eslamelsolya/laptop-price-prediction,
"Dell Notebook 13.3"" Intel Core i3 6006U 2GHz 4GB 128GB SSD (Intel HD Graphics 520)",36709.92,,Dell,4,128,SSD,Intel Core i3 6006U 2GHz,3,Intel HD Graphics 520,2,13.3,,,,Kaggle,416,https://www.kaggle.com/datasets/eslamelsolya/laptop-price-prediction,
"HP Ultrabook 14.0"" Intel Core i7 6500U 2.5GHz 8GB 256GB SSD (Intel HD Graphics 520)",79920.0,,HP,8,256,SSD,Intel Core i7 6500U 2.5GHz,7,Intel HD Graphics 520,2,14.0,,,,Kaggle,417,https://www.kaggle.com/datasets/eslamelsolya/laptop-price-prediction,
"Dell Notebook 15.6"" Intel Core i5 7200U 2.5GHz 8GB 1TB HDD (Intel HD Graphics 620)",28768.54,,Dell,8,1024,HDD,Intel Core i5 7200U 2.5GHz,5,Intel HD Graphics 620,2,15.6,,,,Kaggle,418,https://www.kaggle.com/datasets/eslamelsolya/laptop-price-prediction,
"Lenovo Ultrabook 14.0"" Intel Core i7 8550U 1.8GHz 8GB 256GB SSD (AMD Radeon RX 550)",64755.45,,Lenovo,8,256,SSD,Intel Core i7 8550U 1.8GHz,7,AMD Radeon RX 550,2,14.0,,,,Kaggle,419,https://www.kaggle.com/datasets/eslamelsolya/laptop-price-prediction,
"Lenovo 2 in 1 Convertible 15.6"" Intel Core i7 7700HQ 2.8GHz 16GB 512GB SSD (Nvidia GeForce GTX 1050)",101178.72,,Lenovo,16,512,SSD,Intel Core i7 7700HQ 2.8GHz,7,Nvidia GeForce GTX 1050,4,15.6,,,,Kaggle,420,https://www.kaggle.com/datasets/eslamelsolya/laptop-price-prediction,
"Chuwi Notebook 12.3"" Intel Celeron Quad Core N3450 1.1GHz 6GB 64GB Flash Storage (Intel HD Graphics 500)",23922.72,,Chuwi,6,64,FLASH,Intel Celeron Quad Core N3450 1.1GHz,1,Intel HD Graphics 500,2,12.3,,,,Kaggle,421,https://www.kaggle.com/datasets/eslamelsolya/laptop-price-prediction,
"HP Notebook 15.6"" Intel Core i7 7820HQ 2.9GHz 8GB 256GB SSD (Intel HD Graphics 630)",76030.56,,HP,8,256,SSD,Intel Core i7 7820HQ 2.9GHz,7,Intel HD Graphics 630,2,15.6,,,,Kaggle,422,https://www.kaggle.com/datasets/eslamelsolya/laptop-price-prediction,
"Asus Notebook 15.6"" Intel Core i3 7100U 2.4GHz 8GB 1TB HDD (Nvidia GeForce 940MX)",31808.16,,Asus,8,1024,HDD,Intel Core i3 7100U 2.4GHz,3,Nvidia GeForce 940MX,1,15.6,,,,Kaggle,423,https://www.kaggle.com/datasets/eslamelsolya/laptop-price-prediction,
"Dell Gaming 17.3"" Intel Core i7 7820HK 2.9GHz 16GB 256GB SSD + 1TB HDD (Nvidia GeForce GTX 1070)",149130.72,,Dell,16,256,SSD,Intel Core i7 7820HK 2.9GHz,7,Nvidia GeForce GTX 1070,6,17.3,,,,Kaggle,424,https://www.kaggle.com/datasets/eslamelsolya/laptop-price-prediction,
"Dell Gaming 15.6"" Intel Core i7 7700HQ 2.8GHz 8GB 128GB SSD + 1TB HDD (Nvidia GeForce GTX 1050 Ti)",61751.52,,Dell,8,128,SSD,Intel Core i7 7700HQ 2.8GHz,7,Nvidia GeForce GTX 1050 Ti,4,15.6,,,,Kaggle,425,https://www.kaggle.com/datasets/eslamelsolya/laptop-price-prediction,
"Dell Notebook 15.6"" Intel Core i7 8550U 1.8GHz 8GB 256GB SSD + 2TB HDD (AMD Radeon 530)",60867.07,,Dell,8,256,SSD,Intel Core i7 8550U 1.8GHz,7,AMD Radeon 530,2,15.6,,,,Kaggle,426,https://www.kaggle.com/datasets/eslamelsolya/laptop-price-prediction,
"Dell Ultrabook 14.0"" Intel Core i7 7600U 2.8GHz 8GB 256GB SSD (Intel HD Graphics 620)",58554.72,,Dell,8,256,SSD,Intel Core i7 7600U 2.8GHz,7,Intel HD Graphics 620,2,14.0,,,,Kaggle,427,https://www.kaggle.com/datasets/eslamelsolya/laptop-price-prediction,
"HP Gaming 17.3"" Intel Core i7 7700HQ 2.8GHz 12GB 256GB SSD + 1TB HDD (Nvidia GeForce GTX 1070)",106506.72,,HP,12,256,SSD,Intel Core i7 7700HQ 2.8GHz,7,Nvidia GeForce GTX 1070,6,17.3,,,,Kaggle,428,https://www.kaggle.com/datasets/eslamelsolya/laptop-price-prediction,
"Mediacom 2 in 1 Convertible 11.6"" Intel Celeron Dual Core N3350 1.1GHz 4GB 32GB SSD (Intel HD Graphics 500)",15930.72,,Mediacom,4,32,SSD,Intel Celeron Dual Core N3350 1.1GHz,1,Intel HD Graphics 500,2,11.6,,,,Kaggle,429,https://www.kaggle.com/datasets/eslamelsolya/laptop-price-prediction,
"Samsung Netbook 11.6"" Intel Celeron Dual Core N3060 1.6GHz 4GB 16GB Flash Storage (Intel HD Graphics 400)",14332.32,,Samsung,4,16,FLASH,Intel Celeron Dual Core N3060 1.6GHz,1,Intel HD Graphics 400,2,11.6,,,,Kaggle,430,https://www.kaggle.com/datasets/eslamelsolya/laptop-price-prediction,
"Lenovo Notebook 13.3"" Intel Core i7 7500U 2.7GHz 8GB 256GB SSD (Intel HD Graphics 620)",53812.8,,Lenovo,8,256,SSD,Intel Core i7 7500U 2.7GHz,7,Intel HD Graphics 620,2,13.3,,,,Kaggle,431,https://www.kaggle.com/datasets/eslamelsolya/laptop-price-prediction,
"Lenovo Notebook 14.0"" Intel Core i3 7130U 2.7GHz 4GB 128GB SSD (Intel HD Graphics 620)",31914.72,,Lenovo,4,128,SSD,Intel Core i3 7130U 2.7GHz,3,Intel HD Graphics 620,2,14.0,,,,Kaggle,432,https://www.kaggle.com/datasets/eslamelsolya/laptop-price-prediction,
"Lenovo Workstation 15.6"" Intel Core i7 7600U 2.8GHz 16GB 512GB SSD (Nvidia GeForce 940MX)",130269.6,,Lenovo,16,512,SSD,Intel Core i7 7600U 2.8GHz,7,Nvidia GeForce 940MX,1,15.6,,,,Kaggle,433,https://www.kaggle.com/datasets/eslamelsolya/laptop-price-prediction,
"Lenovo Notebook 15.6"" Intel Core i7 7820HQ 2.9GHz 16GB 512GB SSD (Nvidia Quadro M2200M)",130482.72,,Lenovo,16,512,SSD,Intel Core i7 7820HQ 2.9GHz,7,Nvidia Quadro M2200M,6,15.6,,,,Kaggle,434,https://www.kaggle.com/datasets/eslamelsolya/laptop-price-prediction,
"Asus Gaming 17.3"" AMD Ryzen 1600 3.2GHz 8GB 256GB SSD + 1TB HDD (AMD Radeon RX 580)",90309.6,,Asus,8,256,SSD,AMD Ryzen 1600 3.2GHz,4,AMD Radeon RX 580,2,17.3,,,,Kaggle,435,https://www.kaggle.com/datasets/eslamelsolya/laptop-price-prediction,
"HP Notebook 15.6"" Intel Celeron Dual Core N3060 1.6GHz 4GB 500GB HDD (Intel HD Graphics 400)",18488.16,,HP,4,500,HDD,Intel Celeron Dual Core N3060 1.6GHz,1,Intel HD Graphics 400,2,15.6,,,,Kaggle,436,https://www.kaggle.com/datasets/eslamelsolya/laptop-price-prediction,
"Google Ultrabook 12.3"" Intel Core i7 7Y75 1.3GHz 16GB 512GB SSD (Intel HD Graphics 615)",117162.72,,Google,16,512,SSD,Intel Core i7 7Y75 1.3GHz,7,Intel HD Graphics 615,2,12.3,,,,Kaggle,437,https://www.kaggle.com/datasets/eslamelsolya/laptop-price-prediction,
"Lenovo Ultrabook 14.0"" Intel Core i7 7500U 2.7GHz 24GB 512GB SSD (Intel HD Graphics 620)",126912.96,,Lenovo,24,512,SSD,Intel Core i7 7500U 2.7GHz,7,Intel HD Graphics 620,2,14.0,,,,Kaggle,438,https://www.kaggle.com/datasets/eslamelsolya/laptop-price-prediction,
"Asus Notebook 15.6"" Intel Core i5 7200U 2.5GHz 4GB 256GB SSD (Intel HD Graphics 620)",29783.52,,Asus,4,256,SSD,Intel Core i5 7200U 2.5GHz,5,Intel HD Graphics 620,2,15.6,,,,Kaggle,439,https://www.kaggle.com/datasets/eslamelsolya/laptop-price-prediction,
"Lenovo Notebook 17.3"" AMD A6-Series 9220 2.5GHz 8GB 1TB HDD (AMD Radeon R4)",27652.32,,Lenovo,8,1024,HDD,AMD A6-Series 9220 2.5GHz,4,AMD Radeon R4,2,17.3,,,,Kaggle,440,https://www.kaggle.com/datasets/eslamelsolya/laptop-price-prediction,
"Dell Notebook 15.6"" Intel Core i5 8250U 1.6GHz 4GB 256GB SSD (AMD Radeon 530)",39906.72,,Dell,4,256,SSD,Intel Core i5 8250U 1.6GHz,5,AMD Radeon 530,2,15.6,,,,Kaggle,441,https://www.kaggle.com/datasets/eslamelsolya/laptop-price-prediction,
"Lenovo Ultrabook 12.5"" Intel Core i5 7200U 2.5GHz 8GB 256GB SSD (Intel HD Graphics 620)",76137.12,,Lenovo,8,256,SSD,Intel Core i5 7200U 2.5GHz,5,Intel HD Graphics 620,2,12.5,,,,Kaggle,442,https://www.kaggle.com/datasets/eslamelsolya/laptop-price-prediction,
"Lenovo Notebook 15.6"" Intel Pentium Quad Core N4200 1.1GHz 4GB 128GB SSD (Intel HD Graphics 505)",18594.72,,Lenovo,4,128,SSD,Intel Pentium Quad Core N4200 1.1GHz,2,Intel HD Graphics 505,2,15.6,,,,Kaggle,443,https://www.kaggle.com/datasets/eslamelsolya/laptop-price-prediction,
"HP Gaming 15.6"" Intel Core i7 7700HQ 2.8GHz 8GB 128GB SSD + 1TB HDD (Nvidia GeForce GTX 1050)",58554.72,,HP,8,128,SSD,Intel Core i7 7700HQ 2.8GHz,7,Nvidia GeForce GTX 1050,4,15.6,,,,Kaggle,444,https://www.kaggle.com/datasets/eslamelsolya/laptop-price-prediction,
"Dell Notebook 14.0"" Intel Core i5 7440HQ 2.8GHz 8GB 256GB SSD (Nvidia GeForce 930MX)",62817.12,,Dell,8,256,SSD,Intel Core i5 7440HQ 2.8GHz,5,Nvidia GeForce 930MX,1,14.0,,,,Kaggle,445,https://www.kaggle.com/datasets/eslamelsolya/laptop-price-prediction,
"Acer Notebook 15.6"" Intel Core i5 7200U 2.5GHz 4GB 500GB HDD (Intel HD Graphics 620)",23539.1,,Acer,4,500,HDD,Intel Core i5 7200U 2.5GHz,5,Intel HD Graphics 620,2,15.6,,,,Kaggle,446,https://www.kaggle.com/datasets/eslamelsolya/laptop-price-prediction,
"Dell Workstation 15.6"" Intel Xeon E3-1505M V6 3GHz 8GB 64GB Flash Storage + 1TB HDD (Nvidia Quadro M620)",106187.04,,Dell,8,64,FLASH,Intel Xeon E3-1505M V6 3GHz,4,Nvidia Quadro M620,6,15.6,,,,Kaggle,447,https://www.kaggle.com/datasets/eslamelsolya/laptop-price-prediction,
"MSI Gaming 15.6"" Intel Core i5 7300HQ 2.5GHz 8GB 256GB SSD (Nvidia GeForce GTX 1050)",54757.99,,MSI,8,256,SSD,Intel Core i5 7300HQ 2.5GHz,5,Nvidia GeForce GTX 1050,4,15.6,,,,Kaggle,448,https://www.kaggle.com/datasets/eslamelsolya/laptop-price-prediction,
"Microsoft Ultrabook 13.5"" Intel Core i7 7660U 2.5GHz 16GB 512GB SSD (Intel Iris Plus Graphics 640)",137941.92,,Microsoft,16,512,SSD,Intel Core i7 7660U 2.5GHz,7,Intel Iris Plus Graphics 640,3,13.5,,,,Kaggle,449,https://www.kaggle.com/datasets/eslamelsolya/laptop-price-prediction,
"HP Notebook 15.6"" Intel Core i5 7200U 2.5GHz 8GB 128GB SSD (Intel HD Graphics 620)",31381.92,,HP,8,128,SSD,Intel Core i5 7200U 2.5GHz,5,Intel HD Graphics 620,2,15.6,,,,Kaggle,450,https://www.kaggle.com/datasets/eslamelsolya/laptop-price-prediction,
"Dell Workstation 15.6"" Intel Core i7 6820HQ 2.7GHz 16GB 256GB SSD (Nvidia Quadro M620)",105228.0,,Dell,16,256,SSD,Intel Core i7 6820HQ 2.7GHz,7,Nvidia Quadro M620,6,15.6,,,,Kaggle,451,https://www.kaggle.com/datasets/eslamelsolya/laptop-price-prediction,
"HP Workstation 15.6"" Intel Core i7 7820HQ 2.9GHz 8GB 512GB SSD (Intel HD Graphics 620)",81731.52,,HP,8,512,SSD,Intel Core i7 7820HQ 2.9GHz,7,Intel HD Graphics 620,2,15.6,,,,Kaggle,452,https://www.kaggle.com/datasets/eslamelsolya/laptop-price-prediction,
"Lenovo Notebook 14.0"" Intel Core i5 7200U 2.5GHz 8GB 256GB SSD (Intel HD Graphics 620)",71661.6,,Lenovo,8,256,SSD,Intel Core i5 7200U 2.5GHz,5,Intel HD Graphics 620,2,14.0,,,,Kaggle,453,https://www.kaggle.com/datasets/eslamelsolya/laptop-price-prediction,
"Dell Notebook 15.6"" Intel Core i7 8550U 1.8GHz 8GB 128GB SSD + 1TB HDD (AMD Radeon 530)",52161.12,,Dell,8,128,SSD,Intel Core i7 8550U 1.8GHz,7,AMD Radeon 530,2,15.6,,,,Kaggle,454,https://www.kaggle.com/datasets/eslamelsolya/laptop-price-prediction,
"Dell 2 in 1 Convertible 11.6"" Intel Pentium Quad Core N3710 1.6GHz 4GB 500GB HDD (Intel HD Graphics 405)",25521.12,,Dell,4,500,HDD,Intel Pentium Quad Core N3710 1.6GHz,2,Intel HD Graphics 405,2,11.6,,,,Kaggle,455,https://www.kaggle.com/datasets/eslamelsolya/laptop-price-prediction,
"Dell Notebook 17.3"" Intel Core i7 7700HQ 2.7GHz 8GB 1TB HDD (Nvidia GeForce GTX 1060)",109010.88,,Dell,8,1024,HDD,Intel Core i7 7700HQ 2.7GHz,7,Nvidia GeForce GTX 1060,1,17.3,,,,Kaggle,456,https://www.kaggle.com/datasets/eslamelsolya/laptop-price-prediction,
"Microsoft Ultrabook 13.5"" Intel Core M m3-7Y30 2.2GHz 4GB 128GB SSD (Intel HD Graphics 615)",52693.92,,Microsoft,4,128,SSD,Intel Core M m3-7Y30 2.2GHz,7,Intel HD Graphics 615,2,13.5,,,,Kaggle,457,https://www.kaggle.com/datasets/eslamelsolya/laptop-price-prediction,
"Microsoft Ultrabook 13.5"" Intel Core i7 7660U 2.5GHz 8GB 256GB SSD (Intel Iris Plus Graphics 640)",95850.72,,Microsoft,8,256,SSD,Intel Core i7 7660U 2.5GHz,7,Intel Iris Plus Graphics 640,3,13.5,,,,Kaggle,458,https://www.kaggle.com/datasets/eslamelsolya/laptop-price-prediction,
"HP Notebook 17.3"" Intel Core i3 6006U 2GHz 8GB 256GB SSD (Intel HD Graphics 520)",34093.87,,HP,8,256,SSD,Intel Core i3 6006U 2GHz,3,Intel HD Graphics 520,2,17.3,,,,Kaggle,459,https://www.kaggle.com/datasets/eslamelsolya/laptop-price-prediction,
"Acer Notebook 15.6"" Intel Core i3 6006U 2GHz 4GB 1TB HDD (Nvidia GeForce 940MX)",28984.32,,Acer,4,1024,HDD,Intel Core i3 6006U 2GHz,3,Nvidia GeForce 940MX,1,15.6,,,,Kaggle,460,https://www.kaggle.com/datasets/eslamelsolya/laptop-price-prediction,
"Acer Netbook 11.6"" Intel Celeron Dual Core N3060 1.6GHz 4GB 128GB SSD (Intel HD Graphics 400)",23176.8,,Acer,4,128,SSD,Intel Celeron Dual Core N3060 1.6GHz,1,Intel HD Graphics 400,2,11.6,,,,Kaggle,461,https://www.kaggle.com/datasets/eslamelsolya/laptop-price-prediction,
"Asus Notebook 15.6"" Intel Core i5 7200U 2.5GHz 8GB 1TB HDD (Intel HD Graphics 620)",39906.72,,Asus,8,1024,HDD,Intel Core i5 7200U 2.5GHz,5,Intel HD Graphics 620,2,15.6,,,,Kaggle,462,https://www.kaggle.com/datasets/eslamelsolya/laptop-price-prediction,
"Lenovo Notebook 14.0"" Intel Core i7 7500U 2.7GHz 8GB 512GB SSD (AMD Radeon R7 M460)",42570.72,,Lenovo,8,512,SSD,Intel Core i7 7500U 2.7GHz,7,AMD Radeon R7 M460,3,14.0,,,,Kaggle,463,https://www.kaggle.com/datasets/eslamelsolya/laptop-price-prediction,
"Lenovo Notebook 15.6"" Intel Core i7 7820HQ 2.9GHz 8GB 256GB SSD (Nvidia Quadro M2200M)",111355.2,,Lenovo,8,256,SSD,Intel Core i7 7820HQ 2.9GHz,7,Nvidia Quadro M2200M,6,15.6,,,,Kaggle,464,https://www.kaggle.com/datasets/eslamelsolya/laptop-price-prediction,
"Asus Notebook 15.6"" Intel Pentium Quad Core N4200 1.1GHz 4GB 500GB HDD (Intel HD Graphics 500)",16197.12,,Asus,4,500,HDD,Intel Pentium Quad Core N4200 1.1GHz,2,Intel HD Graphics 500,2,15.6,,,,Kaggle,465,https://www.kaggle.com/datasets/eslamelsolya/laptop-price-prediction,
"Acer Notebook 15.6"" Intel Core i3 6006U 2GHz 4GB 500GB HDD (Nvidia GeForce GTX 940MX)",24988.32,,Acer,4,500,HDD,Intel Core i3 6006U 2GHz,3,Nvidia GeForce GTX 940MX,1,15.6,,,,Kaggle,466,https://www.kaggle.com/datasets/eslamelsolya/laptop-price-prediction,
"Dell Notebook 15.6"" Intel Core i5 8250U 1.6GHz 8GB 2TB HDD (AMD Radeon 530)",40439.52,,Dell,8,2048,HDD,Intel Core i5 8250U 1.6GHz,5,AMD Radeon 530,2,15.6,,,,Kaggle,467,https://www.kaggle.com/datasets/eslamelsolya/laptop-price-prediction,
"HP Gaming 17.3"" Intel Core i7 7700HQ 2.8GHz 12GB 1TB HDD (Nvidia GeForce GTX 1060)",90522.72,,HP,12,1024,HDD,Intel Core i7 7700HQ 2.8GHz,7,Nvidia GeForce GTX 1060,1,17.3,,,,Kaggle,468,https://www.kaggle.com/datasets/eslamelsolya/laptop-price-prediction,
"Lenovo Ultrabook 14.0"" Intel Core i7 6600U 2.6GHz 12GB 256GB SSD (Intel HD Graphics 520)",98994.24,,Lenovo,12,256,SSD,Intel Core i7 6600U 2.6GHz,7,Intel HD Graphics 520,2,14.0,,,,Kaggle,469,https://www.kaggle.com/datasets/eslamelsolya/laptop-price-prediction,
"HP 2 in 1 Convertible 13.3"" Intel Core i7 8550U 1.8GHz 8GB 512GB SSD (Intel UHD Graphics 620)",106506.72,,HP,8,512,SSD,Intel Core i7 8550U 1.8GHz,7,Intel UHD Graphics 620,2,13.3,,,,Kaggle,470,https://www.kaggle.com/datasets/eslamelsolya/laptop-price-prediction,
"HP Notebook 15.6"" Intel Core i5 7200U 2.5GHz 8GB 500GB HDD (AMD FirePro W4190M)",61485.12,,HP,8,500,HDD,Intel Core i5 7200U 2.5GHz,5,AMD FirePro W4190M,2,15.6,,,,Kaggle,471,https://www.kaggle.com/datasets/eslamelsolya/laptop-price-prediction,
"Google Ultrabook 12.3"" Intel Core i5 7Y57 1.2GHz 8GB 128GB SSD (Intel HD Graphics 615)",67932.0,,Google,8,128,SSD,Intel Core i5 7Y57 1.2GHz,5,Intel HD Graphics 615,2,12.3,,,,Kaggle,472,https://www.kaggle.com/datasets/eslamelsolya/laptop-price-prediction,
"Dell Ultrabook 13.3"" Intel Core i5 8250U 1.6GHz 8GB 256GB SSD (Intel UHD Graphics 620)",98133.77,,Dell,8,256,SSD,Intel Core i5 8250U 1.6GHz,5,Intel UHD Graphics 620,2,13.3,,,,Kaggle,473,https://www.kaggle.com/datasets/eslamelsolya/laptop-price-prediction,
"Asus Notebook 15.6"" Intel Core i7 6700HQ 2.6GHz 12GB 128GB SSD + 1TB HDD (Intel HD Graphics 530)",69210.72,,Asus,12,128,SSD,Intel Core i7 6700HQ 2.6GHz,7,Intel HD Graphics 530,2,15.6,,,,Kaggle,474,https://www.kaggle.com/datasets/eslamelsolya/laptop-price-prediction,
"Dell Notebook 14.0"" Intel Core i3 6100U 2.3GHz 8GB 128GB SSD (Intel HD Graphics 520)",39427.2,,Dell,8,128,SSD,Intel Core i3 6100U 2.3GHz,3,Intel HD Graphics 520,2,14.0,,,,Kaggle,475,https://www.kaggle.com/datasets/eslamelsolya/laptop-price-prediction,
"Dell Workstation 15.6"" Intel Core i7 7700HQ 2.8GHz 8GB 256GB SSD (Nvidia Quadro M1200)",128298.24,,Dell,8,256,SSD,Intel Core i7 7700HQ 2.8GHz,7,Nvidia Quadro M1200,6,15.6,,,,Kaggle,476,https://www.kaggle.com/datasets/eslamelsolya/laptop-price-prediction,
"Lenovo Notebook 14.0"" Intel Core i5 7200U 2.5GHz 8GB 180GB SSD (Intel HD Graphics 620)",72673.92,,Lenovo,8,180,SSD,Intel Core i5 7200U 2.5GHz,5,Intel HD Graphics 620,2,14.0,,,,Kaggle,477,https://www.kaggle.com/datasets/eslamelsolya/laptop-price-prediction,
"Dell Notebook 15.6"" Intel Core i5 8250U 1.6GHz 8GB 1TB HDD (AMD Radeon 520)",35964.0,,Dell,8,1024,HDD,Intel Core i5 8250U 1.6GHz,5,AMD Radeon 520,2,15.6,,,,Kaggle,478,https://www.kaggle.com/datasets/eslamelsolya/laptop-price-prediction,
"Toshiba Notebook 13.3"" Intel Core i5 7200U 2.5GHz 8GB 256GB SSD (Intel HD Graphics 620)",89084.16,,Toshiba,8,256,SSD,Intel Core i5 7200U 2.5GHz,5,Intel HD Graphics 620,2,13.3,,,,Kaggle,479,https://www.kaggle.com/datasets/eslamelsolya/laptop-price-prediction,
"Dell Notebook 15.6"" Intel Core i7 8550U 1.8GHz 8GB 512GB SSD (Nvidia GeForce 940MX)",67239.36,,Dell,8,512,SSD,Intel Core i7 8550U 1.8GHz,7,Nvidia GeForce 940MX,1,15.6,,,,Kaggle,480,https://www.kaggle.com/datasets/eslamelsolya/laptop-price-prediction,
"Dell Notebook 15.6"" Intel Core i3 7100U 2.4GHz 4GB 1TB HDD (Intel HD Graphics 620)",31254.05,,Dell,4,1024,HDD,Intel Core i3 7100U 2.4GHz,3,Intel HD Graphics 620,2,15.6,,,,Kaggle,481,https://www.kaggle.com/datasets/eslamelsolya/laptop-price-prediction,
"HP Notebook 13.3"" Intel Core i5 8250U 1.6GHz 4GB 128GB SSD (Intel UHD Graphics 620)",38681.28,,HP,4,128,SSD,Intel Core i5 8250U 1.6GHz,5,Intel UHD Graphics 620,2,13.3,,,,Kaggle,482,https://www.kaggle.com/datasets/eslamelsolya/laptop-price-prediction,
"Chuwi Notebook 15.6"" Intel Atom x5-Z8350 1.44GHz 4GB 64GB Flash Storage (Intel HD Graphics)",13261.39,,Chuwi,4,64,FLASH,Intel Atom x5-Z8350 1.44GHz,1,Intel HD Graphics,2,15.6,,,,Kaggle,483,https://www.kaggle.com/datasets/eslamelsolya/laptop-price-prediction,
"Lenovo Notebook 15.6"" Intel Core i3 6006U 2.0GHz 4GB 128GB SSD (Intel HD Graphics 520)",30103.2,,Lenovo,4,128,SSD,Intel Core i3 6006U 2.0GHz,3,Intel HD Graphics 520,2,15.6,,,,Kaggle,484,https://www.kaggle.com/datasets/eslamelsolya/laptop-price-prediction,
"Lenovo Notebook 14.0"" Intel Core i5 8250U 1.6GHz 8GB 256GB SSD (Intel UHD Graphics 620)",55890.72,,Lenovo,8,256,SSD,Intel Core i5 8250U 1.6GHz,5,Intel UHD Graphics 620,2,14.0,,,,Kaggle,485,https://www.kaggle.com/datasets/eslamelsolya/laptop-price-prediction,
"Dell Workstation 15.6"" Intel Core i7 6820HQ 2.7GHz 16GB 512GB SSD (Nvidia Quadro M620)",124568.64,,Dell,16,512,SSD,Intel Core i7 6820HQ 2.7GHz,7,Nvidia Quadro M620,6,15.6,,,,Kaggle,486,https://www.kaggle.com/datasets/eslamelsolya/laptop-price-prediction,
"Dell Notebook 15.6"" Intel Core i7 7700HQ 2.8GHz 16GB 512GB SSD (Nvidia GeForce GTX 1050)",101178.72,,Dell,16,512,SSD,Intel Core i7 7700HQ 2.8GHz,7,Nvidia GeForce GTX 1050,4,15.6,,,,Kaggle,487,https://www.kaggle.com/datasets/eslamelsolya/laptop-price-prediction,
"Lenovo Ultrabook 12.5"" Intel Core i7 7500U 2.7GHz 16GB 512GB SSD (Intel HD Graphics 620)",95797.44,,Lenovo,16,512,SSD,Intel Core i7 7500U 2.7GHz,7,Intel HD Graphics 620,2,12.5,,,,Kaggle,488,https://www.kaggle.com/datasets/eslamelsolya/laptop-price-prediction,
"Asus Ultrabook 12.5"" Intel Core i7 7500U 2.7GHz 16GB 512GB SSD (Intel HD Graphics 620)",103896.0,,Asus,16,512,SSD,Intel Core i7 7500U 2.7GHz,7,Intel HD Graphics 620,2,12.5,,,,Kaggle,489,https://www.kaggle.com/datasets/eslamelsolya/laptop-price-prediction,
"Lenovo Notebook 15.6"" Intel Core i5 7200U 2.5GHz 8GB 256GB SSD (Nvidia GeForce 940MX)",53918.83,,Lenovo,8,256,SSD,Intel Core i5 7200U 2.5GHz,5,Nvidia GeForce 940MX,1,15.6,,,,Kaggle,490,https://www.kaggle.com/datasets/eslamelsolya/laptop-price-prediction,
"Toshiba Ultrabook 13.3"" Intel Core i7 7500U 2.7GHz 32GB 512GB SSD (Intel HD Graphics 620)",149130.72,,Toshiba,32,512,SSD,Intel Core i7 7500U 2.7GHz,7,Intel HD Graphics 620,2,13.3,,,,Kaggle,491,https://www.kaggle.com/datasets/eslamelsolya/laptop-price-prediction,
"Asus Gaming 15.6"" Intel Core i7 7700HQ 2.8GHz 8GB 128GB SSD + 1TB HDD (Nvidia GeForce GTX 1050)",71928.0,,Asus,8,128,SSD,Intel Core i7 7700HQ 2.8GHz,7,Nvidia GeForce GTX 1050,4,15.6,,,,Kaggle,492,https://www.kaggle.com/datasets/eslamelsolya/laptop-price-prediction,
"Acer Notebook 15.6"" AMD A10-Series 9620P 2.5GHz 8GB 1TB HDD (AMD Radeon RX 540)",30849.12,,Acer,8,1024,HDD,AMD A10-Series 9620P 2.5GHz,4,AMD Radeon RX 540,2,15.6,,,,Kaggle,493,https://www.kaggle.com/datasets/eslamelsolya/laptop-price-prediction,
"Asus Gaming 17.3"" Intel Core i7 6700HQ 2.6GHz 24GB 256GB SSD + 1TB HDD (Nvidia GeForce GTX 965M)",67612.32,,Asus,24,256,SSD,Intel Core i7 6700HQ 2.6GHz,7,Nvidia GeForce GTX 965M,1,17.3,,,,Kaggle,494,https://www.kaggle.com/datasets/eslamelsolya/laptop-price-prediction,
"Lenovo Ultrabook 12.5"" Intel Core i5 6200U 2.3GHz 8GB 180GB SSD (Intel HD Graphics 520)",58554.72,,Lenovo,8,180,SSD,Intel Core i5 6200U 2.3GHz,5,Intel HD Graphics 520,2,12.5,,,,Kaggle,495,https://www.kaggle.com/datasets/eslamelsolya/laptop-price-prediction,
"Lenovo Notebook 15.6"" Intel Core i7 8550U 1.8GHz 8GB 256GB SSD (Intel UHD Graphics 620)",47893.39,,Lenovo,8,256,SSD,Intel Core i7 8550U 1.8GHz,7,Intel UHD Graphics 620,2,15.6,,,,Kaggle,496,https://www.kaggle.com/datasets/eslamelsolya/laptop-price-prediction,
"HP Notebook 14.0"" Intel Core i7 7600U 2.8GHz 8GB 1TB SSD (Intel HD Graphics 620)",93186.72,,HP,8,1024,SSD,Intel Core i7 7600U 2.8GHz,7,Intel HD Graphics 620,2,14.0,,,,Kaggle,497,https://www.kaggle.com/datasets/eslamelsolya/laptop-price-prediction,
"Lenovo Notebook 13.3"" Intel Core i3 7100U 2.4GHz 8GB 256GB SSD (Intel HD Graphics 620)",50562.72,,Lenovo,8,256,SSD,Intel Core i3 7100U 2.4GHz,3,Intel HD Graphics 620,2,13.3,,,,Kaggle,498,https://www.kaggle.com/datasets/eslamelsolya/laptop-price-prediction,
"Lenovo Notebook 15.6"" Intel Core i5 7200U 2.5GHz 8GB 256GB SSD (Intel HD Graphics 620)",48538.08,,Lenovo,8,256,SSD,Intel Core i5 7200U 2.5GHz,5,Intel HD Graphics 620,2,15.6,,,,Kaggle,499,https://www.kaggle.com/datasets/eslamelsolya/laptop-price-prediction,
"Asus Netbook 11.6"" Intel Celeron Dual Core N3350 1.1GHz 4GB 64GB Flash Storage (Intel HD Graphics 500)",18115.2,,Asus,4,64,FLASH,Intel Celeron Dual Core N3350 1.1GHz,1,Intel HD Graphics 500,2,11.6,,,,Kaggle,500,https://www.kaggle.com/datasets/eslamelsolya/laptop-price-prediction,
"HP Notebook 15.6"" Intel Core i5 7200U 2.5GHz 8GB 256GB SSD (AMD Radeon 520)",32979.79,,HP,8,256,SSD,Intel Core i5 7200U 2.5GHz,5,AMD Radeon 520,2,15.6,,,,Kaggle,501,https://www.kaggle.com/datasets/eslamelsolya/laptop-price-prediction,
"Lenovo 2 in 1 Convertible 13.9"" Intel Core i5 8250U 1.6GHz 8GB 256GB SSD (Intel UHD Graphics 620)",85194.72,,Lenovo,8,256,SSD,Intel Core i5 8250U 1.6GHz,5,Intel UHD Graphics 620,2,13.9,,,,Kaggle,502,https://www.kaggle.com/datasets/eslamelsolya/laptop-price-prediction,
"Lenovo Notebook 14.0"" Intel Celeron Dual Core N3350 1.1GHz 4GB 500GB HDD (Intel HD Graphics 500)",15930.72,,Lenovo,4,500,HDD,Intel Celeron Dual Core N3350 1.1GHz,1,Intel HD Graphics 500,2,14.0,,,,Kaggle,503,https://www.kaggle.com/datasets/eslamelsolya/laptop-price-prediction,
"Lenovo Netbook 11.6"" Intel Celeron Dual Core N3060 1.6GHz 4GB 16GB SSD (Intel HD Graphics 400)",14119.2,,Lenovo,4,16,SSD,Intel Celeron Dual Core N3060 1.6GHz,1,Intel HD Graphics 400,2,11.6,,,,Kaggle,504,https://www.kaggle.com/datasets/eslamelsolya/laptop-price-prediction,
"Lenovo Notebook 13.3"" Intel Core i5 7200U 2.5GHz 8GB 256GB SSD (Intel HD Graphics 620)",50562.72,,Lenovo,8,256,SSD,Intel Core i5 7200U 2.5GHz,5,Intel HD Graphics 620,2,13.3,,,,Kaggle,505,https://www.kaggle.com/datasets/eslamelsolya/laptop-price-prediction,
"Asus Notebook 15.6"" Intel Core i7 7500U 2.7GHz 8GB 256GB SSD + 1TB HDD (Intel HD Graphics 620)",65214.72,,Asus,8,256,SSD,Intel Core i7 7500U 2.7GHz,7,Intel HD Graphics 620,2,15.6,,,,Kaggle,506,https://www.kaggle.com/datasets/eslamelsolya/laptop-price-prediction,
"Acer Notebook 15.6"" Intel Core i5 8250U 1.6GHz 4GB 1TB HDD (Nvidia GeForce MX150)",32660.64,,Acer,4,1024,HDD,Intel Core i5 8250U 1.6GHz,5,Nvidia GeForce MX150,1,15.6,,,,Kaggle,507,https://www.kaggle.com/datasets/eslamelsolya/laptop-price-prediction,
"HP Ultrabook 13.3"" Intel Core i7 7500U 2.7GHz 8GB 512GB SSD (Intel HD Graphics 620)",70489.44,,HP,8,512,SSD,Intel Core i7 7500U 2.7GHz,7,Intel HD Graphics 620,2,13.3,,,,Kaggle,508,https://www.kaggle.com/datasets/eslamelsolya/laptop-price-prediction,
"Lenovo Gaming 15.6"" Intel Core i7 7700HQ 2.8GHz 8GB 256GB SSD + 1TB HDD (Nvidia GeForce GTX 1060)",61218.72,,Lenovo,8,256,SSD,Intel Core i7 7700HQ 2.8GHz,7,Nvidia GeForce GTX 1060,1,15.6,,,,Kaggle,509,https://www.kaggle.com/datasets/eslamelsolya/laptop-price-prediction,
"Dell Ultrabook 13.3"" Intel Core i5 7200U 2.5GHz 8GB 128GB SSD (Intel HD Graphics 620)",47898.72,,Dell,8,128,SSD,Intel Core i5 7200U 2.5GHz,5,Intel HD Graphics 620,2,13.3,,,,Kaggle,510,https://www.kaggle.com/datasets/eslamelsolya/laptop-price-prediction,
"Acer Notebook 15.6"" Intel Core i7 7500U 2.7GHz 4GB 500GB HDD (Nvidia GeForce 940MX)",34045.92,,Acer,4,500,HDD,Intel Core i7 7500U 2.7GHz,7,Nvidia GeForce 940MX,1,15.6,,,,Kaggle,511,https://www.kaggle.com/datasets/eslamelsolya/laptop-price-prediction,
"Dell Notebook 15.6"" Intel Core i5 7200U 2.5GHz 8GB 1TB HDD (Intel HD Graphics 620)",44542.08,,Dell,8,1024,HDD,Intel Core i5 7200U 2.5GHz,5,Intel HD Graphics 620,2,15.6,,,,Kaggle,512,https://www.kaggle.com/datasets/eslamelsolya/laptop-price-prediction,
"Dell Notebook 15.6"" Intel Core i7 8550U 1.8GHz 16GB 256GB SSD + 2TB HDD (AMD Radeon 530)",64961.11,,Dell,16,256,SSD,Intel Core i7 8550U 1.8GHz,7,AMD Radeon 530,2,15.6,,,,Kaggle,513,https://www.kaggle.com/datasets/eslamelsolya/laptop-price-prediction,
"Xiaomi Notebook 15.6"" Intel Core i7 8550U 1.8GHz 16GB 256GB SSD (Nvidia GeForce MX150)",74589.34,,Xiaomi,16,256,SSD,Intel Core i7 8550U 1.8GHz,7,Nvidia GeForce MX150,1,15.6,,,,Kaggle,514,https://www.kaggle.com/datasets/eslamelsolya/laptop-price-prediction,
"Asus Netbook 11.6"" Intel Celeron Dual Core N3350 1.1GHz 2GB 32GB Flash Storage (Intel HD Graphics 500)",13053.6,,Asus,2,32,FLASH,Intel Celeron Dual Core N3350 1.1GHz,1,Intel HD Graphics 500,2,11.6,,,,Kaggle,515,https://www.kaggle.com/datasets/eslamelsolya/laptop-price-prediction,
"HP Notebook 15.6"" Intel Core i5 8250U 1.6GHz 4GB 1TB HDD (Intel UHD Graphics 620)",27783.92,,HP,4,1024,HDD,Intel Core i5 8250U 1.6GHz,5,Intel UHD Graphics 620,2,15.6,,,,Kaggle,516,https://www.kaggle.com/datasets/eslamelsolya/laptop-price-prediction,
"Asus Gaming 15.6"" Intel Core i7 7700HQ 2.8GHz 24GB 512GB SSD (Nvidia GeForce GTX1080)",158135.04,,Asus,24,512,SSD,Intel Core i7 7700HQ 2.8GHz,7,Nvidia GeForce GTX1080,1,15.6,,,,Kaggle,517,https://www.kaggle.com/datasets/eslamelsolya/laptop-price-prediction,
"HP Notebook 15.6"" Intel Core i5 7200U 2.5GHz 8GB 256GB SSD (Nvidia GeForce 930MX)",47365.92,,HP,8,256,SSD,Intel Core i5 7200U 2.5GHz,5,Nvidia GeForce 930MX,1,15.6,,,,Kaggle,518,https://www.kaggle.com/datasets/eslamelsolya/laptop-price-prediction,
"Asus Gaming 17.3"" Intel Core i7 7700HQ 2.8GHz 16GB 256GB SSD + 1TB HDD (Nvidia GeForce GTX1050 Ti)",80133.12,,Asus,16,256,SSD,Intel Core i7 7700HQ 2.8GHz,7,Nvidia GeForce GTX1050 Ti,1,17.3,,,,Kaggle,519,https://www.kaggle.com/datasets/eslamelsolya/laptop-price-prediction,
"Lenovo Gaming 15.6"" Intel Core i7 7700HQ 2.8GHz 8GB 256GB SSD + 1TB HDD (Nvidia GeForce GTX 1060)",74538.72,,Lenovo,8,256,SSD,Intel Core i7 7700HQ 2.8GHz,7,Nvidia GeForce GTX 1060,1,15.6,,,,Kaggle,520,https://www.kaggle.com/datasets/eslamelsolya/laptop-price-prediction,
"HP Ultrabook 13.3"" Intel Core i7 7500U 2.7GHz 8GB 256GB SSD (Intel HD Graphics 620)",74538.72,,HP,8,256,SSD,Intel Core i7 7500U 2.7GHz,7,Intel HD Graphics 620,2,13.3,,,,Kaggle,521,https://www.kaggle.com/datasets/eslamelsolya/laptop-price-prediction,
"Dell Notebook 14.0"" Intel Core i5 7300U 2.6GHz 8GB 256GB SSD (Intel HD Graphics 620)",68184.01,,Dell,8,256,SSD,Intel Core i5 7300U 2.6GHz,5,Intel HD Graphics 620,2,14.0,,,,Kaggle,522,https://www.kaggle.com/datasets/eslamelsolya/laptop-price-prediction,
"HP Notebook 15.6"" Intel Core i3 6006U 2GHz 4GB 128GB SSD (Intel HD Graphics 520)",36709.92,,HP,4,128,SSD,Intel Core i3 6006U 2GHz,3,Intel HD Graphics 520,2,15.6,,,,Kaggle,523,https://www.kaggle.com/datasets/eslamelsolya/laptop-price-prediction,
"Dell Notebook 17.3"" Intel Core i5 8250U 1.6GHz 8GB 128GB SSD + 1TB HDD (AMD Radeon 530)",47365.92,,Dell,8,128,SSD,Intel Core i5 8250U 1.6GHz,5,AMD Radeon 530,2,17.3,,,,Kaggle,524,https://www.kaggle.com/datasets/eslamelsolya/laptop-price-prediction,
"Lenovo Notebook 14.0"" Intel Core i5 6200U 2.3GHz 8GB 256GB SSD (Intel HD Graphics 520)",71395.2,,Lenovo,8,256,SSD,Intel Core i5 6200U 2.3GHz,5,Intel HD Graphics 520,2,14.0,,,,Kaggle,525,https://www.kaggle.com/datasets/eslamelsolya/laptop-price-prediction,
"Lenovo Notebook 15.6"" Intel Core i7 7500U 2.7GHz 4GB 1TB HDD (Nvidia GeForce 920MX)",42570.72,,Lenovo,4,1024,HDD,Intel Core i7 7500U 2.7GHz,7,Nvidia GeForce 920MX,1,15.6,,,,Kaggle,526,https://www.kaggle.com/datasets/eslamelsolya/laptop-price-prediction,
"Lenovo Notebook 15.6"" Intel Core i3 6006U 2GHz 8GB 2TB HDD (Nvidia GeForce 920MX)",24455.52,,Lenovo,8,2048,HDD,Intel Core i3 6006U 2GHz,3,Nvidia GeForce 920MX,1,15.6,,,,Kaggle,527,https://www.kaggle.com/datasets/eslamelsolya/laptop-price-prediction,
"Dell Notebook 15.6"" Intel Core i5 7200U 2.5GHz 4GB 500GB HDD (AMD Radeon R5 M430)",31168.8,,Dell,4,500,HDD,Intel Core i5 7200U 2.5GHz,5,AMD Radeon R5 M430,2,15.6,,,,Kaggle,528,https://www.kaggle.com/datasets/eslamelsolya/laptop-price-prediction,
"Dell Notebook 15.6"" Intel Core i5 7440HQ 2.8GHz 8GB 256GB SSD (Intel HD Graphics 620)",73366.56,,Dell,8,256,SSD,Intel Core i5 7440HQ 2.8GHz,5,Intel HD Graphics 620,2,15.6,,,,Kaggle,529,https://www.kaggle.com/datasets/eslamelsolya/laptop-price-prediction,
"Dell Gaming 17.3"" Intel Core i7 7700HQ 2.8GHz 16GB 128GB SSD + 1TB HDD (Nvidia GeForce GTX 1070)",160520.39,,Dell,16,128,SSD,Intel Core i7 7700HQ 2.8GHz,7,Nvidia GeForce GTX 1070,6,17.3,,,,Kaggle,530,https://www.kaggle.com/datasets/eslamelsolya/laptop-price-prediction,
"Toshiba Notebook 15.6"" Intel Core i5 7200U 2.5GHz 8GB 500GB HDD (Intel HD Graphics 620)",45820.8,,Toshiba,8,500,HDD,Intel Core i5 7200U 2.5GHz,5,Intel HD Graphics 620,2,15.6,,,,Kaggle,531,https://www.kaggle.com/datasets/eslamelsolya/laptop-price-prediction,
"Asus Notebook 15.6"" Intel Core i7 7500U 2.7GHz 8GB 256GB SSD + 1TB HDD (Nvidia GeForce GTX 960M)",69210.72,,Asus,8,256,SSD,Intel Core i7 7500U 2.7GHz,7,Nvidia GeForce GTX 960M,1,15.6,,,,Kaggle,532,https://www.kaggle.com/datasets/eslamelsolya/laptop-price-prediction,
"Mediacom Notebook 13.3"" Intel Celeron Quad Core N3450 1.1GHz 4GB 32GB SSD (Intel HD Graphics 500)",19660.32,,Mediacom,4,32,SSD,Intel Celeron Quad Core N3450 1.1GHz,1,Intel HD Graphics 500,2,13.3,,,,Kaggle,533,https://www.kaggle.com/datasets/eslamelsolya/laptop-price-prediction,
"Asus Gaming 15.6"" Intel Core i5 7300HQ 2.5GHz 8GB 128GB SSD + 1TB HDD (Nvidia GeForce GTX 1060)",87858.72,,Asus,8,128,SSD,Intel Core i5 7300HQ 2.5GHz,5,Nvidia GeForce GTX 1060,1,15.6,,,,Kaggle,534,https://www.kaggle.com/datasets/eslamelsolya/laptop-price-prediction,
"Dell Notebook 15.6"" Intel Core i7 7600U 2.8GHz 8GB 256GB SSD (Nvidia GeForce 930MX)",72940.32,,Dell,8,256,SSD,Intel Core i7 7600U 2.8GHz,7,Nvidia GeForce 930MX,1,15.6,,,,Kaggle,535,https://www.kaggle.com/datasets/eslamelsolya/laptop-price-prediction,
"Dell Notebook 15.6"" Intel Core i5 8250U 1.6GHz 8GB 256GB SSD (AMD Radeon 530)",42486.0,,Dell,8,256,SSD,Intel Core i5 8250U 1.6GHz,5,AMD Radeon 530,2,15.6,,,,Kaggle,536,https://www.kaggle.com/datasets/eslamelsolya/laptop-price-prediction,
"HP Notebook 15.6"" Intel Pentium Quad Core N3710 1.6GHz 4GB 256GB SSD (Intel HD Graphics 405)",21258.19,,HP,4,256,SSD,Intel Pentium Quad Core N3710 1.6GHz,2,Intel HD Graphics 405,2,15.6,,,,Kaggle,537,https://www.kaggle.com/datasets/eslamelsolya/laptop-price-prediction,
"HP Gaming 17.3"" Intel Core i7 7700HQ 2.8GHz 12GB 1TB HDD (Nvidia GeForce GTX 1060)",95850.72,,HP,12,1024,HDD,Intel Core i7 7700HQ 2.8GHz,7,Nvidia GeForce GTX 1060,1,17.3,,,,Kaggle,538,https://www.kaggle.com/datasets/eslamelsolya/laptop-price-prediction,
"Lenovo Notebook 14.0"" Intel Core i7 7500U 2.7GHz 8GB 256GB SSD (Nvidia GeForce 940MX)",45767.52,,Lenovo,8,256,SSD,Intel Core i7 7500U 2.7GHz,7,Nvidia GeForce 940MX,1,14.0,,,,Kaggle,539,https://www.kaggle.com/datasets/eslamelsolya/laptop-price-prediction,
"Dell Ultrabook 13.3"" Intel Core i7 8550U 1.8GHz 8GB 256GB SSD (Intel UHD Graphics 620)",74538.72,,Dell,8,256,SSD,Intel Core i7 8550U 1.8GHz,7,Intel UHD Graphics 620,2,13.3,,,,Kaggle,540,https://www.kaggle.com/datasets/eslamelsolya/laptop-price-prediction,
"Dell Notebook 14.0"" Intel Core i3 6006U 2GHz 4GB 128GB SSD (Intel HD Graphics 520)",39207.15,,Dell,4,128,SSD,Intel Core i3 6006U 2GHz,3,Intel HD Graphics 520,2,14.0,,,,Kaggle,541,https://www.kaggle.com/datasets/eslamelsolya/laptop-price-prediction,
"HP Ultrabook 13.3"" Intel Core i7 7500U 2.7GHz 8GB 256GB SSD (Intel HD Graphics 620)",61005.6,,HP,8,256,SSD,Intel Core i7 7500U 2.7GHz,7,Intel HD Graphics 620,2,13.3,,,,Kaggle,542,https://www.kaggle.com/datasets/eslamelsolya/laptop-price-prediction,
"Acer Gaming 15.6"" Intel Core i5 7300HQ 2.5GHz 8GB 1TB HDD (Nvidia GeForce GTX 1050)",42517.44,,Acer,8,1024,HDD,Intel Core i5 7300HQ 2.5GHz,5,Nvidia GeForce GTX 1050,4,15.6,,,,Kaggle,543,https://www.kaggle.com/datasets/eslamelsolya/laptop-price-prediction,
"Asus Notebook 15.6"" AMD E-Series 7110 1.8GHz 4GB 500GB HDD (AMD Radeon R2 Graphics)",18594.72,,Asus,4,500,HDD,AMD E-Series 7110 1.8GHz,1,AMD Radeon R2 Graphics,2,15.6,,,,Kaggle,544,https://www.kaggle.com/datasets/eslamelsolya/laptop-price-prediction,
"HP Notebook 15.6"" Intel Core i3 7100U 2.4GHz 4GB 128GB SSD (Intel HD Graphics 620)",37589.04,,HP,4,128,SSD,Intel Core i3 7100U 2.4GHz,3,Intel HD Graphics 620,2,15.6,,,,Kaggle,545,https://www.kaggle.com/datasets/eslamelsolya/laptop-price-prediction,
"Lenovo Notebook 14.0"" Intel Core i5 7200U 2.5GHz 4GB 500GB HDD (Intel HD Graphics 620)",41824.8,,Lenovo,4,500,HDD,Intel Core i5 7200U 2.5GHz,5,Intel HD Graphics 620,2,14.0,,,,Kaggle,546,https://www.kaggle.com/datasets/eslamelsolya/laptop-price-prediction,
"Lenovo Notebook 15.6"" Intel Core i5 6200U 2.3GHz 4GB 1TB HDD (Intel HD Graphics 520)",24634.01,,Lenovo,4,1024,HDD,Intel Core i5 6200U 2.3GHz,5,Intel HD Graphics 520,2,15.6,,,,Kaggle,547,https://www.kaggle.com/datasets/eslamelsolya/laptop-price-prediction,
"HP Notebook 15.6"" Intel Core i3 6006U 2GHz 4GB 500GB HDD (Intel HD Graphics 520)",21152.16,,HP,4,500,HDD,Intel Core i3 6006U 2GHz,3,Intel HD Graphics 520,2,15.6,,,,Kaggle,548,https://www.kaggle.com/datasets/eslamelsolya/laptop-price-prediction,
"Lenovo Notebook 15.6"" Intel Core i7 7500U 2.7GHz 8GB 512GB SSD (Intel HD Graphics 620)",92121.12,,Lenovo,8,512,SSD,Intel Core i7 7500U 2.7GHz,7,Intel HD Graphics 620,2,15.6,,,,Kaggle,549,https://www.kaggle.com/datasets/eslamelsolya/laptop-price-prediction,
"Lenovo Notebook 15.6"" Intel Core i3 6006U 2GHz 4GB 128GB SSD (Intel HD Graphics 520)",26586.72,,Lenovo,4,128,SSD,Intel Core i3 6006U 2GHz,3,Intel HD Graphics 520,2,15.6,,,,Kaggle,550,https://www.kaggle.com/datasets/eslamelsolya/laptop-price-prediction,
"Dell Notebook 15.6"" Intel Core i5 7200U 2.5GHz 8GB 256GB SSD (Intel HD Graphics 620)",59513.23,,Dell,8,256,SSD,Intel Core i5 7200U 2.5GHz,5,Intel HD Graphics 620,2,15.6,,,,Kaggle,551,https://www.kaggle.com/datasets/eslamelsolya/laptop-price-prediction,
"Dell Gaming 17.3"" Intel Core i7 7700HQ 2.8GHz 16GB 256GB SSD + 1TB HDD (Nvidia GeForce GTX 1070)",143802.72,,Dell,16,256,SSD,Intel Core i7 7700HQ 2.8GHz,7,Nvidia GeForce GTX 1070,6,17.3,,,,Kaggle,552,https://www.kaggle.com/datasets/eslamelsolya/laptop-price-prediction,
"HP Notebook 17.3"" Intel Core i3 6006U 2GHz 8GB 1TB HDD (Intel HD Graphics 520)",28992.31,,HP,8,1024,HDD,Intel Core i3 6006U 2GHz,3,Intel HD Graphics 520,2,17.3,,,,Kaggle,553,https://www.kaggle.com/datasets/eslamelsolya/laptop-price-prediction,
"HP Notebook 17.3"" Intel Core i7 7500U 2.7GHz 8GB 1TB HDD (Nvidia GeForce 930MX)",68198.4,,HP,8,1024,HDD,Intel Core i7 7500U 2.7GHz,7,Nvidia GeForce 930MX,1,17.3,,,,Kaggle,554,https://www.kaggle.com/datasets/eslamelsolya/laptop-price-prediction,
"Asus Notebook 15.6"" Intel Celeron Dual Core N3350 1.1GHz 4GB 500GB HDD (Intel HD Graphics 500)",11934.72,,Asus,4,500,HDD,Intel Celeron Dual Core N3350 1.1GHz,1,Intel HD Graphics 500,2,15.6,,,,Kaggle,555,https://www.kaggle.com/datasets/eslamelsolya/laptop-price-prediction,
"Mediacom Notebook 13.3"" Intel Atom x5-Z8350 1.44GHz 4GB 32GB Flash Storage (Intel HD Graphics)",13586.4,,Mediacom,4,32,FLASH,Intel Atom x5-Z8350 1.44GHz,1,Intel HD Graphics,2,13.3,,,,Kaggle,556,https://www.kaggle.com/datasets/eslamelsolya/laptop-price-prediction,
"Lenovo Notebook 17.3"" Intel Core i7 7500U 2.7GHz 6GB 128GB SSD + 1TB HDD (Nvidia GeForce 940MX)",50562.72,,Lenovo,6,128,SSD,Intel Core i7 7500U 2.7GHz,7,Nvidia GeForce 940MX,1,17.3,,,,Kaggle,557,https://www.kaggle.com/datasets/eslamelsolya/laptop-price-prediction,
"HP Notebook 15.6"" AMD A10-Series A10-9620P 2.5GHz 6GB 128GB SSD (AMD Radeon 530)",30310.99,,HP,6,128,SSD,AMD A10-Series A10-9620P 2.5GHz,4,AMD Radeon 530,2,15.6,,,,Kaggle,558,https://www.kaggle.com/datasets/eslamelsolya/laptop-price-prediction,
"Dell Notebook 15.6"" Intel Core i3 6006U 2GHz 4GB 1TB HDD (AMD Radeon R5 M420)",32921.71,,Dell,4,1024,HDD,Intel Core i3 6006U 2GHz,3,AMD Radeon R5 M420,2,15.6,,,,Kaggle,559,https://www.kaggle.com/datasets/eslamelsolya/laptop-price-prediction,
"Acer 2 in 1 Convertible 11.6"" Intel Celeron Dual Core N3350 2.0GHz 4GB 32GB Flash Storage (Intel HD Graphics 500)",18594.72,,Acer,4,32,FLASH,Intel Celeron Dual Core N3350 2.0GHz,1,Intel HD Graphics 500,2,11.6,,,,Kaggle,560,https://www.kaggle.com/datasets/eslamelsolya/laptop-price-prediction,
"Lenovo Notebook 15.6"" Intel Core i3 7130U 2.7GHz 4GB 128GB SSD (Intel HD Graphics 620)",33566.4,,Lenovo,4,128,SSD,Intel Core i3 7130U 2.7GHz,3,Intel HD Graphics 620,2,15.6,,,,Kaggle,561,https://www.kaggle.com/datasets/eslamelsolya/laptop-price-prediction,
"HP Ultrabook 13.3"" Intel Core M 6Y75 1.2GHz 16GB 512GB SSD (Intel HD Graphics 515)",104695.2,,HP,16,512,SSD,Intel Core M 6Y75 1.2GHz,4,Intel HD Graphics 515,2,13.3,,,,Kaggle,562,https://www.kaggle.com/datasets/eslamelsolya/laptop-price-prediction,
"Lenovo Notebook 17.3"" Intel Core i7 7700HQ 2.8GHz 8GB 256GB SSD (Nvidia Quadro M620M)",159786.72,,Lenovo,8,256,SSD,Intel Core i7 7700HQ 2.8GHz,7,Nvidia Quadro M620M,6,17.3,,,,Kaggle,563,https://www.kaggle.com/datasets/eslamelsolya/laptop-price-prediction,
"Asus Notebook 15.6"" Intel Core i5 7300HQ 2.5GHz 8GB 128GB SSD + 1TB HDD (Nvidia GeForce GTX 1050)",44701.92,,Asus,8,128,SSD,Intel Core i5 7300HQ 2.5GHz,5,Nvidia GeForce GTX 1050,4,15.6,,,,Kaggle,564,https://www.kaggle.com/datasets/eslamelsolya/laptop-price-prediction,
"Dell Ultrabook 13.3"" Intel Core i5 8250U 1.6GHz 8GB 128GB SSD (Intel UHD Graphics 620)",85194.72,,Dell,8,128,SSD,Intel Core i5 8250U 1.6GHz,5,Intel UHD Graphics 620,2,13.3,,,,Kaggle,565,https://www.kaggle.com/datasets/eslamelsolya/laptop-price-prediction,
"Dell Notebook 15.6"" Intel Core i5 7300U 2.6GHz 4GB 500GB HDD (Intel HD Graphics 620)",51095.52,,Dell,4,500,HDD,Intel Core i5 7300U 2.6GHz,5,Intel HD Graphics 620,2,15.6,,,,Kaggle,566,https://www.kaggle.com/datasets/eslamelsolya/laptop-price-prediction,
"Fujitsu Notebook 15.6"" Intel Core i5 7200U 2.5GHz 8GB 1TB HDD (Intel HD Graphics 620)",39373.92,,Fujitsu,8,1024,HDD,Intel Core i5 7200U 2.5GHz,5,Intel HD Graphics 620,2,15.6,,,,Kaggle,567,https://www.kaggle.com/datasets/eslamelsolya/laptop-price-prediction,
"Lenovo Notebook 15.6"" Intel Pentium Quad Core N4200 1.1GHz 4GB 500GB HDD (Intel HD Graphics 505)",18328.32,,Lenovo,4,500,HDD,Intel Pentium Quad Core N4200 1.1GHz,2,Intel HD Graphics 505,2,15.6,,,,Kaggle,568,https://www.kaggle.com/datasets/eslamelsolya/laptop-price-prediction,
"Lenovo Notebook 14.0"" Intel Core i5 7200U 2.5GHz 4GB 500GB HDD (Intel HD Graphics 620)",52747.2,,Lenovo,4,500,HDD,Intel Core i5 7200U 2.5GHz,5,Intel HD Graphics 620,2,14.0,,,,Kaggle,569,https://www.kaggle.com/datasets/eslamelsolya/laptop-price-prediction,
"HP Workstation 17.3"" Intel Core i5 7440HQ 2.8GHz 8GB 500GB HDD (Nvidia Quadro M1200)",99153.55,,HP,8,500,HDD,Intel Core i5 7440HQ 2.8GHz,5,Nvidia Quadro M1200,6,17.3,,,,Kaggle,570,https://www.kaggle.com/datasets/eslamelsolya/laptop-price-prediction,
"HP Notebook 14.0"" Intel Pentium Quad Core N3710 1.6GHz 8GB 2TB HDD (Intel HD Graphics 405)",20725.92,,HP,8,2048,HDD,Intel Pentium Quad Core N3710 1.6GHz,2,Intel HD Graphics 405,2,14.0,,,,Kaggle,571,https://www.kaggle.com/datasets/eslamelsolya/laptop-price-prediction,
"HP Notebook 15.6"" AMD A9-Series A9-9420 3GHz 6GB 256GB SSD (AMD Radeon 530)",34578.72,,HP,6,256,SSD,AMD A9-Series A9-9420 3GHz,2,AMD Radeon 530,2,15.6,,,,Kaggle,572,https://www.kaggle.com/datasets/eslamelsolya/laptop-price-prediction,
"Lenovo Notebook 15.6"" Intel Core i5 7200U 2.5GHz 8GB 256GB SSD (Intel HD Graphics 620)",44222.4,,Lenovo,8,256,SSD,Intel Core i5 7200U 2.5GHz,5,Intel HD Graphics 620,2,15.6,,,,Kaggle,573,https://www.kaggle.com/datasets/eslamelsolya/laptop-price-prediction,
"Lenovo Notebook 15.6"" Intel Core i5 8250U 1.6GHz 4GB 500GB HDD (Intel HD Graphics 620)",36496.8,,Lenovo,4,500,HDD,Intel Core i5 8250U 1.6GHz,5,Intel HD Graphics 620,2,15.6,,,,Kaggle,574,https://www.kaggle.com/datasets/eslamelsolya/laptop-price-prediction,
"Mediacom Notebook 14.0"" Intel Atom x5-Z8350 1.44GHz 4GB 32GB SSD (Intel HD Graphics)",13266.72,,Mediacom,4,32,SSD,Intel Atom x5-Z8350 1.44GHz,1,Intel HD Graphics,2,14.0,,,,Kaggle,575,https://www.kaggle.com/datasets/eslamelsolya/laptop-price-prediction,
"Toshiba Ultrabook 14.0"" Intel Core i7 7500U 2.7GHz 16GB 512GB SSD (Intel HD Graphics 620)",99367.2,,Toshiba,16,512,SSD,Intel Core i7 7500U 2.7GHz,7,Intel HD Graphics 620,2,14.0,,,,Kaggle,576,https://www.kaggle.com/datasets/eslamelsolya/laptop-price-prediction,
"Lenovo Gaming 17.3"" Intel Core i7 6820HK 2.7GHz 32GB 256GB SSD + 1TB HDD (Nvidia GeForce GTX 1070)",141884.64,,Lenovo,32,256,SSD,Intel Core i7 6820HK 2.7GHz,7,Nvidia GeForce GTX 1070,6,17.3,,,,Kaggle,577,https://www.kaggle.com/datasets/eslamelsolya/laptop-price-prediction,
"MSI Gaming 17.3"" Intel Core i7 7820HK 2.9GHz 16GB 512GB SSD + 1TB HDD (Nvidia GeForce GTX 1070)",145401.12,,MSI,16,512,SSD,Intel Core i7 7820HK 2.9GHz,7,Nvidia GeForce GTX 1070,6,17.3,,,,Kaggle,578,https://www.kaggle.com/datasets/eslamelsolya/laptop-price-prediction,
"Dell Notebook 15.6"" Intel Core i7 7500U 2.7GHz 8GB 256GB SSD (AMD Radeon R5 M430)",39907.25,,Dell,8,256,SSD,Intel Core i7 7500U 2.7GHz,7,AMD Radeon R5 M430,2,15.6,,,,Kaggle,579,https://www.kaggle.com/datasets/eslamelsolya/laptop-price-prediction,
"Mediacom Notebook 14.0"" Intel Celeron Quad Core N3450 1.1GHz 4GB 32GB SSD (Intel HD Graphics 500)",20725.92,,Mediacom,4,32,SSD,Intel Celeron Quad Core N3450 1.1GHz,1,Intel HD Graphics 500,2,14.0,,,,Kaggle,580,https://www.kaggle.com/datasets/eslamelsolya/laptop-price-prediction,
"Dell Notebook 15.6"" Intel Core i5 7300U 2.6GHz 8GB 500GB HDD (Intel HD Graphics 620)",53733.95,,Dell,8,500,HDD,Intel Core i5 7300U 2.6GHz,5,Intel HD Graphics 620,2,15.6,,,,Kaggle,581,https://www.kaggle.com/datasets/eslamelsolya/laptop-price-prediction,
"HP Notebook 13.3"" Intel Core i3 7100U 2.4GHz 4GB 128GB SSD (Intel HD Graphics 620)",38308.32,,HP,4,128,SSD,Intel Core i3 7100U 2.4GHz,3,Intel HD Graphics 620,2,13.3,,,,Kaggle,582,https://www.kaggle.com/datasets/eslamelsolya/laptop-price-prediction,
"Dell Notebook 15.6"" Intel Core i7 7600U 2.8GHz 16GB 256GB SSD (Nvidia GeForce 930MX)",81912.14,,Dell,16,256,SSD,Intel Core i7 7600U 2.8GHz,7,Nvidia GeForce 930MX,1,15.6,,,,Kaggle,583,https://www.kaggle.com/datasets/eslamelsolya/laptop-price-prediction,
"Dell Netbook 11.6"" Intel Celeron Dual Core N3060 1.6GHz 4GB 16GB Flash Storage (Intel HD Graphics 400)",15717.6,,Dell,4,16,FLASH,Intel Celeron Dual Core N3060 1.6GHz,1,Intel HD Graphics 400,2,11.6,,,,Kaggle,584,https://www.kaggle.com/datasets/eslamelsolya/laptop-price-prediction,
"MSI Gaming 17.3"" Intel Core i7 6820HK 2.7GHz 16GB 128GB SSD + 1TB HDD (Nvidia GeForce GTX 980M)",125154.72,,MSI,16,128,SSD,Intel Core i7 6820HK 2.7GHz,7,Nvidia GeForce GTX 980M,5,17.3,,,,Kaggle,585,https://www.kaggle.com/datasets/eslamelsolya/laptop-price-prediction,
"HP Gaming 17.3"" Intel Core i7 7700HQ 2.8GHz 16GB 256GB SSD + 1TB HDD (Nvidia GeForce GTX 1050)",79813.44,,HP,16,256,SSD,Intel Core i7 7700HQ 2.8GHz,7,Nvidia GeForce GTX 1050,4,17.3,,,,Kaggle,586,https://www.kaggle.com/datasets/eslamelsolya/laptop-price-prediction,
"Lenovo Ultrabook 14.0"" Intel Core i7 6600U 2.6GHz 12GB 256GB SSD (Intel HD Graphics 520)",89137.44,,Lenovo,12,256,SSD,Intel Core i7 6600U 2.6GHz,7,Intel HD Graphics 520,2,14.0,,,,Kaggle,587,https://www.kaggle.com/datasets/eslamelsolya/laptop-price-prediction,
"Lenovo Notebook 15.6"" Intel Core i7 8550U 1.8GHz 12GB 1TB HDD (Intel HD Graphics 620)",32447.52,,Lenovo,12,1024,HDD,Intel Core i7 8550U 1.8GHz,7,Intel HD Graphics 620,2,15.6,,,,Kaggle,588,https://www.kaggle.com/datasets/eslamelsolya/laptop-price-prediction,
"Asus Gaming 17.3"" Intel Core i5 7300HQ 2.5GHz 8GB 128GB SSD + 1TB HDD (Nvidia GeForce GTX 1060)",94305.6,,Asus,8,128,SSD,Intel Core i5 7300HQ 2.5GHz,5,Nvidia GeForce GTX 1060,1,17.3,,,,Kaggle,589,https://www.kaggle.com/datasets/eslamelsolya/laptop-price-prediction,
"Asus 2 in 1 Convertible 15.6"" Intel Core i5 7200U 2.5GHz 8GB 1TB HDD (Intel HD Graphics 520)",39373.92,,Asus,8,1024,HDD,Intel Core i5 7200U 2.5GHz,5,Intel HD Graphics 520,2,15.6,,,,Kaggle,590,https://www.kaggle.com/datasets/eslamelsolya/laptop-price-prediction,
"Lenovo Notebook 15.6"" AMD A12-Series 9720P 3.6GHz 12GB 512GB SSD (AMD Radeon 530)",50562.72,,Lenovo,12,512,SSD,AMD A12-Series 9720P 3.6GHz,4,AMD Radeon 530,2,15.6,,,,Kaggle,591,https://www.kaggle.com/datasets/eslamelsolya/laptop-price-prediction,
"Dell 2 in 1 Convertible 11.6"" Intel Core M 7Y30 1.0GHz 4GB 128GB SSD (Intel HD Graphics 615)",32127.84,,Dell,4,128,SSD,Intel Core M 7Y30 1.0GHz,4,Intel HD Graphics 615,2,11.6,,,,Kaggle,592,https://www.kaggle.com/datasets/eslamelsolya/laptop-price-prediction,
"Samsung Notebook 15.6"" Intel Core i7 7700HQ 2.8GHz 16GB 128GB SSD + 1TB HDD (Nvidia GeForce GTX 1050)",90522.72,,Samsung,16,128,SSD,Intel Core i7 7700HQ 2.8GHz,7,Nvidia GeForce GTX 1050,4,15.6,,,,Kaggle,593,https://www.kaggle.com/datasets/eslamelsolya/laptop-price-prediction,
"Lenovo Notebook 17.3"" Intel Core i3 6006U 2GHz 4GB 500GB HDD (Intel HD Graphics 520)",28185.12,,Lenovo,4,500,HDD,Intel Core i3 6006U 2GHz,3,Intel HD Graphics 520,2,17.3,,,,Kaggle,594,https://www.kaggle.com/datasets/eslamelsolya/laptop-price-prediction,
"Lenovo Notebook 15.6"" Intel Core i3 6100U 2.3GHz 8GB 1TB HDD (Intel HD Graphics 520)",24455.52,,Lenovo,8,1024,HDD,Intel Core i3 6100U 2.3GHz,3,Intel HD Graphics 520,2,15.6,,,,Kaggle,595,https://www.kaggle.com/datasets/eslamelsolya/laptop-price-prediction,
"Lenovo 2 in 1 Convertible 13.3"" Intel Core i7 7500U 2.7GHz 8GB 512GB SSD (Intel HD Graphics 620)",107892.0,,Lenovo,8,512,SSD,Intel Core i7 7500U 2.7GHz,7,Intel HD Graphics 620,2,13.3,,,,Kaggle,596,https://www.kaggle.com/datasets/eslamelsolya/laptop-price-prediction,
"Lenovo Notebook 14.0"" Intel Core i5 7300HQ 2.5GHz 8GB 256GB SSD (Intel HD Graphics 630)",78534.72,,Lenovo,8,256,SSD,Intel Core i5 7300HQ 2.5GHz,5,Intel HD Graphics 630,2,14.0,,,,Kaggle,597,https://www.kaggle.com/datasets/eslamelsolya/laptop-price-prediction,
"Dell 2 in 1 Convertible 12.5"" Intel Core i5 7200U 2.5GHz 8GB 256GB SSD (Intel HD Graphics 620)",88977.6,,Dell,8,256,SSD,Intel Core i5 7200U 2.5GHz,5,Intel HD Graphics 620,2,12.5,,,,Kaggle,598,https://www.kaggle.com/datasets/eslamelsolya/laptop-price-prediction,
"Dell Workstation 15.6"" Intel Core i7 7700HQ 2.8GHz 8GB 256GB SSD (Nvidia Quadro M620)",93932.64,,Dell,8,256,SSD,Intel Core i7 7700HQ 2.8GHz,7,Nvidia Quadro M620,6,15.6,,,,Kaggle,599,https://www.kaggle.com/datasets/eslamelsolya/laptop-price-prediction,
"HP Notebook 15.6"" Intel Core i7 7500U 2.7GHz 8GB 256GB SSD (Intel HD Graphics 620)",64948.32,,HP,8,256,SSD,Intel Core i7 7500U 2.7GHz,7,Intel HD Graphics 620,2,15.6,,,,Kaggle,600,https://www.kaggle.com/datasets/eslamelsolya/laptop-price-prediction,
"HP Notebook 15.6"" Intel Core i3 7100U 2.4GHz 4GB 500GB HDD (Intel HD Graphics 620)",35616.61,,HP,4,500,HDD,Intel Core i3 7100U 2.4GHz,3,Intel HD Graphics 620,2,15.6,,,,Kaggle,601,https://www.kaggle.com/datasets/eslamelsolya/laptop-price-prediction,
"Acer Notebook 14.0"" Intel Celeron Quad Core N3450 1.1GHz 4GB 32GB Flash Storage (Intel HD Graphics 500)",17529.12,,Acer,4,32,FLASH,Intel Celeron Quad Core N3450 1.1GHz,1,Intel HD Graphics 500,2,14.0,,,,Kaggle,602,https://www.kaggle.com/datasets/eslamelsolya/laptop-price-prediction,
"MSI Gaming 17.3"" Intel Core i7 6820HK 2.7GHz 16GB 128GB SSD + 1TB HDD (Nvidia GeForce GTX 970M)",117162.72,,MSI,16,128,SSD,Intel Core i7 6820HK 2.7GHz,7,Nvidia GeForce GTX 970M,1,17.3,,,,Kaggle,603,https://www.kaggle.com/datasets/eslamelsolya/laptop-price-prediction,
"Dell Notebook 15.6"" Intel Core i3 6006U 2GHz 4GB 1TB HDD (AMD Radeon R5 M420)",24775.2,,Dell,4,1024,HDD,Intel Core i3 6006U 2GHz,3,AMD Radeon R5 M420,2,15.6,,,,Kaggle,604,https://www.kaggle.com/datasets/eslamelsolya/laptop-price-prediction,
"MSI Gaming 15.6"" Intel Core i7 7700HQ 2.8GHz 16GB 256GB SSD + 2TB HDD (Nvidia GeForce GTX 1060)",122490.72,,MSI,16,256,SSD,Intel Core i7 7700HQ 2.8GHz,7,Nvidia GeForce GTX 1060,1,15.6,,,,Kaggle,605,https://www.kaggle.com/datasets/eslamelsolya/laptop-price-prediction,
"Toshiba Notebook 15.6"" Intel Core i7 6500U 2.5GHz 8GB 256GB SSD (Intel HD Graphics 520)",74538.72,,Toshiba,8,256,SSD,Intel Core i7 6500U 2.5GHz,7,Intel HD Graphics 520,2,15.6,,,,Kaggle,606,https://www.kaggle.com/datasets/eslamelsolya/laptop-price-prediction,
"Lenovo Notebook 15.6"" Intel Core i5 7200U 2.5GHz 6GB 1TB HDD (Intel HD Graphics 620)",30049.92,,Lenovo,6,1024,HDD,Intel Core i5 7200U 2.5GHz,5,Intel HD Graphics 620,2,15.6,,,,Kaggle,607,https://www.kaggle.com/datasets/eslamelsolya/laptop-price-prediction,
"Lenovo 2 in 1 Convertible 15.6"" Intel Core i7 7700HQ 2.8GHz 8GB 256GB SSD (Intel HD Graphics 630)",69210.72,,Lenovo,8,256,SSD,Intel Core i7 7700HQ 2.8GHz,7,Intel HD Graphics 630,2,15.6,,,,Kaggle,608,https://www.kaggle.com/datasets/eslamelsolya/laptop-price-prediction,
"Acer Notebook 14.0"" Intel Pentium Quad Core N3710 1.6GHz 4GB 128GB Flash Storage (Intel HD Graphics 405)",18594.72,,Acer,4,128,FLASH,Intel Pentium Quad Core N3710 1.6GHz,2,Intel HD Graphics 405,2,14.0,,,,Kaggle,609,https://www.kaggle.com/datasets/eslamelsolya/laptop-price-prediction,
"Lenovo Notebook 15.6"" Intel Xeon E3-1535M v6 3.1GHz 32GB 1TB SSD (Nvidia Quadro M2200M)",261018.72,,Lenovo,32,1024,SSD,Intel Xeon E3-1535M v6 3.1GHz,4,Nvidia Quadro M2200M,6,15.6,,,,Kaggle,610,https://www.kaggle.com/datasets/eslamelsolya/laptop-price-prediction,
"Dell Gaming 15.6"" Intel Core i7 6700HQ 2.6GHz 16GB 1TB HDD (Nvidia GeForce GTX 960<U+039C>)",46833.65,,Dell,16,1024,HDD,Intel Core i7 6700HQ 2.6GHz,7,Nvidia GeForce GTX 960<U+039C>,1,15.6,,,,Kaggle,611,https://www.kaggle.com/datasets/eslamelsolya/laptop-price-prediction,
"Dell Notebook 15.6"" Intel Core i3 6006U 2.0GHz 4GB 1TB HDD (Intel HD Graphics 520)",23650.99,,Dell,4,1024,HDD,Intel Core i3 6006U 2.0GHz,3,Intel HD Graphics 520,2,15.6,,,,Kaggle,612,https://www.kaggle.com/datasets/eslamelsolya/laptop-price-prediction,
"Dell Notebook 15.6"" Intel Core i3 6006U 2.0GHz 4GB 1TB HDD (Intel HD Graphics 520)",19127.52,,Dell,4,1024,HDD,Intel Core i3 6006U 2.0GHz,3,Intel HD Graphics 520,2,15.6,,,,Kaggle,613,https://www.kaggle.com/datasets/eslamelsolya/laptop-price-prediction,
"Dell Notebook 15.6"" Intel Core i5 7300U 2.6GHz 4GB 500GB HDD (Intel HD Graphics 620)",46300.32,,Dell,4,500,HDD,Intel Core i5 7300U 2.6GHz,5,Intel HD Graphics 620,2,15.6,,,,Kaggle,614,https://www.kaggle.com/datasets/eslamelsolya/laptop-price-prediction,
"Asus Gaming 17.3"" Intel Core i7 7700HQ 2.8GHz 8GB 128GB SSD + 1TB HDD (Nvidia GeForce GTX 1050)",62231.04,,Asus,8,128,SSD,Intel Core i7 7700HQ 2.8GHz,7,Nvidia GeForce GTX 1050,4,17.3,,,,Kaggle,615,https://www.kaggle.com/datasets/eslamelsolya/laptop-price-prediction,
"Dell Notebook 15.6"" Intel Core i5 7200U 2.5GHz 4GB 128GB SSD (AMD Radeon R5 M420)",30316.32,,Dell,4,128,SSD,Intel Core i5 7200U 2.5GHz,5,AMD Radeon R5 M420,2,15.6,,,,Kaggle,616,https://www.kaggle.com/datasets/eslamelsolya/laptop-price-prediction,
"HP Ultrabook 15.6"" Intel Core i7 7500U 2.7GHz 8GB 512GB SSD (Intel HD Graphics 620)",74005.92,,HP,8,512,SSD,Intel Core i7 7500U 2.7GHz,7,Intel HD Graphics 620,2,15.6,,,,Kaggle,617,https://www.kaggle.com/datasets/eslamelsolya/laptop-price-prediction,
"MSI Gaming 15.6"" Intel Core i7 7700HQ 2.8GHz 16GB 256GB SSD + 1TB HDD (Nvidia GeForce GTX 1070)",120831.58,,MSI,16,256,SSD,Intel Core i7 7700HQ 2.8GHz,7,Nvidia GeForce GTX 1070,6,15.6,,,,Kaggle,618,https://www.kaggle.com/datasets/eslamelsolya/laptop-price-prediction,
"Acer 2 in 1 Convertible 11.6"" Intel Celeron Quad Core N3160 1.6GHz 4GB 32GB Flash Storage (Intel HD Graphics 400)",20193.12,,Acer,4,32,FLASH,Intel Celeron Quad Core N3160 1.6GHz,1,Intel HD Graphics 400,2,11.6,,,,Kaggle,619,https://www.kaggle.com/datasets/eslamelsolya/laptop-price-prediction,
"HP Notebook 14.0"" Intel Core i5 7300U 2.6GHz 8GB 256GB SSD (Intel HD Graphics 620)",59886.72,,HP,8,256,SSD,Intel Core i5 7300U 2.6GHz,5,Intel HD Graphics 620,2,14.0,,,,Kaggle,620,https://www.kaggle.com/datasets/eslamelsolya/laptop-price-prediction,
"Lenovo Notebook 14.0"" Intel Core i5 6200U 2.3GHz 8GB 256GB SSD (Intel HD Graphics 520)",78055.2,,Lenovo,8,256,SSD,Intel Core i5 6200U 2.3GHz,5,Intel HD Graphics 520,2,14.0,,,,Kaggle,621,https://www.kaggle.com/datasets/eslamelsolya/laptop-price-prediction,
"Dell Notebook 15.6"" Intel Core i5 8250U 1.6GHz 4GB 1TB HDD (AMD Radeon 530)",41345.28,,Dell,4,1024,HDD,Intel Core i5 8250U 1.6GHz,5,AMD Radeon 530,2,15.6,,,,Kaggle,622,https://www.kaggle.com/datasets/eslamelsolya/laptop-price-prediction,
"Fujitsu Notebook 15.6"" Intel Core i5 7200U 2.5GHz 8GB 256GB SSD (Intel HD Graphics 620)",42570.72,,Fujitsu,8,256,SSD,Intel Core i5 7200U 2.5GHz,5,Intel HD Graphics 620,2,15.6,,,,Kaggle,623,https://www.kaggle.com/datasets/eslamelsolya/laptop-price-prediction,
"HP Notebook 15.6"" Intel Core i5 6200U 2.3GHz 4GB 500GB HDD (Intel HD Graphics 520)",49656.96,,HP,4,500,HDD,Intel Core i5 6200U 2.3GHz,5,Intel HD Graphics 520,2,15.6,,,,Kaggle,624,https://www.kaggle.com/datasets/eslamelsolya/laptop-price-prediction,
"Lenovo Notebook 15.6"" Intel Core i7 7500U 2.7GHz 8GB 1TB HDD (Nvidia GeForce 920MX)",47898.72,,Lenovo,8,1024,HDD,Intel Core i7 7500U 2.7GHz,7,Nvidia GeForce 920MX,1,15.6,,,,Kaggle,625,https://www.kaggle.com/datasets/eslamelsolya/laptop-price-prediction,
"Mediacom Notebook 14.0"" Intel Atom x5-Z8350 1.44GHz 2GB 32GB Flash Storage (Intel HD Graphics)",12733.92,,Mediacom,2,32,FLASH,Intel Atom x5-Z8350 1.44GHz,1,Intel HD Graphics,2,14.0,,,,Kaggle,626,https://www.kaggle.com/datasets/eslamelsolya/laptop-price-prediction,
"Lenovo Notebook 15.6"" Intel Core i5 7200U 2.5GHz 4GB 128GB SSD (Intel HD Graphics 620)",24935.04,,Lenovo,4,128,SSD,Intel Core i5 7200U 2.5GHz,5,Intel HD Graphics 620,2,15.6,,,,Kaggle,627,https://www.kaggle.com/datasets/eslamelsolya/laptop-price-prediction,
"Asus 2 in 1 Convertible 13.3"" Intel Core i5 7200U 2.5GHz 6GB 1TB HDD (Intel HD Graphics 620)",34046.45,,Asus,6,1024,HDD,Intel Core i5 7200U 2.5GHz,5,Intel HD Graphics 620,2,13.3,,,,Kaggle,628,https://www.kaggle.com/datasets/eslamelsolya/laptop-price-prediction,
"Dell Notebook 15.6"" Intel Core i7 7700HQ 2.8GHz 8GB 256GB SSD (Nvidia GeForce GTX 1050)",96969.6,,Dell,8,256,SSD,Intel Core i7 7700HQ 2.8GHz,7,Nvidia GeForce GTX 1050,4,15.6,,,,Kaggle,629,https://www.kaggle.com/datasets/eslamelsolya/laptop-price-prediction,
"Asus Ultrabook 14.0"" Intel Core i7 7500U 2.7GHz 16GB 512GB SSD (Intel HD Graphics 620)",101232.0,,Asus,16,512,SSD,Intel Core i7 7500U 2.7GHz,7,Intel HD Graphics 620,2,14.0,,,,Kaggle,630,https://www.kaggle.com/datasets/eslamelsolya/laptop-price-prediction,
"Dell Gaming 15.6"" Intel Core i7 7700HQ 2.8GHz 16GB 256GB SSD + 1TB HDD (Nvidia GeForce GTX 1050 Ti)",78801.12,,Dell,16,256,SSD,Intel Core i7 7700HQ 2.8GHz,7,Nvidia GeForce GTX 1050 Ti,4,15.6,,,,Kaggle,631,https://www.kaggle.com/datasets/eslamelsolya/laptop-price-prediction,
"Lenovo Notebook 15.6"" Intel Core i5 8250U 1.6GHz 4GB 256GB SSD (Intel UHD Graphics 620)",44169.12,,Lenovo,4,256,SSD,Intel Core i5 8250U 1.6GHz,5,Intel UHD Graphics 620,2,15.6,,,,Kaggle,632,https://www.kaggle.com/datasets/eslamelsolya/laptop-price-prediction,
"Lenovo Notebook 15.6"" Intel Core i3 6006U 2GHz 4GB 1TB HDD (Nvidia GeForce 920MX)",30849.12,,Lenovo,4,1024,HDD,Intel Core i3 6006U 2GHz,3,Nvidia GeForce 920MX,1,15.6,,,,Kaggle,633,https://www.kaggle.com/datasets/eslamelsolya/laptop-price-prediction,
"Asus Notebook 15.6"" Intel Celeron Dual Core N3350 1.1GHz 8GB 1TB HDD (Intel HD Graphics 500)",21258.72,,Asus,8,1024,HDD,Intel Celeron Dual Core N3350 1.1GHz,1,Intel HD Graphics 500,2,15.6,,,,Kaggle,634,https://www.kaggle.com/datasets/eslamelsolya/laptop-price-prediction,
"Asus Notebook 15.6"" Intel Core i5 7300HQ 2.5GHz 8GB 1TB HDD (Nvidia GeForce GTX 1050)",48304.71,,Asus,8,1024,HDD,Intel Core i5 7300HQ 2.5GHz,5,Nvidia GeForce GTX 1050,4,15.6,,,,Kaggle,635,https://www.kaggle.com/datasets/eslamelsolya/laptop-price-prediction,
"Dell Ultrabook 13.3"" Intel Core i5 8250U 1.6GHz 8GB 256GB SSD (Intel UHD Graphics 620)",99580.32,,Dell,8,256,SSD,Intel Core i5 8250U 1.6GHz,5,Intel UHD Graphics 620,2,13.3,,,,Kaggle,636,https://www.kaggle.com/datasets/eslamelsolya/laptop-price-prediction,
"Lenovo Notebook 14.0"" Intel Celeron Dual Core N3060 1.6GHz 2GB 32GB Flash Storage (Intel HD Graphics 400)",13266.72,,Lenovo,2,32,FLASH,Intel Celeron Dual Core N3060 1.6GHz,1,Intel HD Graphics 400,2,14.0,,,,Kaggle,637,https://www.kaggle.com/datasets/eslamelsolya/laptop-price-prediction,
"Lenovo 2 in 1 Convertible 13.3"" Intel Core i7 7500U 2.7GHz 8GB 256GB SSD (Intel HD Graphics 620)",93635.34,,Lenovo,8,256,SSD,Intel Core i7 7500U 2.7GHz,7,Intel HD Graphics 620,2,13.3,,,,Kaggle,638,https://www.kaggle.com/datasets/eslamelsolya/laptop-price-prediction,
"Dell Notebook 15.6"" Intel Core i7 7700HQ 2.8GHz 16GB 1TB SSD (Nvidia GeForce GTX 1050)",127818.72,,Dell,16,1024,SSD,Intel Core i7 7700HQ 2.8GHz,7,Nvidia GeForce GTX 1050,4,15.6,,,,Kaggle,639,https://www.kaggle.com/datasets/eslamelsolya/laptop-price-prediction,
"Lenovo Gaming 15.6"" Intel Core i7 7700HQ 2.8GHz 8GB 128GB SSD + 1TB HDD (Nvidia GeForce GTX 1050M)",59087.52,,Lenovo,8,128,SSD,Intel Core i7 7700HQ 2.8GHz,7,Nvidia GeForce GTX 1050M,4,15.6,,,,Kaggle,640,https://www.kaggle.com/datasets/eslamelsolya/laptop-price-prediction,
"HP Notebook 17.0"" AMD A9-Series 9420 3GHz 8GB 1TB HDD (AMD Radeon R5)",27753.55,,HP,8,1024,HDD,AMD A9-Series 9420 3GHz,2,AMD Radeon R5,2,17.0,,,,Kaggle,641,https://www.kaggle.com/datasets/eslamelsolya/laptop-price-prediction,
"Lenovo Ultrabook 14.0"" Intel Core i7 7500U 2.7GHz 16GB 512GB SSD (Intel HD Graphics 620)",130536.0,,Lenovo,16,512,SSD,Intel Core i7 7500U 2.7GHz,7,Intel HD Graphics 620,2,14.0,,,,Kaggle,642,https://www.kaggle.com/datasets/eslamelsolya/laptop-price-prediction,
"Asus Gaming 15.6"" Intel Core i7 7700HQ 2.8GHz 8GB 1TB HDD (Nvidia GeForce GTX 1050 Ti)",62284.32,,Asus,8,1024,HDD,Intel Core i7 7700HQ 2.8GHz,7,Nvidia GeForce GTX 1050 Ti,4,15.6,,,,Kaggle,643,https://www.kaggle.com/datasets/eslamelsolya/laptop-price-prediction,
"Acer Notebook 15.6"" Intel Core i3 6006U 2GHz 4GB 500GB HDD (Intel HD Graphics 520)",23976.0,,Acer,4,500,HDD,Intel Core i3 6006U 2GHz,3,Intel HD Graphics 520,2,15.6,,,,Kaggle,644,https://www.kaggle.com/datasets/eslamelsolya/laptop-price-prediction,
"Lenovo Notebook 14.0"" Intel Celeron Dual Core N3060 1.6GHz 4GB 32GB Flash Storage (Intel HD Graphics)",14598.72,,Lenovo,4,32,FLASH,Intel Celeron Dual Core N3060 1.6GHz,1,Intel HD Graphics,2,14.0,,,,Kaggle,645,https://www.kaggle.com/datasets/eslamelsolya/laptop-price-prediction,
"Acer Ultrabook 14.0"" Intel Core i5 7200U 2.5GHz 8GB 256GB SSD (Intel Graphics 620)",48964.32,,Acer,8,256,SSD,Intel Core i5 7200U 2.5GHz,5,Intel Graphics 620,1,14.0,,,,Kaggle,646,https://www.kaggle.com/datasets/eslamelsolya/laptop-price-prediction,
"Razer Gaming 14.0"" Intel Core i7 7700HQ 2.8GHz 16GB 256GB SSD (Nvidia GeForce GTX 1060)",138474.72,,Razer,16,256,SSD,Intel Core i7 7700HQ 2.8GHz,7,Nvidia GeForce GTX 1060,1,14.0,,,,Kaggle,647,https://www.kaggle.com/datasets/eslamelsolya/laptop-price-prediction,
"Toshiba Notebook 13.3"" Intel Core i5 6200U 2.3GHz 8GB 256GB SSD (Intel HD Graphics 520)",64628.64,,Toshiba,8,256,SSD,Intel Core i5 6200U 2.3GHz,5,Intel HD Graphics 520,2,13.3,,,,Kaggle,648,https://www.kaggle.com/datasets/eslamelsolya/laptop-price-prediction,
"Lenovo Ultrabook 12.5"" Intel Core i7 7500U 2.7GHz 8GB 256GB SSD (Intel HD Graphics 620)",84395.52,,Lenovo,8,256,SSD,Intel Core i7 7500U 2.7GHz,7,Intel HD Graphics 620,2,12.5,,,,Kaggle,649,https://www.kaggle.com/datasets/eslamelsolya/laptop-price-prediction,
"Asus Gaming 17.3"" Intel Core i7 6820HK 2.7GHz 32GB 512GB SSD (Nvidia GeForce GTX 1080)",149130.72,,Asus,32,512,SSD,Intel Core i7 6820HK 2.7GHz,7,Nvidia GeForce GTX 1080,7,17.3,,,,Kaggle,650,https://www.kaggle.com/datasets/eslamelsolya/laptop-price-prediction,
"Acer Gaming 15.6"" Intel Core i5 7300HQ 2.5GHz 8GB 1TB HDD (Nvidia GeForce GTX 1050)",37775.52,,Acer,8,1024,HDD,Intel Core i5 7300HQ 2.5GHz,5,Nvidia GeForce GTX 1050,4,15.6,,,,Kaggle,651,https://www.kaggle.com/datasets/eslamelsolya/laptop-price-prediction,
"Dell Ultrabook 13.3"" Intel Core i5 8250U 1.6GHz 8GB 256GB SSD (Intel UHD Graphics 620)",77250.67,,Dell,8,256,SSD,Intel Core i5 8250U 1.6GHz,5,Intel UHD Graphics 620,2,13.3,,,,Kaggle,652,https://www.kaggle.com/datasets/eslamelsolya/laptop-price-prediction,
"MSI Gaming 15.6"" Intel Core i7 7700HQ 2.8GHz 8GB 128GB SSD + 1TB HDD (Nvidia GeForce GTX 1050 Ti)",63499.1,,MSI,8,128,SSD,Intel Core i7 7700HQ 2.8GHz,7,Nvidia GeForce GTX 1050 Ti,4,15.6,,,,Kaggle,653,https://www.kaggle.com/datasets/eslamelsolya/laptop-price-prediction,
"HP Notebook 15.6"" Intel Core i3 6006U 2GHz 4GB 500GB HDD (Intel HD Graphics 520)",19441.87,,HP,4,500,HDD,Intel Core i3 6006U 2GHz,3,Intel HD Graphics 520,2,15.6,,,,Kaggle,654,https://www.kaggle.com/datasets/eslamelsolya/laptop-price-prediction,
"Toshiba Notebook 15.6"" Intel Core i5 7200U 2.5GHz 8GB 500GB HDD (Intel HD Graphics 620)",56689.92,,Toshiba,8,500,HDD,Intel Core i5 7200U 2.5GHz,5,Intel HD Graphics 620,2,15.6,,,,Kaggle,655,https://www.kaggle.com/datasets/eslamelsolya/laptop-price-prediction,
"Dell Notebook 15.6"" Intel Core i7 8550U 1.8GHz 8GB 256GB SSD (AMD Radeon 530)",48964.32,,Dell,8,256,SSD,Intel Core i7 8550U 1.8GHz,7,AMD Radeon 530,2,15.6,,,,Kaggle,656,https://www.kaggle.com/datasets/eslamelsolya/laptop-price-prediction,
"Dell Notebook 15.6"" Intel Core i7 8550U 1.8GHz 16GB 256GB SSD + 2TB HDD (AMD Radeon 530)",60472.8,,Dell,16,256,SSD,Intel Core i7 8550U 1.8GHz,7,AMD Radeon 530,2,15.6,,,,Kaggle,657,https://www.kaggle.com/datasets/eslamelsolya/laptop-price-prediction,
"Lenovo Gaming 15.6"" Intel Core i7 6700HQ 2.6GHz 8GB 128GB SSD + 1TB HDD (Nvidia GeForce GTX 960)",63722.88,,Lenovo,8,128,SSD,Intel Core i7 6700HQ 2.6GHz,7,Nvidia GeForce GTX 960,1,15.6,,,,Kaggle,658,https://www.kaggle.com/datasets/eslamelsolya/laptop-price-prediction,
"Dell Gaming 17.3"" Intel Core i7 7700HQ 2.8GHz 32GB 512GB SSD + 1TB HDD (Nvidia GeForce GTX 1070)",167691.87,,Dell,32,512,SSD,Intel Core i7 7700HQ 2.8GHz,7,Nvidia GeForce GTX 1070,6,17.3,,,,Kaggle,659,https://www.kaggle.com/datasets/eslamelsolya/laptop-price-prediction,
"Dell Notebook 14.0"" Intel Core i5 6300U 2.4GHz 8GB 256GB SSD (Intel HD Graphics 520)",65481.12,,Dell,8,256,SSD,Intel Core i5 6300U 2.4GHz,5,Intel HD Graphics 520,2,14.0,,,,Kaggle,660,https://www.kaggle.com/datasets/eslamelsolya/laptop-price-prediction,
"Lenovo Notebook 15.6"" Intel Celeron Dual Core N3350 1.1GHz 4GB 500GB HDD (Intel HD Graphics 500)",22324.32,,Lenovo,4,500,HDD,Intel Celeron Dual Core N3350 1.1GHz,1,Intel HD Graphics 500,2,15.6,,,,Kaggle,661,https://www.kaggle.com/datasets/eslamelsolya/laptop-price-prediction,
"Lenovo Notebook 15.6"" Intel Core i5 6200U 2.3GHz 4GB 500GB HDD (Intel HD Graphics 520)",28504.8,,Lenovo,4,500,HDD,Intel Core i5 6200U 2.3GHz,5,Intel HD Graphics 520,2,15.6,,,,Kaggle,662,https://www.kaggle.com/datasets/eslamelsolya/laptop-price-prediction,
"HP Notebook 15.6"" Intel Core i3 6006U 2GHz 6GB 1TB HDD (AMD Radeon R5 M430)",28717.92,,HP,6,1024,HDD,Intel Core i3 6006U 2GHz,3,AMD Radeon R5 M430,2,15.6,,,,Kaggle,663,https://www.kaggle.com/datasets/eslamelsolya/laptop-price-prediction,
"MSI Gaming 17.3"" Intel Core i7 7700HQ 2.8GHz 8GB 128GB SSD + 1TB HDD (Nvidia GeForce GTX 1060)",79215.11,,MSI,8,128,SSD,Intel Core i7 7700HQ 2.8GHz,7,Nvidia GeForce GTX 1060,1,17.3,,,,Kaggle,664,https://www.kaggle.com/datasets/eslamelsolya/laptop-price-prediction,
"Toshiba Notebook 15.6"" Intel Core i3 6100U 2.1GHz 4GB 128GB SSD (Intel HD Graphics 520)",26533.44,,Toshiba,4,128,SSD,Intel Core i3 6100U 2.1GHz,3,Intel HD Graphics 520,2,15.6,,,,Kaggle,665,https://www.kaggle.com/datasets/eslamelsolya/laptop-price-prediction,
"Dell Notebook 15.6"" Intel Core i5 7200U 2.5GHz 8GB 1TB HDD (Intel HD Graphics 620)",50882.4,,Dell,8,1024,HDD,Intel Core i5 7200U 2.5GHz,5,Intel HD Graphics 620,2,15.6,,,,Kaggle,666,https://www.kaggle.com/datasets/eslamelsolya/laptop-price-prediction,
"HP Notebook 15.6"" Intel Core i7 7500U 2.7GHz 8GB 1TB HDD (AMD Radeon 530)",39693.6,,HP,8,1024,HDD,Intel Core i7 7500U 2.7GHz,7,AMD Radeon 530,2,15.6,,,,Kaggle,667,https://www.kaggle.com/datasets/eslamelsolya/laptop-price-prediction,
"Toshiba Notebook 15.6"" Intel Core i5 7200U 2.5GHz 8GB 256GB SSD (Intel HD Graphics 620)",67026.24,,Toshiba,8,256,SSD,Intel Core i5 7200U 2.5GHz,5,Intel HD Graphics 620,2,15.6,,,,Kaggle,668,https://www.kaggle.com/datasets/eslamelsolya/laptop-price-prediction,
"Acer Notebook 15.6"" Intel Core i3 6006U 2GHz 4GB 128GB SSD (Intel HD Graphics 520)",21951.36,,Acer,4,128,SSD,Intel Core i3 6006U 2GHz,3,Intel HD Graphics 520,2,15.6,,,,Kaggle,669,https://www.kaggle.com/datasets/eslamelsolya/laptop-price-prediction,
"Microsoft Ultrabook 13.5"" Intel Core i7 7600U 2.8GHz 8GB 256GB SSD (Intel Iris Plus Graphics 640)",99519.05,,Microsoft,8,256,SSD,Intel Core i7 7600U 2.8GHz,7,Intel Iris Plus Graphics 640,3,13.5,,,,Kaggle,670,https://www.kaggle.com/datasets/eslamelsolya/laptop-price-prediction,
"Lenovo Notebook 15.6"" Intel Core i5 7200U 2.5GHz 8GB 128GB SSD + 1TB HDD (AMD Radeon R5 M430)",43580.38,,Lenovo,8,128,SSD,Intel Core i5 7200U 2.5GHz,5,AMD Radeon R5 M430,2,15.6,,,,Kaggle,671,https://www.kaggle.com/datasets/eslamelsolya/laptop-price-prediction,
"Lenovo 2 in 1 Convertible 13.3"" Intel Core i5 7200U 2.5GHz 8GB 256GB SSD (Intel HD Graphics 620)",55091.52,,Lenovo,8,256,SSD,Intel Core i5 7200U 2.5GHz,5,Intel HD Graphics 620,2,13.3,,,,Kaggle,672,https://www.kaggle.com/datasets/eslamelsolya/laptop-price-prediction,
"Lenovo Notebook 15.6"" AMD E-Series E2-9000 2.2GHz 4GB 128GB SSD (AMD Radeon R2 Graphics)",18594.72,,Lenovo,4,128,SSD,AMD E-Series E2-9000 2.2GHz,1,AMD Radeon R2 Graphics,2,15.6,,,,Kaggle,673,https://www.kaggle.com/datasets/eslamelsolya/laptop-price-prediction,
"HP 2 in 1 Convertible 14.0"" Intel Core i3 7100U 2.4GHz 4GB 128GB SSD (Nvidia GeForce 940MX)",37242.72,,HP,4,128,SSD,Intel Core i3 7100U 2.4GHz,3,Nvidia GeForce 940MX,1,14.0,,,,Kaggle,674,https://www.kaggle.com/datasets/eslamelsolya/laptop-price-prediction,
"MSI Gaming 15.6"" Intel Core i7 7700HQ 2.8GHz 16GB 256GB SSD + 1TB HDD (Nvidia GeForce GTX 1050)",68944.32,,MSI,16,256,SSD,Intel Core i7 7700HQ 2.8GHz,7,Nvidia GeForce GTX 1050,4,15.6,,,,Kaggle,675,https://www.kaggle.com/datasets/eslamelsolya/laptop-price-prediction,
"Asus Ultrabook 14.0"" Intel Core i5 7200U 2.5GHz 8GB 256GB SSD (Intel HD Graphics 620)",60472.8,,Asus,8,256,SSD,Intel Core i5 7200U 2.5GHz,5,Intel HD Graphics 620,2,14.0,,,,Kaggle,676,https://www.kaggle.com/datasets/eslamelsolya/laptop-price-prediction,
"HP 2 in 1 Convertible 11.6"" Intel Celeron Dual Core N3350 1.1GHz 8GB 64GB Flash Storage (Intel HD Graphics 500)",26373.6,,HP,8,64,FLASH,Intel Celeron Dual Core N3350 1.1GHz,1,Intel HD Graphics 500,2,11.6,,,,Kaggle,677,https://www.kaggle.com/datasets/eslamelsolya/laptop-price-prediction,
"LG Ultrabook 15.6"" Intel Core i7 8550U 1.8GHz 8GB 512GB SSD (Intel HD Graphics 620)",122490.72,,LG,8,512,SSD,Intel Core i7 8550U 1.8GHz,7,Intel HD Graphics 620,2,15.6,,,,Kaggle,678,https://www.kaggle.com/datasets/eslamelsolya/laptop-price-prediction,
"Acer Gaming 15.6"" Intel Core i5 7300HQ 2.5GHz 16GB 256GB SSD (Nvidia GeForce GTX 1050 Ti)",69210.72,,Acer,16,256,SSD,Intel Core i5 7300HQ 2.5GHz,5,Nvidia GeForce GTX 1050 Ti,4,15.6,,,,Kaggle,679,https://www.kaggle.com/datasets/eslamelsolya/laptop-price-prediction,
"MSI Gaming 15.6"" Intel Core i5 7300HQ 2.5GHz 8GB 256GB SSD (Nvidia GeForce GTX 1050)",53168.11,,MSI,8,256,SSD,Intel Core i5 7300HQ 2.5GHz,5,Nvidia GeForce GTX 1050,4,15.6,,,,Kaggle,680,https://www.kaggle.com/datasets/eslamelsolya/laptop-price-prediction,
"Asus Notebook 15.6"" Intel Celeron Dual Core N3350 1.1GHz 4GB 128GB SSD (Intel HD Graphics 500)",22324.32,,Asus,4,128,SSD,Intel Celeron Dual Core N3350 1.1GHz,1,Intel HD Graphics 500,2,15.6,,,,Kaggle,681,https://www.kaggle.com/datasets/eslamelsolya/laptop-price-prediction,
"Dell Gaming 15.6"" Intel Core i5 7300HQ 2.5GHz 16GB 128GB SSD + 1TB HDD (Nvidia GeForce GTX 1060)",109277.28,,Dell,16,128,SSD,Intel Core i5 7300HQ 2.5GHz,5,Nvidia GeForce GTX 1060,1,15.6,,,,Kaggle,682,https://www.kaggle.com/datasets/eslamelsolya/laptop-price-prediction,
"HP Notebook 17.3"" Intel Core i3 6006U 2GHz 4GB 256GB SSD (AMD Radeon R5 520)",37242.72,,HP,4,256,SSD,Intel Core i3 6006U 2GHz,3,AMD Radeon R5 520,2,17.3,,,,Kaggle,683,https://www.kaggle.com/datasets/eslamelsolya/laptop-price-prediction,
"Lenovo 2 in 1 Convertible 13.3"" Intel Core i7 8550U 1.8GHz 8GB 512GB SSD (Intel UHD Graphics 620)",79866.72,,Lenovo,8,512,SSD,Intel Core i7 8550U 1.8GHz,7,Intel UHD Graphics 620,2,13.3,,,,Kaggle,684,https://www.kaggle.com/datasets/eslamelsolya/laptop-price-prediction,
"Dell Gaming 15.6"" Intel Core i7 7820HK 2.9GHz 16GB 256GB SSD + 1TB HDD (Nvidia GeForce GTX 1070)",149916.6,,Dell,16,256,SSD,Intel Core i7 7820HK 2.9GHz,7,Nvidia GeForce GTX 1070,6,15.6,,,,Kaggle,685,https://www.kaggle.com/datasets/eslamelsolya/laptop-price-prediction,
"HP Notebook 15.6"" Intel Core i5 7200U 2.5GHz 4GB 500GB HDD (AMD Radeon 520)",32639.86,,HP,4,500,HDD,Intel Core i5 7200U 2.5GHz,5,AMD Radeon 520,2,15.6,,,,Kaggle,686,https://www.kaggle.com/datasets/eslamelsolya/laptop-price-prediction,
"Dell Notebook 15.6"" Intel Core i3 6006U 2GHz 4GB 1TB HDD (AMD Radeon R5 M430)",29073.3,,Dell,4,1024,HDD,Intel Core i3 6006U 2GHz,3,AMD Radeon R5 M430,2,15.6,,,,Kaggle,687,https://www.kaggle.com/datasets/eslamelsolya/laptop-price-prediction,
"HP Notebook 17.3"" AMD A10-Series 9600P 2.4GHz 6GB 2TB HDD (AMD Radeon R7 M440)",30316.32,,HP,6,2048,HDD,AMD A10-Series 9600P 2.4GHz,4,AMD Radeon R7 M440,3,17.3,,,,Kaggle,688,https://www.kaggle.com/datasets/eslamelsolya/laptop-price-prediction,
"Lenovo Notebook 15.6"" Intel Celeron Dual Core 3855U 1.6GHz 4GB 500GB HDD (Intel HD Graphics 510)",16943.04,,Lenovo,4,500,HDD,Intel Celeron Dual Core 3855U 1.6GHz,1,Intel HD Graphics 510,2,15.6,,,,Kaggle,689,https://www.kaggle.com/datasets/eslamelsolya/laptop-price-prediction,
"Acer Notebook 14.0"" Intel Celeron Dual Core 3855U 1.6GHz 4GB 32GB Flash Storage (Intel HD Graphics 510)",19980.0,,Acer,4,32,FLASH,Intel Celeron Dual Core 3855U 1.6GHz,1,Intel HD Graphics 510,2,14.0,,,,Kaggle,690,https://www.kaggle.com/datasets/eslamelsolya/laptop-price-prediction,
"Lenovo Notebook 14.0"" Intel Core i5 7200U 2.5GHz 4GB 256GB SSD (Intel HD Graphics 620)",37242.72,,Lenovo,4,256,SSD,Intel Core i5 7200U 2.5GHz,5,Intel HD Graphics 620,2,14.0,,,,Kaggle,691,https://www.kaggle.com/datasets/eslamelsolya/laptop-price-prediction,
"HP Workstation 17.3"" Intel Core i7 7700HQ 2.8GHz 8GB 500GB HDD (Nvidia Quadro M1200)",101657.71,,HP,8,500,HDD,Intel Core i7 7700HQ 2.8GHz,7,Nvidia Quadro M1200,6,17.3,,,,Kaggle,692,https://www.kaggle.com/datasets/eslamelsolya/laptop-price-prediction,
"Lenovo 2 in 1 Convertible 14.0"" Intel Core i7 7500U 2.7GHz 8GB 256GB SSD (Intel HD Graphics 620)",137995.2,,Lenovo,8,256,SSD,Intel Core i7 7500U 2.7GHz,7,Intel HD Graphics 620,2,14.0,,,,Kaggle,693,https://www.kaggle.com/datasets/eslamelsolya/laptop-price-prediction,
"Toshiba Notebook 13.3"" Intel Core i5 7200U 2.5GHz 8GB 256GB SSD (Intel HD Graphics 620)",51841.44,,Toshiba,8,256,SSD,Intel Core i5 7200U 2.5GHz,5,Intel HD Graphics 620,2,13.3,,,,Kaggle,694,https://www.kaggle.com/datasets/eslamelsolya/laptop-price-prediction,
"Acer Netbook 11.6"" Intel Celeron Dual Core N3050 1.6GHz 4GB 32GB Flash Storage (Intel HD Graphics)",14332.32,,Acer,4,32,FLASH,Intel Celeron Dual Core N3050 1.6GHz,1,Intel HD Graphics,2,11.6,,,,Kaggle,695,https://www.kaggle.com/datasets/eslamelsolya/laptop-price-prediction,
"Lenovo 2 in 1 Convertible 14.0"" Intel Core i7 7500U 2.7GHz 16GB 512GB SSD (Intel HD Graphics 620)",93186.72,,Lenovo,16,512,SSD,Intel Core i7 7500U 2.7GHz,7,Intel HD Graphics 620,2,14.0,,,,Kaggle,696,https://www.kaggle.com/datasets/eslamelsolya/laptop-price-prediction,
"Asus 2 in 1 Convertible 12.5"" Intel Core M M3-6Y30 0.9GHz 4GB 64GB Flash Storage (Intel HD Graphics 515)",35644.32,,Asus,4,64,FLASH,Intel Core M M3-6Y30 0.9GHz,7,Intel HD Graphics 515,2,12.5,,,,Kaggle,697,https://www.kaggle.com/datasets/eslamelsolya/laptop-price-prediction,
"Toshiba Ultrabook 13.3"" Intel Core i7 6500U 2.5GHz 16GB 512GB SSD (Intel HD Graphics 520)",100006.56,,Toshiba,16,512,SSD,Intel Core i7 6500U 2.5GHz,7,Intel HD Graphics 520,2,13.3,,,,Kaggle,698,https://www.kaggle.com/datasets/eslamelsolya/laptop-price-prediction,
"HP Notebook 15.6"" Intel Core i7 7500U 2.7GHz 4GB 500GB HDD (AMD Radeon 530)",36709.92,,HP,4,500,HDD,Intel Core i7 7500U 2.7GHz,7,AMD Radeon 530,2,15.6,,,,Kaggle,699,https://www.kaggle.com/datasets/eslamelsolya/laptop-price-prediction,
"Dell Gaming 15.6"" Intel Core i5 7300HQ 2.5GHz 8GB 1TB HDD (Nvidia GeForce GTX 1050)",43636.32,,Dell,8,1024,HDD,Intel Core i5 7300HQ 2.5GHz,5,Nvidia GeForce GTX 1050,4,15.6,,,,Kaggle,700,https://www.kaggle.com/datasets/eslamelsolya/laptop-price-prediction,
"Lenovo Notebook 15.6"" AMD A9-Series 9420 2.9GHz 4GB 256GB SSD (AMD Radeon 530)",21258.72,,Lenovo,4,256,SSD,AMD A9-Series 9420 2.9GHz,2,AMD Radeon 530,2,15.6,,,,Kaggle,701,https://www.kaggle.com/datasets/eslamelsolya/laptop-price-prediction,
"Lenovo Notebook 15.6"" AMD A12-Series 9720P 3.6GHz 8GB 1TB HDD (AMD Radeon R7)",22857.12,,Lenovo,8,1024,HDD,AMD A12-Series 9720P 3.6GHz,4,AMD Radeon R7,3,15.6,,,,Kaggle,702,https://www.kaggle.com/datasets/eslamelsolya/laptop-price-prediction,
"Lenovo Notebook 15.6"" Intel Core i5 7200U 2.5GHz 4GB 1TB HDD + 1TB HDD (Intel HD Graphics 620)",33110.86,,Lenovo,4,1024,HDD,Intel Core i5 7200U 2.5GHz,5,Intel HD Graphics 620,2,15.6,,,,Kaggle,703,https://www.kaggle.com/datasets/eslamelsolya/laptop-price-prediction,
"Lenovo Notebook 15.6"" Intel Core i3 6006U 2GHz 4GB 500GB HDD (Intel HD Graphics 520)",23976.0,,Lenovo,4,500,HDD,Intel Core i3 6006U 2GHz,3,Intel HD Graphics 520,2,15.6,,,,Kaggle,704,https://www.kaggle.com/datasets/eslamelsolya/laptop-price-prediction,
"Dell Notebook 15.6"" Intel Core i5 7200U 2.5GHz 8GB 256GB SSD (Intel HD Graphics 620)",42357.6,,Dell,8,256,SSD,Intel Core i5 7200U 2.5GHz,5,Intel HD Graphics 620,2,15.6,,,,Kaggle,705,https://www.kaggle.com/datasets/eslamelsolya/laptop-price-prediction,
"Acer 2 in 1 Convertible 13.3"" Intel Core i5 8250U 1.6GHz 8GB 256GB SSD (Intel UHD Graphics 620)",53226.72,,Acer,8,256,SSD,Intel Core i5 8250U 1.6GHz,5,Intel UHD Graphics 620,2,13.3,,,,Kaggle,706,https://www.kaggle.com/datasets/eslamelsolya/laptop-price-prediction,
"Lenovo Workstation 15.6"" Intel Core i7 6500U 2.5GHz 16GB 512GB SSD (Nvidia Quadro M520M)",98834.4,,Lenovo,16,512,SSD,Intel Core i7 6500U 2.5GHz,7,Nvidia Quadro M520M,6,15.6,,,,Kaggle,707,https://www.kaggle.com/datasets/eslamelsolya/laptop-price-prediction,
"Lenovo Notebook 14.0"" Intel Core i5 6300HQ 2.3GHz 8GB 256GB SSD (Intel HD Graphics 520)",63456.48,,Lenovo,8,256,SSD,Intel Core i5 6300HQ 2.3GHz,5,Intel HD Graphics 520,2,14.0,,,,Kaggle,708,https://www.kaggle.com/datasets/eslamelsolya/laptop-price-prediction,
"HP Notebook 17.3"" AMD A10-Series 9620P 2.5GHz 6GB 2TB HDD (AMD Radeon 530)",34898.93,,HP,6,2048,HDD,AMD A10-Series 9620P 2.5GHz,4,AMD Radeon 530,2,17.3,,,,Kaggle,709,https://www.kaggle.com/datasets/eslamelsolya/laptop-price-prediction,
"Lenovo Gaming 15.6"" Intel Core i7 7700HQ 2.8GHz 8GB 128GB SSD + 1TB HDD (Nvidia GeForce GTX 1050 Ti)",66546.72,,Lenovo,8,128,SSD,Intel Core i7 7700HQ 2.8GHz,7,Nvidia GeForce GTX 1050 Ti,4,15.6,,,,Kaggle,710,https://www.kaggle.com/datasets/eslamelsolya/laptop-price-prediction,
"Dell Notebook 14.0"" Intel Core i5 7440HQ 2.8GHz 8GB 256GB SSD (Nvidia GeForce 930MX)",58021.92,,Dell,8,256,SSD,Intel Core i5 7440HQ 2.8GHz,5,Nvidia GeForce 930MX,1,14.0,,,,Kaggle,711,https://www.kaggle.com/datasets/eslamelsolya/laptop-price-prediction,
"Dell Notebook 15.6"" Intel Core i5 7200U 2.5GHz 8GB 1TB HDD (Intel HD Graphics 620)",38681.28,,Dell,8,1024,HDD,Intel Core i5 7200U 2.5GHz,5,Intel HD Graphics 620,2,15.6,,,,Kaggle,712,https://www.kaggle.com/datasets/eslamelsolya/laptop-price-prediction,
"Asus Notebook 14.0"" Intel Celeron Dual Core N3350 1.1GHz 4GB 32GB Flash Storage (Intel HD Graphics 500)",15877.44,,Asus,4,32,FLASH,Intel Celeron Dual Core N3350 1.1GHz,1,Intel HD Graphics 500,2,14.0,,,,Kaggle,713,https://www.kaggle.com/datasets/eslamelsolya/laptop-price-prediction,
"Dell Notebook 15.6"" Intel Core i5 7300U 2.6GHz 16GB 512GB SSD (Intel HD Graphics 620)",76012.44,,Dell,16,512,SSD,Intel Core i5 7300U 2.6GHz,5,Intel HD Graphics 620,2,15.6,,,,Kaggle,714,https://www.kaggle.com/datasets/eslamelsolya/laptop-price-prediction,
"Lenovo Notebook 14.0"" Intel Core i5 7200U 2.5GHz 8GB 256GB SSD (Nvidia GeForce 920MX)",45664.69,,Lenovo,8,256,SSD,Intel Core i5 7200U 2.5GHz,5,Nvidia GeForce 920MX,1,14.0,,,,Kaggle,715,https://www.kaggle.com/datasets/eslamelsolya/laptop-price-prediction,
"Dell Notebook 15.6"" Intel Core i5 7300U 2.6GHz 8GB 256GB SSD (Intel HD Graphics 620)",62817.12,,Dell,8,256,SSD,Intel Core i5 7300U 2.6GHz,5,Intel HD Graphics 620,2,15.6,,,,Kaggle,716,https://www.kaggle.com/datasets/eslamelsolya/laptop-price-prediction,
"Lenovo Notebook 15.6"" AMD A6-Series 7310 2GHz 4GB 500GB HDD (AMD Radeon R4)",15877.44,,Lenovo,4,500,HDD,AMD A6-Series 7310 2GHz,4,AMD Radeon R4,2,15.6,,,,Kaggle,717,https://www.kaggle.com/datasets/eslamelsolya/laptop-price-prediction,
"Mediacom Notebook 14.0"" Intel Atom Z8350 1.92GHz 4GB 32GB HDD (Intel HD Graphics 400)",14119.2,,Mediacom,4,32,HDD,Intel Atom Z8350 1.92GHz,1,Intel HD Graphics 400,2,14.0,,,,Kaggle,718,https://www.kaggle.com/datasets/eslamelsolya/laptop-price-prediction,
"HP Notebook 17.3"" Intel Core i7 7500U 2.7GHz 8GB 256GB SSD (Nvidia GeForce 930MX)",63936.0,,HP,8,256,SSD,Intel Core i7 7500U 2.7GHz,7,Nvidia GeForce 930MX,1,17.3,,,,Kaggle,719,https://www.kaggle.com/datasets/eslamelsolya/laptop-price-prediction,
"Lenovo Ultrabook 14.0"" Intel Core i7 6500U 2.5GHz 8GB 512GB SSD (Intel HD Graphics 520)",89864.18,,Lenovo,8,512,SSD,Intel Core i7 6500U 2.5GHz,7,Intel HD Graphics 520,2,14.0,,,,Kaggle,720,https://www.kaggle.com/datasets/eslamelsolya/laptop-price-prediction,
"HP 2 in 1 Convertible 13.3"" Intel Core i5 7200U 2.5GHz 8GB 256GB SSD (Intel HD Graphics 620)",44574.05,,HP,8,256,SSD,Intel Core i5 7200U 2.5GHz,5,Intel HD Graphics 620,2,13.3,,,,Kaggle,721,https://www.kaggle.com/datasets/eslamelsolya/laptop-price-prediction,
"Lenovo Ultrabook 14.0"" Intel Core i5 7200U 2.5GHz 8GB 256GB SSD (Intel HD Graphics 620)",79866.72,,Lenovo,8,256,SSD,Intel Core i5 7200U 2.5GHz,5,Intel HD Graphics 620,2,14.0,,,,Kaggle,722,https://www.kaggle.com/datasets/eslamelsolya/laptop-price-prediction,
"Dell Gaming 17.3"" Intel Core i7 7700HQ 2.8GHz 32GB 1TB SSD + 1TB HDD (Nvidia GeForce GTX 1070)",194972.83,,Dell,32,1024,SSD,Intel Core i7 7700HQ 2.8GHz,7,Nvidia GeForce GTX 1070,6,17.3,,,,Kaggle,723,https://www.kaggle.com/datasets/eslamelsolya/laptop-price-prediction,
"MSI Gaming 17.3"" Intel Core i7 7700HQ 2.8GHz 8GB 128GB SSD + 1TB HDD (Nvidia GeForce GTX 1050 Ti)",71847.01,,MSI,8,128,SSD,Intel Core i7 7700HQ 2.8GHz,7,Nvidia GeForce GTX 1050 Ti,4,17.3,,,,Kaggle,724,https://www.kaggle.com/datasets/eslamelsolya/laptop-price-prediction,
"Lenovo Notebook 15.6"" Intel Core i5 7200U 2.5GHz 4GB 1TB HDD (Intel HD Graphics 620)",26101.87,,Lenovo,4,1024,HDD,Intel Core i5 7200U 2.5GHz,5,Intel HD Graphics 620,2,15.6,,,,Kaggle,725,https://www.kaggle.com/datasets/eslamelsolya/laptop-price-prediction,
"Dell Notebook 15.6"" Intel Core i5 8250U 1.6GHz 8GB 128GB SSD + 1TB HDD (AMD Radeon 530)",38308.32,,Dell,8,128,SSD,Intel Core i5 8250U 1.6GHz,5,AMD Radeon 530,2,15.6,,,,Kaggle,726,https://www.kaggle.com/datasets/eslamelsolya/laptop-price-prediction,
"Dell 2 in 1 Convertible 13.3"" Intel Core i3 7100U 2.4GHz 4GB 1TB HDD (Intel HD Graphics 620)",34578.72,,Dell,4,1024,HDD,Intel Core i3 7100U 2.4GHz,3,Intel HD Graphics 620,2,13.3,,,,Kaggle,727,https://www.kaggle.com/datasets/eslamelsolya/laptop-price-prediction,
"Dell Notebook 15.6"" Intel Core i5 7200U 2.5GHz 8GB 1TB HDD (AMD Radeon R7 M445)",31409.63,,Dell,8,1024,HDD,Intel Core i5 7200U 2.5GHz,5,AMD Radeon R7 M445,3,15.6,,,,Kaggle,728,https://www.kaggle.com/datasets/eslamelsolya/laptop-price-prediction,
"HP Notebook 15.6"" AMD A9-Series 9420 3GHz 4GB 1TB HDD (AMD Radeon 520)",26053.92,,HP,4,1024,HDD,AMD A9-Series 9420 3GHz,2,AMD Radeon 520,2,15.6,,,,Kaggle,729,https://www.kaggle.com/datasets/eslamelsolya/laptop-price-prediction,
"Acer Gaming 17.3"" Intel Core i7 6700HQ 2.6GHz 16GB 128GB SSD + 1TB HDD (Nvidia GeForce GTX 1060)",103096.8,,Acer,16,128,SSD,Intel Core i7 6700HQ 2.6GHz,7,Nvidia GeForce GTX 1060,1,17.3,,,,Kaggle,730,https://www.kaggle.com/datasets/eslamelsolya/laptop-price-prediction,
"Dell Notebook 15.6"" Intel Core i5 7200U 2.5GHz 12GB 1TB HDD (Intel HD Graphics 620)",34578.72,,Dell,12,1024,HDD,Intel Core i5 7200U 2.5GHz,5,Intel HD Graphics 620,2,15.6,,,,Kaggle,731,https://www.kaggle.com/datasets/eslamelsolya/laptop-price-prediction,
"HP Notebook 15.6"" AMD A9-Series A9-9420 3GHz 6GB 128GB SSD + 1TB HDD (AMD Radeon 520)",34632.0,,HP,6,128,SSD,AMD A9-Series A9-9420 3GHz,2,AMD Radeon 520,2,15.6,,,,Kaggle,732,https://www.kaggle.com/datasets/eslamelsolya/laptop-price-prediction,
"Acer Notebook 15.6"" Intel Core i5 7200U 2.5GHz 4GB 500GB HDD (Intel HD Graphics 620)",29783.52,,Acer,4,500,HDD,Intel Core i5 7200U 2.5GHz,5,Intel HD Graphics 620,2,15.6,,,,Kaggle,733,https://www.kaggle.com/datasets/eslamelsolya/laptop-price-prediction,
"Lenovo Notebook 13.3"" Intel Core i5 7200U 2.5GHz 8GB 256GB SSD (Intel HD Graphics 620)",51148.8,,Lenovo,8,256,SSD,Intel Core i5 7200U 2.5GHz,5,Intel HD Graphics 620,2,13.3,,,,Kaggle,734,https://www.kaggle.com/datasets/eslamelsolya/laptop-price-prediction,
"Lenovo Notebook 15.6"" Intel Core i7 7500U 2.7GHz 4GB 1TB HDD (Intel HD Graphics 620)",41505.12,,Lenovo,4,1024,HDD,Intel Core i7 7500U 2.7GHz,7,Intel HD Graphics 620,2,15.6,,,,Kaggle,735,https://www.kaggle.com/datasets/eslamelsolya/laptop-price-prediction,
"HP Workstation 15.6"" Intel Core i7 7700HQ 2.8GHz 16GB 256GB SSD (Nvidia Quadro M2200)",128884.32,,HP,16,256,SSD,Intel Core i7 7700HQ 2.8GHz,7,Nvidia Quadro M2200,6,15.6,,,,Kaggle,736,https://www.kaggle.com/datasets/eslamelsolya/laptop-price-prediction,
"Dell 2 in 1 Convertible 13.3"" Intel Core i5 8250U 1.6GHz 8GB 1TB HDD (Intel UHD Graphics 620)",35111.52,,Dell,8,1024,HDD,Intel Core i5 8250U 1.6GHz,5,Intel UHD Graphics 620,2,13.3,,,,Kaggle,737,https://www.kaggle.com/datasets/eslamelsolya/laptop-price-prediction,
"MSI Gaming 15.6"" Intel Core i7 7700HQ 2.8GHz 16GB 256GB SSD + 1TB HDD (Nvidia GeForce GTX 1060)",111593.89,,MSI,16,256,SSD,Intel Core i7 7700HQ 2.8GHz,7,Nvidia GeForce GTX 1060,1,15.6,,,,Kaggle,738,https://www.kaggle.com/datasets/eslamelsolya/laptop-price-prediction,
"Acer Notebook 15.6"" Intel Core i3 6006U 2GHz 4GB 500GB HDD (Intel HD Graphics 520)",21887.42,,Acer,4,500,HDD,Intel Core i3 6006U 2GHz,3,Intel HD Graphics 520,2,15.6,,,,Kaggle,739,https://www.kaggle.com/datasets/eslamelsolya/laptop-price-prediction,
"Dell Notebook 15.6"" Intel Core i7 7500U 2.7GHz 8GB 128GB SSD + 1TB HDD (Nvidia GeForce 940MX)",64308.96,,Dell,8,128,SSD,Intel Core i7 7500U 2.7GHz,7,Nvidia GeForce 940MX,1,15.6,,,,Kaggle,740,https://www.kaggle.com/datasets/eslamelsolya/laptop-price-prediction,
"Dell Notebook 15.6"" Intel Core i3 6006U 2GHz 8GB 256GB SSD (Intel HD Graphics 520)",35431.2,,Dell,8,256,SSD,Intel Core i3 6006U 2GHz,3,Intel HD Graphics 520,2,15.6,,,,Kaggle,741,https://www.kaggle.com/datasets/eslamelsolya/laptop-price-prediction,
"Toshiba Notebook 14.0"" Intel Core i5 7200U 2.5GHz 8GB 256GB SSD (Intel HD Graphics 620)",81784.8,,Toshiba,8,256,SSD,Intel Core i5 7200U 2.5GHz,5,Intel HD Graphics 620,2,14.0,,,,Kaggle,742,https://www.kaggle.com/datasets/eslamelsolya/laptop-price-prediction,
"Lenovo 2 in 1 Convertible 14.0"" Intel Core i5 7200U 2.5GHz 8GB 256GB SSD (Intel HD Graphics 620)",53226.72,,Lenovo,8,256,SSD,Intel Core i5 7200U 2.5GHz,5,Intel HD Graphics 620,2,14.0,,,,Kaggle,743,https://www.kaggle.com/datasets/eslamelsolya/laptop-price-prediction,
"Lenovo Workstation 15.6"" Intel Core i7 7600U 2.8GHz 16GB 1TB SSD (Nvidia Quadro M520M)",175770.72,,Lenovo,16,1024,SSD,Intel Core i7 7600U 2.8GHz,7,Nvidia Quadro M520M,6,15.6,,,,Kaggle,744,https://www.kaggle.com/datasets/eslamelsolya/laptop-price-prediction,
"Acer Notebook 14.0"" Intel Celeron Dual Core N3060 1.6GHz 2GB 32GB Flash Storage (Intel HD Graphics 400)",17582.4,,Acer,2,32,FLASH,Intel Celeron Dual Core N3060 1.6GHz,1,Intel HD Graphics 400,2,14.0,,,,Kaggle,745,https://www.kaggle.com/datasets/eslamelsolya/laptop-price-prediction,
"Samsung Ultrabook 13.3"" Intel Core i7 7500U 2.7GHz 16GB 256GB SSD (Intel HD Graphics 620)",87858.72,,Samsung,16,256,SSD,Intel Core i7 7500U 2.7GHz,7,Intel HD Graphics 620,2,13.3,,,,Kaggle,746,https://www.kaggle.com/datasets/eslamelsolya/laptop-price-prediction,
"HP Notebook 15.6"" Intel Core i3 6006U 2GHz 8GB 256GB SSD (Intel HD Graphics 520)",28717.92,,HP,8,256,SSD,Intel Core i3 6006U 2GHz,3,Intel HD Graphics 520,2,15.6,,,,Kaggle,747,https://www.kaggle.com/datasets/eslamelsolya/laptop-price-prediction,
"Dell Notebook 14.0"" Intel Core i5 7200U 2.5GHz 8GB 256GB SSD (Intel HD Graphics 620)",60031.11,,Dell,8,256,SSD,Intel Core i5 7200U 2.5GHz,5,Intel HD Graphics 620,2,14.0,,,,Kaggle,748,https://www.kaggle.com/datasets/eslamelsolya/laptop-price-prediction,
"HP Workstation 17.3"" Intel Xeon E3-1535M v5 2.9GHz 16GB 256GB SSD (Nvidia Quadro M2000M)",233845.92,,HP,16,256,SSD,Intel Xeon E3-1535M v5 2.9GHz,4,Nvidia Quadro M2000M,6,17.3,,,,Kaggle,749,https://www.kaggle.com/datasets/eslamelsolya/laptop-price-prediction,
"Lenovo Netbook 11.6"" Intel Celeron Dual Core N3060 1.6GHz 4GB 128GB SSD (Intel HD Graphics 400)",25308.0,,Lenovo,4,128,SSD,Intel Celeron Dual Core N3060 1.6GHz,1,Intel HD Graphics 400,2,11.6,,,,Kaggle,750,https://www.kaggle.com/datasets/eslamelsolya/laptop-price-prediction,
"HP Notebook 15.6"" Intel Core i5 6300U 2.4GHz 8GB 256GB SSD (Intel HD Graphics 520)",101232.0,,HP,8,256,SSD,Intel Core i5 6300U 2.4GHz,5,Intel HD Graphics 520,2,15.6,,,,Kaggle,751,https://www.kaggle.com/datasets/eslamelsolya/laptop-price-prediction,
"Asus Notebook 15.6"" Intel Core i5 6300HQ 2.3GHz 4GB 1TB HDD (Nvidia GeForce GTX 950M)",30849.12,,Asus,4,1024,HDD,Intel Core i5 6300HQ 2.3GHz,5,Nvidia GeForce GTX 950M,1,15.6,,,,Kaggle,752,https://www.kaggle.com/datasets/eslamelsolya/laptop-price-prediction,
"Lenovo Ultrabook 14.0"" Intel Core i5 6200U 2.3GHz 4GB 180GB SSD (Intel HD Graphics 520)",58394.88,,Lenovo,4,180,SSD,Intel Core i5 6200U 2.3GHz,5,Intel HD Graphics 520,2,14.0,,,,Kaggle,753,https://www.kaggle.com/datasets/eslamelsolya/laptop-price-prediction,
"Asus Notebook 15.6"" Intel Core i7 7500U 2.7GHz 4GB 256GB SSD (Intel HD Graphics 620)",45282.67,,Asus,4,256,SSD,Intel Core i7 7500U 2.7GHz,7,Intel HD Graphics 620,2,15.6,,,,Kaggle,754,https://www.kaggle.com/datasets/eslamelsolya/laptop-price-prediction,
"Lenovo 2 in 1 Convertible 13.3"" Intel Core i5 6260U 1.8GHz 8GB 256GB SSD (Intel HD Graphics 540)",63882.72,,Lenovo,8,256,SSD,Intel Core i5 6260U 1.8GHz,5,Intel HD Graphics 540,2,13.3,,,,Kaggle,755,https://www.kaggle.com/datasets/eslamelsolya/laptop-price-prediction,
"HP Notebook 15.6"" Intel Core i5 7300HQ 2.5GHz 8GB 128GB SSD + 1TB HDD (Nvidia GeForce GTX 1050)",58554.72,,HP,8,128,SSD,Intel Core i5 7300HQ 2.5GHz,5,Nvidia GeForce GTX 1050,4,15.6,,,,Kaggle,756,https://www.kaggle.com/datasets/eslamelsolya/laptop-price-prediction,
"HP Workstation 15.6"" Intel Core i7 6700HQ 2.6GHz 8GB 256GB SSD (Nvidia Quadro M1000M)",83170.08,,HP,8,256,SSD,Intel Core i7 6700HQ 2.6GHz,7,Nvidia Quadro M1000M,6,15.6,,,,Kaggle,757,https://www.kaggle.com/datasets/eslamelsolya/laptop-price-prediction,
"Dell Gaming 15.6"" Intel Core i7 7700HQ 2.8GHz 16GB 256GB SSD + 1TB HDD (Nvidia GeForce GTX 1070)",152859.79,,Dell,16,256,SSD,Intel Core i7 7700HQ 2.8GHz,7,Nvidia GeForce GTX 1070,6,15.6,,,,Kaggle,758,https://www.kaggle.com/datasets/eslamelsolya/laptop-price-prediction,
"Acer Notebook 15.6"" Intel Core i5 7200U 2.5GHz 4GB 256GB SSD (Intel HD Graphics 620)",31914.72,,Acer,4,256,SSD,Intel Core i5 7200U 2.5GHz,5,Intel HD Graphics 620,2,15.6,,,,Kaggle,759,https://www.kaggle.com/datasets/eslamelsolya/laptop-price-prediction,
"Lenovo Gaming 15.6"" Intel Core i7 7700HQ 2.8GHz 8GB 128GB SSD + 1TB HDD (Nvidia GeForce GTX 1050)",55837.44,,Lenovo,8,128,SSD,Intel Core i7 7700HQ 2.8GHz,7,Nvidia GeForce GTX 1050,4,15.6,,,,Kaggle,760,https://www.kaggle.com/datasets/eslamelsolya/laptop-price-prediction,
"Dell Ultrabook 12.5"" Intel Core i7 7600U 2.8GHz 16GB 256GB SSD (Intel HD Graphics 620)",99047.52,,Dell,16,256,SSD,Intel Core i7 7600U 2.8GHz,7,Intel HD Graphics 620,2,12.5,,,,Kaggle,761,https://www.kaggle.com/datasets/eslamelsolya/laptop-price-prediction,
"Google Ultrabook 12.3"" Intel Core i5 7Y57 1.2GHz 8GB 256GB SSD (Intel HD Graphics 615)",83063.52,,Google,8,256,SSD,Intel Core i5 7Y57 1.2GHz,5,Intel HD Graphics 615,2,12.3,,,,Kaggle,762,https://www.kaggle.com/datasets/eslamelsolya/laptop-price-prediction,
"Asus Ultrabook 13.3"" Intel Core i5 7200U 2.5GHz 8GB 256GB SSD (Intel HD Graphics 620)",60153.12,,Asus,8,256,SSD,Intel Core i5 7200U 2.5GHz,5,Intel HD Graphics 620,2,13.3,,,,Kaggle,763,https://www.kaggle.com/datasets/eslamelsolya/laptop-price-prediction,
"Dell Notebook 13.3"" Intel Core i3 6006U 2GHz 4GB 500GB HDD (Intel HD Graphics 520)",45234.72,,Dell,4,500,HDD,Intel Core i3 6006U 2GHz,3,Intel HD Graphics 520,2,13.3,,,,Kaggle,764,https://www.kaggle.com/datasets/eslamelsolya/laptop-price-prediction,
"Acer Notebook 13.3"" Intel Core i5 6200U 2.3GHz 4GB 128GB SSD (Intel HD Graphics 520)",34898.4,,Acer,4,128,SSD,Intel Core i5 6200U 2.3GHz,5,Intel HD Graphics 520,2,13.3,,,,Kaggle,765,https://www.kaggle.com/datasets/eslamelsolya/laptop-price-prediction,
"Asus Notebook 17.3"" Intel Pentium Quad Core N4200 1.1GHz 4GB 1TB HDD (Nvidia GeForce 920MX)",25059.72,,Asus,4,1024,HDD,Intel Pentium Quad Core N4200 1.1GHz,2,Nvidia GeForce 920MX,1,17.3,,,,Kaggle,766,https://www.kaggle.com/datasets/eslamelsolya/laptop-price-prediction,
"Dell Gaming 15.6"" Intel Core i7 6700HQ 2.6GHz 16GB 128GB SSD + 1TB HDD (Nvidia GeForce GTX 960M)",58554.72,,Dell,16,128,SSD,Intel Core i7 6700HQ 2.6GHz,7,Nvidia GeForce GTX 960M,1,15.6,,,,Kaggle,767,https://www.kaggle.com/datasets/eslamelsolya/laptop-price-prediction,
"Samsung Ultrabook 13.3"" Intel Core i7 7500U 2.7GHz 8GB 256GB SSD (Intel HD Graphics 620)",85194.72,,Samsung,8,256,SSD,Intel Core i7 7500U 2.7GHz,7,Intel HD Graphics 620,2,13.3,,,,Kaggle,768,https://www.kaggle.com/datasets/eslamelsolya/laptop-price-prediction,
"Acer Notebook 15.6"" Intel Pentium Quad Core N4200 1.1GHz 4GB 1TB HDD (Intel HD Graphics 505)",15877.44,,Acer,4,1024,HDD,Intel Pentium Quad Core N4200 1.1GHz,2,Intel HD Graphics 505,2,15.6,,,,Kaggle,769,https://www.kaggle.com/datasets/eslamelsolya/laptop-price-prediction,
"Dell Notebook 15.6"" Intel Core i7 7500U 2.7GHz 16GB 256GB SSD (AMD Radeon R7 M445)",62938.07,,Dell,16,256,SSD,Intel Core i7 7500U 2.7GHz,7,AMD Radeon R7 M445,3,15.6,,,,Kaggle,770,https://www.kaggle.com/datasets/eslamelsolya/laptop-price-prediction,
"Samsung 2 in 1 Convertible 15.0"" Intel Core i7 7500U 2.7GHz 16GB 256GB SSD (AMD Radeon 540)",95850.72,,Samsung,16,256,SSD,Intel Core i7 7500U 2.7GHz,7,AMD Radeon 540,2,15.0,,,,Kaggle,771,https://www.kaggle.com/datasets/eslamelsolya/laptop-price-prediction,
"Toshiba Notebook 14.0"" Intel Core i5 6200U 2.3GHz 4GB 128GB SSD (Intel HD Graphics 520)",54345.6,,Toshiba,4,128,SSD,Intel Core i5 6200U 2.3GHz,5,Intel HD Graphics 520,2,14.0,,,,Kaggle,772,https://www.kaggle.com/datasets/eslamelsolya/laptop-price-prediction,
"Dell Gaming 15.6"" Intel Core i7 7700HQ 2.8GHz 8GB 1TB HDD (Nvidia GeForce GTX 1050)",58554.72,,Dell,8,1024,HDD,Intel Core i7 7700HQ 2.8GHz,7,Nvidia GeForce GTX 1050,4,15.6,,,,Kaggle,773,https://www.kaggle.com/datasets/eslamelsolya/laptop-price-prediction,
"HP Ultrabook 12.5"" Intel Core i5 6200U 2.3GHz 4GB 256GB SSD (Intel HD Graphics 520)",66280.32,,HP,4,256,SSD,Intel Core i5 6200U 2.3GHz,5,Intel HD Graphics 520,2,12.5,,,,Kaggle,774,https://www.kaggle.com/datasets/eslamelsolya/laptop-price-prediction,
"Asus 2 in 1 Convertible 15.6"" Intel Core i7 7500U 2.7GHz 12GB 2TB HDD (Nvidia GeForce 940MX)",44701.92,,Asus,12,2048,HDD,Intel Core i7 7500U 2.7GHz,7,Nvidia GeForce 940MX,1,15.6,,,,Kaggle,775,https://www.kaggle.com/datasets/eslamelsolya/laptop-price-prediction,
"Lenovo Notebook 15.6"" Intel Core i7 6820HQ 2.7GHz 16GB 512GB SSD (Nvidia Quadro M2000M)",126273.6,,Lenovo,16,512,SSD,Intel Core i7 6820HQ 2.7GHz,7,Nvidia Quadro M2000M,6,15.6,,,,Kaggle,776,https://www.kaggle.com/datasets/eslamelsolya/laptop-price-prediction,
"Acer Notebook 14.0"" Intel Core i3 7100U 2.4GHz 4GB 128GB SSD (Intel HD Graphics 620)",33886.08,,Acer,4,128,SSD,Intel Core i3 7100U 2.4GHz,3,Intel HD Graphics 620,2,14.0,,,,Kaggle,777,https://www.kaggle.com/datasets/eslamelsolya/laptop-price-prediction,
"Razer Gaming 14.0"" Intel Core i7 7700HQ 2.8GHz 16GB 512GB SSD (Nvidia GeForce GTX 1060)",154458.72,,Razer,16,512,SSD,Intel Core i7 7700HQ 2.8GHz,7,Nvidia GeForce GTX 1060,1,14.0,,,,Kaggle,778,https://www.kaggle.com/datasets/eslamelsolya/laptop-price-prediction,
"Asus Notebook 15.6"" Intel Pentium Dual Core N4200 1.1GHz 8GB 128GB SSD (Intel HD Graphics 505)",31003.63,,Asus,8,128,SSD,Intel Pentium Dual Core N4200 1.1GHz,2,Intel HD Graphics 505,2,15.6,,,,Kaggle,779,https://www.kaggle.com/datasets/eslamelsolya/laptop-price-prediction,
"Dell Gaming 17.3"" Intel Core i7 7700HQ 2.8GHz 32GB 1TB SSD + 1TB HDD (Nvidia GeForce GTX 1070M)",191211.26,,Dell,32,1024,SSD,Intel Core i7 7700HQ 2.8GHz,7,Nvidia GeForce GTX 1070M,6,17.3,,,,Kaggle,780,https://www.kaggle.com/datasets/eslamelsolya/laptop-price-prediction,
"Asus Gaming 17.3"" Intel Core i7 6700HQ 2.6GHz 16GB 256GB SSD + 1TB HDD (Nvidia GeForce GTX 1070)",125208.0,,Asus,16,256,SSD,Intel Core i7 6700HQ 2.6GHz,7,Nvidia GeForce GTX 1070,6,17.3,,,,Kaggle,781,https://www.kaggle.com/datasets/eslamelsolya/laptop-price-prediction,
"Toshiba Ultrabook 14.0"" Intel Core i7 6600U 2.6GHz 16GB 512GB SSD (Nvidia GeForce 930M)",93985.92,,Toshiba,16,512,SSD,Intel Core i7 6600U 2.6GHz,7,Nvidia GeForce 930M,1,14.0,,,,Kaggle,782,https://www.kaggle.com/datasets/eslamelsolya/laptop-price-prediction,
"Lenovo Notebook 15.6"" Intel Celeron Quad Core N3710 1.6GHz 8GB 1TB HDD (Intel HD Graphics 405)",17529.12,,Lenovo,8,1024,HDD,Intel Celeron Quad Core N3710 1.6GHz,1,Intel HD Graphics 405,2,15.6,,,,Kaggle,783,https://www.kaggle.com/datasets/eslamelsolya/laptop-price-prediction,
"Lenovo Ultrabook 14.0"" Intel Core i7 7500U 2.7GHz 16GB 512GB SSD (Intel HD Graphics 620)",122490.72,,Lenovo,16,512,SSD,Intel Core i7 7500U 2.7GHz,7,Intel HD Graphics 620,2,14.0,,,,Kaggle,784,https://www.kaggle.com/datasets/eslamelsolya/laptop-price-prediction,
"MSI Gaming 14.0"" Intel Core i7 7700HQ 2.8GHz 16GB 256GB SSD + 1TB HDD (Nvidia GeForce GTX 1060)",100752.48,,MSI,16,256,SSD,Intel Core i7 7700HQ 2.8GHz,7,Nvidia GeForce GTX 1060,1,14.0,,,,Kaggle,785,https://www.kaggle.com/datasets/eslamelsolya/laptop-price-prediction,
"MSI Gaming 15.6"" Intel Core i5 7300HQ 2.5GHz 8GB 128GB SSD + 1TB HDD (Nvidia GeForce GTX 1050)",58021.92,,MSI,8,128,SSD,Intel Core i5 7300HQ 2.5GHz,5,Nvidia GeForce GTX 1050,4,15.6,,,,Kaggle,786,https://www.kaggle.com/datasets/eslamelsolya/laptop-price-prediction,
"Lenovo Gaming 15.6"" Intel Core i7 7700HQ 2.8GHz 4GB 1TB HDD (Nvidia GeForce GTX 1050)",53226.72,,Lenovo,4,1024,HDD,Intel Core i7 7700HQ 2.8GHz,7,Nvidia GeForce GTX 1050,4,15.6,,,,Kaggle,787,https://www.kaggle.com/datasets/eslamelsolya/laptop-price-prediction,
"Acer Gaming 17.3"" Intel Core i7 7700HQ 2.8GHz 16GB 256GB SSD + 1TB HDD (Nvidia GeForce GTX 1060)",122490.72,,Acer,16,256,SSD,Intel Core i7 7700HQ 2.8GHz,7,Nvidia GeForce GTX 1060,1,17.3,,,,Kaggle,788,https://www.kaggle.com/datasets/eslamelsolya/laptop-price-prediction,
"Dell Gaming 15.6"" Intel Core i5 7300HQ 2.5GHz 8GB 256GB SSD (Nvidia GeForce GTX 1050)",52480.8,,Dell,8,256,SSD,Intel Core i5 7300HQ 2.5GHz,5,Nvidia GeForce GTX 1050,4,15.6,,,,Kaggle,789,https://www.kaggle.com/datasets/eslamelsolya/laptop-price-prediction,
"Asus Gaming 15.6"" Intel Core i7 7700HQ 2.8GHz 8GB 128GB SSD + 1TB HDD (Nvidia GeForce GTX1060)",71341.92,,Asus,8,128,SSD,Intel Core i7 7700HQ 2.8GHz,7,Nvidia GeForce GTX1060,1,15.6,,,,Kaggle,790,https://www.kaggle.com/datasets/eslamelsolya/laptop-price-prediction,
"Vero Notebook 14.0"" Intel Celeron Dual Core N3350 1.1GHz 4GB 32GB Flash Storage (Intel HD Graphics 500)",10810.51,,Vero,4,32,FLASH,Intel Celeron Dual Core N3350 1.1GHz,1,Intel HD Graphics 500,2,14.0,,,,Kaggle,791,https://www.kaggle.com/datasets/eslamelsolya/laptop-price-prediction,
"Lenovo 2 in 1 Convertible 13.3"" Intel Core i7 7500U 2.7GHz 8GB 512GB SSD (Intel HD Graphics 620)",104961.6,,Lenovo,8,512,SSD,Intel Core i7 7500U 2.7GHz,7,Intel HD Graphics 620,2,13.3,,,,Kaggle,792,https://www.kaggle.com/datasets/eslamelsolya/laptop-price-prediction,
"Lenovo 2 in 1 Convertible 15.6"" Intel Core i5 7200U 2.5GHz 8GB 256GB SSD (AMD Radeon R7 M460)",51095.52,,Lenovo,8,256,SSD,Intel Core i5 7200U 2.5GHz,5,AMD Radeon R7 M460,3,15.6,,,,Kaggle,793,https://www.kaggle.com/datasets/eslamelsolya/laptop-price-prediction,
"Apple Ultrabook 12.0"" Intel Core M 1.2GHz 8GB 512GB Flash Storage (Intel HD Graphics 5300)",62071.2,,Apple,8,512,FLASH,Intel Core M 1.2GHz,4,Intel HD Graphics 5300,2,12.0,,,,Kaggle,794,https://www.kaggle.com/datasets/eslamelsolya/laptop-price-prediction,
"Lenovo 2 in 1 Convertible 14.0"" Intel Core i5 7200U 2.5GHz 8GB 256GB SSD (Intel HD Graphics 620)",124142.4,,Lenovo,8,256,SSD,Intel Core i5 7200U 2.5GHz,5,Intel HD Graphics 620,2,14.0,,,,Kaggle,795,https://www.kaggle.com/datasets/eslamelsolya/laptop-price-prediction,
"Asus Notebook 14.0"" Intel Celeron Dual Core N3350 1.1GHz 4GB 32GB Flash Storage (Intel HD Graphics 500)",15930.72,,Asus,4,32,FLASH,Intel Celeron Dual Core N3350 1.1GHz,1,Intel HD Graphics 500,2,14.0,,,,Kaggle,796,https://www.kaggle.com/datasets/eslamelsolya/laptop-price-prediction,
"Dell Notebook 15.6"" Intel Core i5 7200U 2.5GHz 8GB 128GB SSD (Intel HD Graphics 620)",43156.8,,Dell,8,128,SSD,Intel Core i5 7200U 2.5GHz,5,Intel HD Graphics 620,2,15.6,,,,Kaggle,797,https://www.kaggle.com/datasets/eslamelsolya/laptop-price-prediction,
"Lenovo 2 in 1 Convertible 13.9"" Intel Core i7 7500U 2.7GHz 8GB 256GB SSD (Intel HD Graphics 620)",71874.72,,Lenovo,8,256,SSD,Intel Core i7 7500U 2.7GHz,7,Intel HD Graphics 620,2,13.9,,,,Kaggle,798,https://www.kaggle.com/datasets/eslamelsolya/laptop-price-prediction,
"Dell Notebook 15.6"" Intel Core i3 6006U 2GHz 8GB 256GB SSD (AMD Radeon R5 M420X)",39373.92,,Dell,8,256,SSD,Intel Core i3 6006U 2GHz,3,AMD Radeon R5 M420X,2,15.6,,,,Kaggle,799,https://www.kaggle.com/datasets/eslamelsolya/laptop-price-prediction,
"HP Workstation 15.6"" Intel Core i7 7700HQ 2.8GHz 8GB 256GB SSD (Nvidia Quadro M2200)",110017.87,,HP,8,256,SSD,Intel Core i7 7700HQ 2.8GHz,7,Nvidia Quadro M2200,6,15.6,,,,Kaggle,800,https://www.kaggle.com/datasets/eslamelsolya/laptop-price-prediction,
"Asus Notebook 15.6"" Intel Core i5 7200U 2.5GHz 8GB 256GB SSD (Intel HD Graphics 620)",58554.72,,Asus,8,256,SSD,Intel Core i5 7200U 2.5GHz,5,Intel HD Graphics 620,2,15.6,,,,Kaggle,801,https://www.kaggle.com/datasets/eslamelsolya/laptop-price-prediction,
"Dell Ultrabook 13.3"" Intel Core i5 7200U 2.5GHz 8GB 256GB SSD (Intel HD Graphics 620)",79866.72,,Dell,8,256,SSD,Intel Core i5 7200U 2.5GHz,5,Intel HD Graphics 620,2,13.3,,,,Kaggle,802,https://www.kaggle.com/datasets/eslamelsolya/laptop-price-prediction,
"Dell Notebook 15.6"" Intel Core i5 7300HQ 2.5GHz 8GB 256GB SSD (Nvidia GeForce GTX 1050)",93186.72,,Dell,8,256,SSD,Intel Core i5 7300HQ 2.5GHz,5,Nvidia GeForce GTX 1050,4,15.6,,,,Kaggle,803,https://www.kaggle.com/datasets/eslamelsolya/laptop-price-prediction,
"Dell Netbook 11.6"" Intel Pentium Quad Core N4200 1.1GHz 4GB 128GB SSD (Intel HD Graphics 505)",39640.32,,Dell,4,128,SSD,Intel Pentium Quad Core N4200 1.1GHz,2,Intel HD Graphics 505,2,11.6,,,,Kaggle,804,https://www.kaggle.com/datasets/eslamelsolya/laptop-price-prediction,
"HP Netbook 12.5"" Intel Core i5 7300U 2.6GHz 8GB 256GB SSD (Intel HD Graphics 620)",74005.92,,HP,8,256,SSD,Intel Core i5 7300U 2.6GHz,5,Intel HD Graphics 620,2,12.5,,,,Kaggle,805,https://www.kaggle.com/datasets/eslamelsolya/laptop-price-prediction,
"Toshiba Notebook 15.6"" Intel Core i5 6200U 2.3GHz 4GB 500GB HDD (Intel HD Graphics 520)",41558.4,,Toshiba,4,500,HDD,Intel Core i5 6200U 2.3GHz,5,Intel HD Graphics 520,2,15.6,,,,Kaggle,806,https://www.kaggle.com/datasets/eslamelsolya/laptop-price-prediction,
"HP Notebook 15.6"" AMD A12-Series 9700P 2.5GHz 8GB 2TB HDD (AMD Radeon R7 Graphics)",33513.12,,HP,8,2048,HDD,AMD A12-Series 9700P 2.5GHz,4,AMD Radeon R7 Graphics,3,15.6,,,,Kaggle,807,https://www.kaggle.com/datasets/eslamelsolya/laptop-price-prediction,
"Dell Gaming 15.6"" Intel Core i7 7700HQ 2.8GHz 16GB 512GB SSD (Nvidia GeForce GTX 1050 Ti)",89457.12,,Dell,16,512,SSD,Intel Core i7 7700HQ 2.8GHz,7,Nvidia GeForce GTX 1050 Ti,4,15.6,,,,Kaggle,808,https://www.kaggle.com/datasets/eslamelsolya/laptop-price-prediction,
"Lenovo Notebook 15.6"" Intel Core i5 7200U 2.5GHz 4GB 1TB HDD (Nvidia GeForce 920M)",32447.52,,Lenovo,4,1024,HDD,Intel Core i5 7200U 2.5GHz,5,Nvidia GeForce 920M,1,15.6,,,,Kaggle,809,https://www.kaggle.com/datasets/eslamelsolya/laptop-price-prediction,
"HP Gaming 17.3"" Intel Core i7 7700HQ 2.8GHz 12GB 1TB HDD (AMD Radeon RX 580)",93186.72,,HP,12,1024,HDD,Intel Core i7 7700HQ 2.8GHz,7,AMD Radeon RX 580,2,17.3,,,,Kaggle,810,https://www.kaggle.com/datasets/eslamelsolya/laptop-price-prediction,
"MSI Gaming 17.3"" Intel Core i7 7700HQ 2.8GHz 16GB 512GB SSD + 1TB HDD (Nvidia GeForce GTX 1070)",128671.2,,MSI,16,512,SSD,Intel Core i7 7700HQ 2.8GHz,7,Nvidia GeForce GTX 1070,6,17.3,,,,Kaggle,811,https://www.kaggle.com/datasets/eslamelsolya/laptop-price-prediction,
"Samsung Ultrabook 13.3"" Intel Core i5 7200U 2.5GHz 8GB 256GB SSD (Intel HD Graphics 620)",79866.72,,Samsung,8,256,SSD,Intel Core i5 7200U 2.5GHz,5,Intel HD Graphics 620,2,13.3,,,,Kaggle,812,https://www.kaggle.com/datasets/eslamelsolya/laptop-price-prediction,
"Dell Notebook 15.6"" Intel Core i7 7500U 2.7GHz 8GB 1TB HDD (Nvidia GeForce GT 940MX)",51202.08,,Dell,8,1024,HDD,Intel Core i7 7500U 2.7GHz,7,Nvidia GeForce GT 940MX,1,15.6,,,,Kaggle,813,https://www.kaggle.com/datasets/eslamelsolya/laptop-price-prediction,
"Dell Notebook 15.6"" Intel Core i5 7200U 2.5GHz 8GB 256GB SSD (AMD Radeon R5 M420)",42081.08,,Dell,8,256,SSD,Intel Core i5 7200U 2.5GHz,5,AMD Radeon R5 M420,2,15.6,,,,Kaggle,814,https://www.kaggle.com/datasets/eslamelsolya/laptop-price-prediction,
"Lenovo Ultrabook 14.0"" Intel Core i7 7500U 2.7GHz 8GB 256GB SSD (Intel HD Graphics 620)",99047.52,,Lenovo,8,256,SSD,Intel Core i7 7500U 2.7GHz,7,Intel HD Graphics 620,2,14.0,,,,Kaggle,815,https://www.kaggle.com/datasets/eslamelsolya/laptop-price-prediction,
"Razer Ultrabook 12.5"" Intel Core i7 7500U 2.5GHz 16GB 512GB SSD (Intel HD Graphics 620)",95850.72,,Razer,16,512,SSD,Intel Core i7 7500U 2.5GHz,7,Intel HD Graphics 620,2,12.5,,,,Kaggle,816,https://www.kaggle.com/datasets/eslamelsolya/laptop-price-prediction,
"HP Netbook 11.6"" Intel Celeron Dual Core N3060 1.6GHz 4GB 16GB Flash Storage (Intel HD Graphics 400)",20512.8,,HP,4,16,FLASH,Intel Celeron Dual Core N3060 1.6GHz,1,Intel HD Graphics 400,2,11.6,,,,Kaggle,817,https://www.kaggle.com/datasets/eslamelsolya/laptop-price-prediction,
"Dell Gaming 17.3"" Intel Core i7 7700HQ 2.8GHz 16GB 128GB SSD + 1TB HDD (Nvidia GeForce GTX 1060)",133467.47,,Dell,16,128,SSD,Intel Core i7 7700HQ 2.8GHz,7,Nvidia GeForce GTX 1060,1,17.3,,,,Kaggle,818,https://www.kaggle.com/datasets/eslamelsolya/laptop-price-prediction,
"Dell Notebook 14.0"" Intel Core i5 6200U 2.3GHz 4GB 500GB HDD (Intel HD Graphics 520)",40226.4,,Dell,4,500,HDD,Intel Core i5 6200U 2.3GHz,5,Intel HD Graphics 520,2,14.0,,,,Kaggle,819,https://www.kaggle.com/datasets/eslamelsolya/laptop-price-prediction,
"Lenovo Notebook 15.6"" Intel Core i3 6006U 2GHz 4GB 500GB HDD (Intel HD Graphics 520)",26101.87,,Lenovo,4,500,HDD,Intel Core i3 6006U 2GHz,3,Intel HD Graphics 520,2,15.6,,,,Kaggle,820,https://www.kaggle.com/datasets/eslamelsolya/laptop-price-prediction,
"Toshiba Ultrabook 14.0"" Intel Core i5 7200U 2.5GHz 4GB 128GB SSD (Intel HD Graphics 620)",58075.2,,Toshiba,4,128,SSD,Intel Core i5 7200U 2.5GHz,5,Intel HD Graphics 620,2,14.0,,,,Kaggle,821,https://www.kaggle.com/datasets/eslamelsolya/laptop-price-prediction,
"Lenovo Ultrabook 14.0"" Intel Core i7 7500U 2.7GHz 8GB 512GB SSD (Intel HD Graphics 620)",133146.72,,Lenovo,8,512,SSD,Intel Core i7 7500U 2.7GHz,7,Intel HD Graphics 620,2,14.0,,,,Kaggle,822,https://www.kaggle.com/datasets/eslamelsolya/laptop-price-prediction,
"MSI Gaming 15.6"" Intel Core i5 7300HQ 2.5GHz 8GB 256GB SSD (Nvidia GeForce GTX 1050)",63882.72,,MSI,8,256,SSD,Intel Core i5 7300HQ 2.5GHz,5,Nvidia GeForce GTX 1050,4,15.6,,,,Kaggle,823,https://www.kaggle.com/datasets/eslamelsolya/laptop-price-prediction,
"Lenovo Ultrabook 14.0"" Intel Core i5 7200U 2.5GHz 8GB 256GB Flash Storage (Intel HD Graphics 620)",99900.0,,Lenovo,8,256,FLASH,Intel Core i5 7200U 2.5GHz,5,Intel HD Graphics 620,2,14.0,,,,Kaggle,824,https://www.kaggle.com/datasets/eslamelsolya/laptop-price-prediction,
"Toshiba Notebook 14.0"" Intel Pentium Dual Core 4405U 2.1GHz 4GB 128GB SSD (Intel HD Graphics 510)",26586.72,,Toshiba,4,128,SSD,Intel Pentium Dual Core 4405U 2.1GHz,2,Intel HD Graphics 510,2,14.0,,,,Kaggle,825,https://www.kaggle.com/datasets/eslamelsolya/laptop-price-prediction,
"Asus 2 in 1 Convertible 13.3"" Intel Core i5 7200U 2.5GHz 8GB 256GB SSD (Intel HD Graphics 620)",72354.24,,Asus,8,256,SSD,Intel Core i5 7200U 2.5GHz,5,Intel HD Graphics 620,2,13.3,,,,Kaggle,826,https://www.kaggle.com/datasets/eslamelsolya/laptop-price-prediction,
"Dell Notebook 14.0"" Intel Core i3 6006U 2GHz 4GB 500GB HDD (Intel HD Graphics 520)",31168.8,,Dell,4,500,HDD,Intel Core i3 6006U 2GHz,3,Intel HD Graphics 520,2,14.0,,,,Kaggle,827,https://www.kaggle.com/datasets/eslamelsolya/laptop-price-prediction,
"Acer Netbook 11.6"" Intel Celeron Dual Core N3060 1.6GHz 4GB 32GB Flash Storage (Intel HD Graphics 400)",18914.4,,Acer,4,32,FLASH,Intel Celeron Dual Core N3060 1.6GHz,1,Intel HD Graphics 400,2,11.6,,,,Kaggle,828,https://www.kaggle.com/datasets/eslamelsolya/laptop-price-prediction,
"Acer Notebook 14.0"" Intel Core i3 7100U 2.4GHz 8GB 128GB SSD (Intel HD Graphics 620)",32980.32,,Acer,8,128,SSD,Intel Core i3 7100U 2.4GHz,3,Intel HD Graphics 620,2,14.0,,,,Kaggle,829,https://www.kaggle.com/datasets/eslamelsolya/laptop-price-prediction,
"Razer Gaming 17.3"" Intel Core i7 7820HK 2.9GHz 32GB 512GB SSD (Nvidia GeForce GTX 1080)",292986.72,,Razer,32,512,SSD,Intel Core i7 7820HK 2.9GHz,7,Nvidia GeForce GTX 1080,7,17.3,,,,Kaggle,830,https://www.kaggle.com/datasets/eslamelsolya/laptop-price-prediction,
"Lenovo Ultrabook 14.0"" Intel Core i7 6600U 2.6GHz 16GB 512GB SSD (Intel HD Graphics 520)",111834.72,,Lenovo,16,512,SSD,Intel Core i7 6600U 2.6GHz,7,Intel HD Graphics 520,2,14.0,,,,Kaggle,831,https://www.kaggle.com/datasets/eslamelsolya/laptop-price-prediction,
"Asus Notebook 15.6"" Intel Core i5 7200U 2.5GHz 4GB 1TB HDD (Nvidia GeForce 920)",27652.32,,Asus,4,1024,HDD,Intel Core i5 7200U 2.5GHz,5,Nvidia GeForce 920,1,15.6,,,,Kaggle,832,https://www.kaggle.com/datasets/eslamelsolya/laptop-price-prediction,
"Lenovo Notebook 14.0"" Intel Core i5 6200U 2.3GHz 8GB 256GB SSD (Intel HD Graphics 520)",63190.08,,Lenovo,8,256,SSD,Intel Core i5 6200U 2.3GHz,5,Intel HD Graphics 520,2,14.0,,,,Kaggle,833,https://www.kaggle.com/datasets/eslamelsolya/laptop-price-prediction,
"Lenovo Notebook 14.0"" Intel Core i5 7300U 2.6GHz 8GB 256GB SSD (Intel HD Graphics 620)",87912.0,,Lenovo,8,256,SSD,Intel Core i5 7300U 2.6GHz,5,Intel HD Graphics 620,2,14.0,,,,Kaggle,834,https://www.kaggle.com/datasets/eslamelsolya/laptop-price-prediction,
"Dell Gaming 15.6"" Intel Core i7 7700HQ 2.8GHz 16GB 256GB SSD + 1TB HDD (Nvidia GeForce GTX 1070)",147832.29,,Dell,16,256,SSD,Intel Core i7 7700HQ 2.8GHz,7,Nvidia GeForce GTX 1070,6,15.6,,,,Kaggle,835,https://www.kaggle.com/datasets/eslamelsolya/laptop-price-prediction,
"Asus Gaming 17.3"" Intel Core i7 7700HQ 2.8GHz 16GB 256GB SSD + 1TB HDD (Nvidia GeForce GTX 1070)",128884.32,,Asus,16,256,SSD,Intel Core i7 7700HQ 2.8GHz,7,Nvidia GeForce GTX 1070,6,17.3,,,,Kaggle,836,https://www.kaggle.com/datasets/eslamelsolya/laptop-price-prediction,
"Toshiba Notebook 15.6"" Intel Core i3 7100U 2.4GHz 4GB 500GB HDD (Intel HD Graphics 620)",35644.32,,Toshiba,4,500,HDD,Intel Core i3 7100U 2.4GHz,3,Intel HD Graphics 620,2,15.6,,,,Kaggle,837,https://www.kaggle.com/datasets/eslamelsolya/laptop-price-prediction,
"Lenovo Notebook 14.0"" Intel Celeron Quad Core N3160 1.6GHz 4GB 16GB Flash Storage (Intel HD Graphics 400)",17316.0,,Lenovo,4,16,FLASH,Intel Celeron Quad Core N3160 1.6GHz,1,Intel HD Graphics 400,2,14.0,,,,Kaggle,838,https://www.kaggle.com/datasets/eslamelsolya/laptop-price-prediction,
"Asus Notebook 15.6"" Intel Core i5 7200U 2.5GHz 8GB 128GB HDD (Intel HD Graphics 620)",31435.2,,Asus,8,128,HDD,Intel Core i5 7200U 2.5GHz,5,Intel HD Graphics 620,2,15.6,,,,Kaggle,839,https://www.kaggle.com/datasets/eslamelsolya/laptop-price-prediction,
"Asus Gaming 17.3"" Intel Core i7 6700HQ 2.6GHz 16GB 512GB SSD + 1TB HDD (Nvidia GeForce GTX 1060)",95850.72,,Asus,16,512,SSD,Intel Core i7 6700HQ 2.6GHz,7,Nvidia GeForce GTX 1060,1,17.3,,,,Kaggle,840,https://www.kaggle.com/datasets/eslamelsolya/laptop-price-prediction,
"Dell Gaming 17.3"" Intel Core i7 7700HQ 2.8GHz 32GB 512GB SSD + 1TB HDD (Nvidia GeForce GTX 1070)",163723.58,,Dell,32,512,SSD,Intel Core i7 7700HQ 2.8GHz,7,Nvidia GeForce GTX 1070,6,17.3,,,,Kaggle,841,https://www.kaggle.com/datasets/eslamelsolya/laptop-price-prediction,
"HP Notebook 17.3"" Intel Core i5 7200U 2.5GHz 8GB 1TB HDD (Nvidia GeForce 930MX)",48484.8,,HP,8,1024,HDD,Intel Core i5 7200U 2.5GHz,5,Nvidia GeForce 930MX,1,17.3,,,,Kaggle,842,https://www.kaggle.com/datasets/eslamelsolya/laptop-price-prediction,
"Dell Notebook 15.6"" Intel Core i5 7200U 2.5GHz 8GB 128GB SSD (Intel HD Graphics 620)",38041.39,,Dell,8,128,SSD,Intel Core i5 7200U 2.5GHz,5,Intel HD Graphics 620,2,15.6,,,,Kaggle,843,https://www.kaggle.com/datasets/eslamelsolya/laptop-price-prediction,
"HP Ultrabook 14.0"" Intel Core i7 6500U 2.5GHz 8GB 512GB SSD (Intel HD Graphics 520)",99633.6,,HP,8,512,SSD,Intel Core i7 6500U 2.5GHz,7,Intel HD Graphics 520,2,14.0,,,,Kaggle,844,https://www.kaggle.com/datasets/eslamelsolya/laptop-price-prediction,
"Dell Notebook 15.6"" Intel Core i7 7500U 2.7GHz 4GB 256GB SSD (AMD Radeon R5 M420)",39373.92,,Dell,4,256,SSD,Intel Core i7 7500U 2.7GHz,7,AMD Radeon R5 M420,2,15.6,,,,Kaggle,845,https://www.kaggle.com/datasets/eslamelsolya/laptop-price-prediction,
"HP 2 in 1 Convertible 11.6"" Intel Celeron Dual Core N3350 1.1GHz 4GB 32GB Flash Storage (Intel HD Graphics 500)",32767.2,,HP,4,32,FLASH,Intel Celeron Dual Core N3350 1.1GHz,1,Intel HD Graphics 500,2,11.6,,,,Kaggle,846,https://www.kaggle.com/datasets/eslamelsolya/laptop-price-prediction,
"Asus Ultrabook 13.3"" Intel Core i5 6200U 2.3GHz 8GB 512GB SSD (Nvidia GeForce 940M)",54665.28,,Asus,8,512,SSD,Intel Core i5 6200U 2.3GHz,5,Nvidia GeForce 940M,1,13.3,,,,Kaggle,847,https://www.kaggle.com/datasets/eslamelsolya/laptop-price-prediction,
"HP 2 in 1 Convertible 13.3"" Intel Core i5 7200U 2.5GHz 8GB 256GB SSD (Intel HD Graphics 620)",121318.56,,HP,8,256,SSD,Intel Core i5 7200U 2.5GHz,5,Intel HD Graphics 620,2,13.3,,,,Kaggle,848,https://www.kaggle.com/datasets/eslamelsolya/laptop-price-prediction,
"HP Ultrabook 14.0"" Intel Core i7 6500U 2.5GHz 8GB 512GB SSD (Intel HD Graphics 520)",78215.04,,HP,8,512,SSD,Intel Core i7 6500U 2.5GHz,7,Intel HD Graphics 520,2,14.0,,,,Kaggle,849,https://www.kaggle.com/datasets/eslamelsolya/laptop-price-prediction,
"HP Notebook 15.6"" Intel Celeron Dual Core N3060 1.6GHz 4GB 128GB SSD (Intel HD Graphics 400)",15930.72,,HP,4,128,SSD,Intel Celeron Dual Core N3060 1.6GHz,1,Intel HD Graphics 400,2,15.6,,,,Kaggle,850,https://www.kaggle.com/datasets/eslamelsolya/laptop-price-prediction,
"Asus Gaming 15.6"" Intel Core i7 7700HQ 2.8GHz 16GB 128GB SSD + 1TB HDD (Nvidia GeForce GTX 1060)",101178.72,,Asus,16,128,SSD,Intel Core i7 7700HQ 2.8GHz,7,Nvidia GeForce GTX 1060,1,15.6,,,,Kaggle,851,https://www.kaggle.com/datasets/eslamelsolya/laptop-price-prediction,
"Dell Notebook 17.3"" Intel Core i7 7500U 2.7GHz 8GB 1TB HDD (AMD Radeon R7 M445)",46087.2,,Dell,8,1024,HDD,Intel Core i7 7500U 2.7GHz,7,AMD Radeon R7 M445,3,17.3,,,,Kaggle,852,https://www.kaggle.com/datasets/eslamelsolya/laptop-price-prediction,
"Lenovo Ultrabook 14.0"" Intel Core i7 7700HQ 2.8GHz 8GB 256GB SSD (Nvidia GeForce GT 940MX)",101391.84,,Lenovo,8,256,SSD,Intel Core i7 7700HQ 2.8GHz,7,Nvidia GeForce GT 940MX,1,14.0,,,,Kaggle,853,https://www.kaggle.com/datasets/eslamelsolya/laptop-price-prediction,
"Asus Notebook 15.6"" Intel Core i7 7500U 2.7GHz 8GB 256GB SSD (Nvidia GeForce GTX 930MX)",41931.36,,Asus,8,256,SSD,Intel Core i7 7500U 2.7GHz,7,Nvidia GeForce GTX 930MX,1,15.6,,,,Kaggle,854,https://www.kaggle.com/datasets/eslamelsolya/laptop-price-prediction,
"Dell Notebook 15.6"" Intel Core i5 7200U 2.5GHz 8GB 128GB SSD (Intel HD Graphics 620)",50349.6,,Dell,8,128,SSD,Intel Core i5 7200U 2.5GHz,5,Intel HD Graphics 620,2,15.6,,,,Kaggle,855,https://www.kaggle.com/datasets/eslamelsolya/laptop-price-prediction,
"Asus Notebook 15.6"" Intel Pentium Quad Core N4200 1.1GHz 4GB 1TB HDD (Intel HD Graphics 505)",23922.72,,Asus,4,1024,HDD,Intel Pentium Quad Core N4200 1.1GHz,2,Intel HD Graphics 505,2,15.6,,,,Kaggle,856,https://www.kaggle.com/datasets/eslamelsolya/laptop-price-prediction,
"HP 2 in 1 Convertible 13.3"" Intel Core i7 7600U 2.8GHz 8GB 256GB SSD (Intel HD Graphics 620)",136343.52,,HP,8,256,SSD,Intel Core i7 7600U 2.8GHz,7,Intel HD Graphics 620,2,13.3,,,,Kaggle,857,https://www.kaggle.com/datasets/eslamelsolya/laptop-price-prediction,
"Dell Notebook 13.3"" Intel Core i5 6200U 2.3GHz 8GB 1TB HDD (Intel HD Graphics 520)",34578.72,,Dell,8,1024,HDD,Intel Core i5 6200U 2.3GHz,5,Intel HD Graphics 520,2,13.3,,,,Kaggle,858,https://www.kaggle.com/datasets/eslamelsolya/laptop-price-prediction,
"Lenovo Notebook 15.6"" Intel Core i3 6006U 2.0GHz 4GB 1TB HDD (Intel HD Graphics 520)",24988.32,,Lenovo,4,1024,HDD,Intel Core i3 6006U 2.0GHz,3,Intel HD Graphics 520,2,15.6,,,,Kaggle,859,https://www.kaggle.com/datasets/eslamelsolya/laptop-price-prediction,
"Lenovo Notebook 15.6"" Intel Core i5 7200U 2.5GHz 8GB 1TB HDD (Intel HD Graphics 620)",45323.16,,Lenovo,8,1024,HDD,Intel Core i5 7200U 2.5GHz,5,Intel HD Graphics 620,2,15.6,,,,Kaggle,860,https://www.kaggle.com/datasets/eslamelsolya/laptop-price-prediction,
"HP Notebook 15.6"" Intel Core i5 7300U 2.6GHz 8GB 256GB SSD (AMD Radeon R7 M465)",71874.72,,HP,8,256,SSD,Intel Core i5 7300U 2.6GHz,5,AMD Radeon R7 M465,3,15.6,,,,Kaggle,861,https://www.kaggle.com/datasets/eslamelsolya/laptop-price-prediction,
"Toshiba Notebook 13.3"" Intel Core i5 7200U 2.5GHz 4GB 128GB SSD (Intel HD Graphics 620)",68464.8,,Toshiba,4,128,SSD,Intel Core i5 7200U 2.5GHz,5,Intel HD Graphics 620,2,13.3,,,,Kaggle,862,https://www.kaggle.com/datasets/eslamelsolya/laptop-price-prediction,
"Lenovo Gaming 15.6"" Intel Core i5 7300HQ 2.5GHz 8GB 1TB HDD (Nvidia GeForce GTX 1050)",54185.76,,Lenovo,8,1024,HDD,Intel Core i5 7300HQ 2.5GHz,5,Nvidia GeForce GTX 1050,4,15.6,,,,Kaggle,863,https://www.kaggle.com/datasets/eslamelsolya/laptop-price-prediction,
"Dell Ultrabook 13.3"" Intel Core i7 7660U 2.5GHz 16GB 512GB SSD (Intel Iris Plus Graphics 640)",119347.2,,Dell,16,512,SSD,Intel Core i7 7660U 2.5GHz,7,Intel Iris Plus Graphics 640,3,13.3,,,,Kaggle,864,https://www.kaggle.com/datasets/eslamelsolya/laptop-price-prediction,
"HP Notebook 15.6"" Intel Core i5 6200U 2.3GHz 4GB 500GB HDD (Intel HD Graphics 520)",48484.8,,HP,4,500,HDD,Intel Core i5 6200U 2.3GHz,5,Intel HD Graphics 520,2,15.6,,,,Kaggle,865,https://www.kaggle.com/datasets/eslamelsolya/laptop-price-prediction,
"Toshiba Ultrabook 13.3"" Intel Core i5 6200U 2.3GHz 8GB 256GB SSD (Intel HD Graphics 520)",58341.6,,Toshiba,8,256,SSD,Intel Core i5 6200U 2.3GHz,5,Intel HD Graphics 520,2,13.3,,,,Kaggle,866,https://www.kaggle.com/datasets/eslamelsolya/laptop-price-prediction,
"Lenovo 2 in 1 Convertible 13.3"" Intel Core i7 7500U 2.7GHz 8GB 256GB SSD (Intel HD Graphics 620)",103896.0,,Lenovo,8,256,SSD,Intel Core i7 7500U 2.7GHz,7,Intel HD Graphics 620,2,13.3,,,,Kaggle,867,https://www.kaggle.com/datasets/eslamelsolya/laptop-price-prediction,
"Acer Notebook 14.0"" Intel Core i5 7200U 2.5GHz 8GB 256GB SSD (Intel HD Graphics 620)",48058.56,,Acer,8,256,SSD,Intel Core i5 7200U 2.5GHz,5,Intel HD Graphics 620,2,14.0,,,,Kaggle,868,https://www.kaggle.com/datasets/eslamelsolya/laptop-price-prediction,
"Dell Workstation 15.6"" Intel Core i7 7700HQ 2.8GHz 8GB 1TB HDD (Nvidia Quadro M620)",94731.84,,Dell,8,1024,HDD,Intel Core i7 7700HQ 2.8GHz,7,Nvidia Quadro M620,6,15.6,,,,Kaggle,869,https://www.kaggle.com/datasets/eslamelsolya/laptop-price-prediction,
"Lenovo Notebook 15.6"" Intel Core i5 7200U 2.5GHz 4GB 500GB HDD (Intel HD Graphics 620)",56210.4,,Lenovo,4,500,HDD,Intel Core i5 7200U 2.5GHz,5,Intel HD Graphics 620,2,15.6,,,,Kaggle,870,https://www.kaggle.com/datasets/eslamelsolya/laptop-price-prediction,
"Lenovo Notebook 15.6"" Intel Core i3 6006U 2GHz 4GB 1TB HDD (AMD Radeon R5 M430)",25521.12,,Lenovo,4,1024,HDD,Intel Core i3 6006U 2GHz,3,AMD Radeon R5 M430,2,15.6,,,,Kaggle,871,https://www.kaggle.com/datasets/eslamelsolya/laptop-price-prediction,
"Toshiba Notebook 15.6"" Intel Core i7 7500U 2.7GHz 8GB 256GB SSD (Intel HD Graphics 620)",73952.64,,Toshiba,8,256,SSD,Intel Core i7 7500U 2.7GHz,7,Intel HD Graphics 620,2,15.6,,,,Kaggle,872,https://www.kaggle.com/datasets/eslamelsolya/laptop-price-prediction,
"Lenovo Notebook 13.3"" Intel Core i3 7100U 2.4GHz 4GB 180GB SSD (Intel HD Graphics 620)",39160.8,,Lenovo,4,180,SSD,Intel Core i3 7100U 2.4GHz,3,Intel HD Graphics 620,2,13.3,,,,Kaggle,873,https://www.kaggle.com/datasets/eslamelsolya/laptop-price-prediction,
"Samsung Ultrabook 15.0"" Intel Core i7 7500U 2.7GHz 16GB 256GB SSD (Nvidia GeForce 940MX)",98514.72,,Samsung,16,256,SSD,Intel Core i7 7500U 2.7GHz,7,Nvidia GeForce 940MX,1,15.0,,,,Kaggle,874,https://www.kaggle.com/datasets/eslamelsolya/laptop-price-prediction,
"Dell Ultrabook 12.5"" Intel Core i7 7600U 2.8GHz 8GB 256GB SSD (Intel HD Graphics 620)",90043.2,,Dell,8,256,SSD,Intel Core i7 7600U 2.8GHz,7,Intel HD Graphics 620,2,12.5,,,,Kaggle,875,https://www.kaggle.com/datasets/eslamelsolya/laptop-price-prediction,
"Asus Notebook 15.6"" Intel Pentium Quad Core N4200 1.1GHz 4GB 1TB HDD (Intel HD Graphics 505)",21258.19,,Asus,4,1024,HDD,Intel Pentium Quad Core N4200 1.1GHz,2,Intel HD Graphics 505,2,15.6,,,,Kaggle,876,https://www.kaggle.com/datasets/eslamelsolya/laptop-price-prediction,
"Xiaomi Ultrabook 13.3"" Intel Core i5 6200U 2.3GHz 8GB 256GB SSD (Nvidia GeForce 940MX)",49816.8,,Xiaomi,8,256,SSD,Intel Core i5 6200U 2.3GHz,5,Nvidia GeForce 940MX,1,13.3,,,,Kaggle,877,https://www.kaggle.com/datasets/eslamelsolya/laptop-price-prediction,
"Dell Notebook 15.6"" Intel Core i5 7200U 2.5GHz 4GB 128GB SSD + 1TB HDD (Nvidia GeForce 940MX)",48618.0,,Dell,4,128,SSD,Intel Core i5 7200U 2.5GHz,5,Nvidia GeForce 940MX,1,15.6,,,,Kaggle,878,https://www.kaggle.com/datasets/eslamelsolya/laptop-price-prediction,
"HP Notebook 15.6"" Intel Core i5 7200U 2.5GHz 4GB 256GB SSD (Intel HD Graphics 620)",44701.92,,HP,4,256,SSD,Intel Core i5 7200U 2.5GHz,5,Intel HD Graphics 620,2,15.6,,,,Kaggle,879,https://www.kaggle.com/datasets/eslamelsolya/laptop-price-prediction,
"HP 2 in 1 Convertible 13.3"" Intel Core i5 7200U 2.5GHz 4GB 256GB SSD (Intel HD Graphics 620)",90576.0,,HP,4,256,SSD,Intel Core i5 7200U 2.5GHz,5,Intel HD Graphics 620,2,13.3,,,,Kaggle,880,https://www.kaggle.com/datasets/eslamelsolya/laptop-price-prediction,
"HP 2 in 1 Convertible 15.6"" Intel Core i5 7200U 2.5GHz 4GB 500GB HDD (Intel HD Graphics 620)",36486.14,,HP,4,500,HDD,Intel Core i5 7200U 2.5GHz,5,Intel HD Graphics 620,2,15.6,,,,Kaggle,881,https://www.kaggle.com/datasets/eslamelsolya/laptop-price-prediction,
"Asus Notebook 14.1"" Intel Celeron Dual Core N3350 1.1GHz 4GB 32GB Flash Storage (Intel HD Graphics 500)",18541.44,,Asus,4,32,FLASH,Intel Celeron Dual Core N3350 1.1GHz,1,Intel HD Graphics 500,2,14.1,,,,Kaggle,882,https://www.kaggle.com/datasets/eslamelsolya/laptop-price-prediction,
"Lenovo Notebook 15.6"" Intel Core i7 6500U 2.5GHz 8GB 1TB HDD (Nvidia GeForce 940MX)",35644.32,,Lenovo,8,1024,HDD,Intel Core i7 6500U 2.5GHz,7,Nvidia GeForce 940MX,1,15.6,,,,Kaggle,883,https://www.kaggle.com/datasets/eslamelsolya/laptop-price-prediction,
"Dell Notebook 15.6"" Intel Pentium Quad Core N3710 1.6GHz 4GB 500GB HDD (Intel HD Graphics)",19660.32,,Dell,4,500,HDD,Intel Pentium Quad Core N3710 1.6GHz,2,Intel HD Graphics,2,15.6,,,,Kaggle,884,https://www.kaggle.com/datasets/eslamelsolya/laptop-price-prediction,
"HP 2 in 1 Convertible 13.3"" Intel Core i5 7200U 2.5GHz 4GB 256GB SSD (Intel HD Graphics 620)",95850.72,,HP,4,256,SSD,Intel Core i5 7200U 2.5GHz,5,Intel HD Graphics 620,2,13.3,,,,Kaggle,885,https://www.kaggle.com/datasets/eslamelsolya/laptop-price-prediction,
"Dell Notebook 15.6"" Intel Core i3 6006U 2.0GHz 4GB 1TB HDD (AMD Radeon R5 M420X)",24279.7,,Dell,4,1024,HDD,Intel Core i3 6006U 2.0GHz,3,AMD Radeon R5 M420X,2,15.6,,,,Kaggle,886,https://www.kaggle.com/datasets/eslamelsolya/laptop-price-prediction,
"Asus Gaming 17.3"" Intel Core i5 7300HQ 2.5GHz 12GB 128GB SSD + 1TB HDD (Nvidia GeForce GTX 1050)",72988.27,,Asus,12,128,SSD,Intel Core i5 7300HQ 2.5GHz,5,Nvidia GeForce GTX 1050,4,17.3,,,,Kaggle,887,https://www.kaggle.com/datasets/eslamelsolya/laptop-price-prediction,
"Acer Netbook 11.6"" Intel Celeron Dual Core N3060 1.6GHz 4GB 32GB Flash Storage (Intel HD Graphics 400)",15824.16,,Acer,4,32,FLASH,Intel Celeron Dual Core N3060 1.6GHz,1,Intel HD Graphics 400,2,11.6,,,,Kaggle,888,https://www.kaggle.com/datasets/eslamelsolya/laptop-price-prediction,
"Lenovo Notebook 17.3"" AMD A4-Series 7210 2.2GHz 4GB 500GB HDD (AMD Radeon R3)",20193.12,,Lenovo,4,500,HDD,AMD A4-Series 7210 2.2GHz,4,AMD Radeon R3,2,17.3,,,,Kaggle,889,https://www.kaggle.com/datasets/eslamelsolya/laptop-price-prediction,
"HP Notebook 14.0"" Intel Core i5 7200U 2.5GHz 4GB 128GB SSD (Intel HD Graphics 620)",67399.2,,HP,4,128,SSD,Intel Core i5 7200U 2.5GHz,5,Intel HD Graphics 620,2,14.0,,,,Kaggle,890,https://www.kaggle.com/datasets/eslamelsolya/laptop-price-prediction,
"HP 2 in 1 Convertible 13.3"" Intel Core i7 7500U 2.7GHz 16GB 256GB SSD (Intel HD Graphics 620)",74538.72,,HP,16,256,SSD,Intel Core i7 7500U 2.7GHz,7,Intel HD Graphics 620,2,13.3,,,,Kaggle,891,https://www.kaggle.com/datasets/eslamelsolya/laptop-price-prediction,
"Samsung Ultrabook 15.0"" Intel Core i7 7500U 2.7GHz 8GB 256GB SSD (Intel HD Graphics 620)",90522.72,,Samsung,8,256,SSD,Intel Core i7 7500U 2.7GHz,7,Intel HD Graphics 620,2,15.0,,,,Kaggle,892,https://www.kaggle.com/datasets/eslamelsolya/laptop-price-prediction,
"Lenovo Ultrabook 14.0"" Intel Core i5 7200U 2.5GHz 8GB 256GB SSD (Intel HD Graphics 620)",95850.72,,Lenovo,8,256,SSD,Intel Core i5 7200U 2.5GHz,5,Intel HD Graphics 620,2,14.0,,,,Kaggle,893,https://www.kaggle.com/datasets/eslamelsolya/laptop-price-prediction,
"MSI Gaming 17.3"" Intel Core i7 6700HQ 2.6GHz 16GB 512GB SSD + 2TB HDD (Nvidia GeForce GTX 1060)",141138.72,,MSI,16,512,SSD,Intel Core i7 6700HQ 2.6GHz,7,Nvidia GeForce GTX 1060,1,17.3,,,,Kaggle,894,https://www.kaggle.com/datasets/eslamelsolya/laptop-price-prediction,
"Toshiba Notebook 13.3"" Intel Core i5 7200U 2.5GHz 8GB 256GB SSD (Intel HD Graphics 620)",78588.0,,Toshiba,8,256,SSD,Intel Core i5 7200U 2.5GHz,5,Intel HD Graphics 620,2,13.3,,,,Kaggle,895,https://www.kaggle.com/datasets/eslamelsolya/laptop-price-prediction,
"Dell Gaming 15.6"" Intel Core i7 7700HQ 2.8GHz 8GB 1TB HDD (Nvidia GeForce GTX 1050Ti)",49497.12,,Dell,8,1024,HDD,Intel Core i7 7700HQ 2.8GHz,7,Nvidia GeForce GTX 1050Ti,4,15.6,,,,Kaggle,896,https://www.kaggle.com/datasets/eslamelsolya/laptop-price-prediction,
"HP Notebook 15.6"" Intel Core i7 7500U 2.7GHz 8GB 1TB HDD (Nvidia GeForce 930MX)",47952.0,,HP,8,1024,HDD,Intel Core i7 7500U 2.7GHz,7,Nvidia GeForce 930MX,1,15.6,,,,Kaggle,897,https://www.kaggle.com/datasets/eslamelsolya/laptop-price-prediction,
"Dell Notebook 15.6"" Intel Core i3 6006U 2.0GHz 4GB 1TB HDD (AMD Radeon R5 M420X)",32713.92,,Dell,4,1024,HDD,Intel Core i3 6006U 2.0GHz,3,AMD Radeon R5 M420X,2,15.6,,,,Kaggle,898,https://www.kaggle.com/datasets/eslamelsolya/laptop-price-prediction,
"Dell Notebook 15.6"" Intel Core i5 7300U 2.6GHz 8GB 500GB HDD (Intel HD Graphics 620)",49816.8,,Dell,8,500,HDD,Intel Core i5 7300U 2.6GHz,5,Intel HD Graphics 620,2,15.6,,,,Kaggle,899,https://www.kaggle.com/datasets/eslamelsolya/laptop-price-prediction,
"Dell 2 in 1 Convertible 13.3"" Intel Core i7 7Y75 1.3GHz 8GB 512GB SSD (Intel HD Graphics 615)",107257.97,,Dell,8,512,SSD,Intel Core i7 7Y75 1.3GHz,7,Intel HD Graphics 615,2,13.3,,,,Kaggle,900,https://www.kaggle.com/datasets/eslamelsolya/laptop-price-prediction,
"Asus Gaming 17.3"" Intel Core i7 6820HK 2.7GHz 32GB 256GB SSD + 256GB SSD (Nvidia GeForce GTX 980M)",68145.12,,Asus,32,256,SSD,Intel Core i7 6820HK 2.7GHz,7,Nvidia GeForce GTX 980M,5,17.3,,,,Kaggle,901,https://www.kaggle.com/datasets/eslamelsolya/laptop-price-prediction,
"Dell 2 in 1 Convertible 13.3"" Intel Core i7 7Y75 1.3GHz 16GB 256GB SSD (Intel HD Graphics 615)",87858.72,,Dell,16,256,SSD,Intel Core i7 7Y75 1.3GHz,7,Intel HD Graphics 615,2,13.3,,,,Kaggle,902,https://www.kaggle.com/datasets/eslamelsolya/laptop-price-prediction,
"Lenovo Ultrabook 14.0"" Intel Core i7 7500U 2.7GHz 8GB 256GB Flash Storage (Intel HD Graphics 620)",109170.72,,Lenovo,8,256,FLASH,Intel Core i7 7500U 2.7GHz,7,Intel HD Graphics 620,2,14.0,,,,Kaggle,903,https://www.kaggle.com/datasets/eslamelsolya/laptop-price-prediction,
"Lenovo Notebook 15.6"" Intel Core i5 7200U 2.5GHz 8GB 512GB SSD (Intel HD Graphics 620)",104588.11,,Lenovo,8,512,SSD,Intel Core i5 7200U 2.5GHz,5,Intel HD Graphics 620,2,15.6,,,,Kaggle,904,https://www.kaggle.com/datasets/eslamelsolya/laptop-price-prediction,
"LG Ultrabook 15.6"" Intel Core i7 7500U 2.7GHz 16GB 512GB SSD (Intel HD Graphics 620)",111834.72,,LG,16,512,SSD,Intel Core i7 7500U 2.7GHz,7,Intel HD Graphics 620,2,15.6,,,,Kaggle,905,https://www.kaggle.com/datasets/eslamelsolya/laptop-price-prediction,
"HP Netbook 12.5"" Intel Core i7 7500U 2.7GHz 8GB 512GB SSD (Intel HD Graphics 620)",79014.24,,HP,8,512,SSD,Intel Core i7 7500U 2.7GHz,7,Intel HD Graphics 620,2,12.5,,,,Kaggle,906,https://www.kaggle.com/datasets/eslamelsolya/laptop-price-prediction,
"Acer Notebook 15.6"" Intel Celeron Dual Core 3205U 1.5GHz 4GB 16GB Flash Storage (Intel HD Graphics)",19127.52,,Acer,4,16,FLASH,Intel Celeron Dual Core 3205U 1.5GHz,1,Intel HD Graphics,2,15.6,,,,Kaggle,907,https://www.kaggle.com/datasets/eslamelsolya/laptop-price-prediction,
"Lenovo Notebook 15.6"" Intel Core i5 6300HQ 2.3GHz 8GB 128GB SSD + 1TB HDD (Nvidia GeForce GTX 960M)",42037.92,,Lenovo,8,128,SSD,Intel Core i5 6300HQ 2.3GHz,5,Nvidia GeForce GTX 960M,1,15.6,,,,Kaggle,908,https://www.kaggle.com/datasets/eslamelsolya/laptop-price-prediction,
"LG Ultrabook 14.0"" Intel Core i7 7500U 2.7GHz 8GB 512GB SSD (Intel HD Graphics 620)",101178.72,,LG,8,512,SSD,Intel Core i7 7500U 2.7GHz,7,Intel HD Graphics 620,2,14.0,,,,Kaggle,909,https://www.kaggle.com/datasets/eslamelsolya/laptop-price-prediction,
"Dell Notebook 14.0"" Intel Core i5 7440HQ 2.8GHz 8GB 256GB SSD (Intel HD Graphics 620)",64202.4,,Dell,8,256,SSD,Intel Core i5 7440HQ 2.8GHz,5,Intel HD Graphics 620,2,14.0,,,,Kaggle,910,https://www.kaggle.com/datasets/eslamelsolya/laptop-price-prediction,
"HP Ultrabook 12.5"" Intel Core M 6Y75 1.2GHz 8GB 240GB SSD (Intel HD Graphics 515)",165168.0,,HP,8,240,SSD,Intel Core M 6Y75 1.2GHz,4,Intel HD Graphics 515,2,12.5,,,,Kaggle,911,https://www.kaggle.com/datasets/eslamelsolya/laptop-price-prediction,
"Lenovo Notebook 15.6"" Intel Core i7 7500U 2.7GHz 6GB 256GB SSD (Nvidia GeForce 940MX)",42037.92,,Lenovo,6,256,SSD,Intel Core i7 7500U 2.7GHz,7,Nvidia GeForce 940MX,1,15.6,,,,Kaggle,912,https://www.kaggle.com/datasets/eslamelsolya/laptop-price-prediction,
"HP Notebook 15.6"" Intel Core i7 7500U 2.7GHz 8GB 256GB SSD (Nvidia GeForce 930MX)",54291.79,,HP,8,256,SSD,Intel Core i7 7500U 2.7GHz,7,Nvidia GeForce 930MX,1,15.6,,,,Kaggle,913,https://www.kaggle.com/datasets/eslamelsolya/laptop-price-prediction,
"Acer Notebook 15.6"" Intel Core i3 7100U 2.4GHz 4GB 1TB HDD (Intel HD Graphics 620)",26586.72,,Acer,4,1024,HDD,Intel Core i3 7100U 2.4GHz,3,Intel HD Graphics 620,2,15.6,,,,Kaggle,914,https://www.kaggle.com/datasets/eslamelsolya/laptop-price-prediction,
"Lenovo Notebook 13.3"" Intel Core i5 7200U 2.5GHz 4GB 128GB SSD (Intel HD Graphics 620)",46939.68,,Lenovo,4,128,SSD,Intel Core i5 7200U 2.5GHz,5,Intel HD Graphics 620,2,13.3,,,,Kaggle,915,https://www.kaggle.com/datasets/eslamelsolya/laptop-price-prediction,
"HP Notebook 13.3"" Intel Core i5 7200U 2.5GHz 8GB 256GB SSD (Intel HD Graphics 620)",51148.8,,HP,8,256,SSD,Intel Core i5 7200U 2.5GHz,5,Intel HD Graphics 620,2,13.3,,,,Kaggle,916,https://www.kaggle.com/datasets/eslamelsolya/laptop-price-prediction,
"MSI Gaming 17.3"" Intel Core i7 7700HQ 2.8GHz 16GB 256GB SSD + 1TB HDD (Nvidia GeForce GTX 1050 Ti)",85194.72,,MSI,16,256,SSD,Intel Core i7 7700HQ 2.8GHz,7,Nvidia GeForce GTX 1050 Ti,4,17.3,,,,Kaggle,917,https://www.kaggle.com/datasets/eslamelsolya/laptop-price-prediction,
"MSI Gaming 15.6"" Intel Core i5 7300HQ 2.5GHz 8GB 128GB SSD + 1TB HDD (Nvidia GeForce GTX 1050)",59668.8,,MSI,8,128,SSD,Intel Core i5 7300HQ 2.5GHz,5,Nvidia GeForce GTX 1050,4,15.6,,,,Kaggle,919,https://www.kaggle.com/datasets/eslamelsolya/laptop-price-prediction,
"Dell Notebook 15.6"" Intel Core i5 7200U 2.5GHz 4GB 1TB HDD (AMD Radeon R5 M420)",36496.27,,Dell,4,1024,HDD,Intel Core i5 7200U 2.5GHz,5,AMD Radeon R5 M420,2,15.6,,,,Kaggle,920,https://www.kaggle.com/datasets/eslamelsolya/laptop-price-prediction,
"HP Ultrabook 15.6"" Intel Core i7 6500U 2.5GHz 8GB 256GB SSD (AMD Radeon R7 M365X)",69103.63,,HP,8,256,SSD,Intel Core i7 6500U 2.5GHz,7,AMD Radeon R7 M365X,3,15.6,,,,Kaggle,921,https://www.kaggle.com/datasets/eslamelsolya/laptop-price-prediction,
"HP Ultrabook 13.3"" Intel Core i7 7500U 2.7GHz 8GB 256GB SSD (Intel HD Graphics 620)",61218.72,,HP,8,256,SSD,Intel Core i7 7500U 2.7GHz,7,Intel HD Graphics 620,2,13.3,,,,Kaggle,922,https://www.kaggle.com/datasets/eslamelsolya/laptop-price-prediction,
"Toshiba Notebook 15.6"" Intel Core i7 6600U 2.6GHz 16GB 256GB SSD (Nvidia GeForce 930M)",105228.0,,Toshiba,16,256,SSD,Intel Core i7 6600U 2.6GHz,7,Nvidia GeForce 930M,1,15.6,,,,Kaggle,923,https://www.kaggle.com/datasets/eslamelsolya/laptop-price-prediction,
"Lenovo 2 in 1 Convertible 13.3"" Intel Core i5 7200U 2.5GHz 8GB 512GB SSD (Intel HD Graphics 620)",97236.0,,Lenovo,8,512,SSD,Intel Core i5 7200U 2.5GHz,5,Intel HD Graphics 620,2,13.3,,,,Kaggle,924,https://www.kaggle.com/datasets/eslamelsolya/laptop-price-prediction,
"Dell Notebook 15.6"" Intel Core i5 6200U 2.3GHz 4GB 500GB HDD (Intel HD Graphics 520)",38889.07,,Dell,4,500,HDD,Intel Core i5 6200U 2.3GHz,5,Intel HD Graphics 520,2,15.6,,,,Kaggle,925,https://www.kaggle.com/datasets/eslamelsolya/laptop-price-prediction,
"Lenovo Ultrabook 12.5"" Intel Core i7 7500U 2.7GHz 8GB 256GB SSD (Intel HD Graphics 620)",87912.0,,Lenovo,8,256,SSD,Intel Core i7 7500U 2.7GHz,7,Intel HD Graphics 620,2,12.5,,,,Kaggle,926,https://www.kaggle.com/datasets/eslamelsolya/laptop-price-prediction,
"HP Notebook 15.6"" Intel Core i5 6200U 2.3GHz 8GB 256GB SSD (Intel HD Graphics 520)",62071.2,,HP,8,256,SSD,Intel Core i5 6200U 2.3GHz,5,Intel HD Graphics 520,2,15.6,,,,Kaggle,927,https://www.kaggle.com/datasets/eslamelsolya/laptop-price-prediction,
"Dell Notebook 15.6"" Intel Core i5 7200U 2.5GHz 4GB 1TB HDD (Intel HD Graphics 620)",37725.44,,Dell,4,1024,HDD,Intel Core i5 7200U 2.5GHz,5,Intel HD Graphics 620,2,15.6,,,,Kaggle,928,https://www.kaggle.com/datasets/eslamelsolya/laptop-price-prediction,
"HP Notebook 14.0"" Intel Core i5 6200U 2.3GHz 4GB 500GB HDD (Intel HD Graphics 520)",61218.72,,HP,4,500,HDD,Intel Core i5 6200U 2.3GHz,5,Intel HD Graphics 520,2,14.0,,,,Kaggle,929,https://www.kaggle.com/datasets/eslamelsolya/laptop-price-prediction,
"Lenovo Notebook 15.6"" Intel Pentium Quad Core N4200 1.1GHz 4GB 1TB HDD (Intel HD Graphics 505)",16463.52,,Lenovo,4,1024,HDD,Intel Pentium Quad Core N4200 1.1GHz,2,Intel HD Graphics 505,2,15.6,,,,Kaggle,930,https://www.kaggle.com/datasets/eslamelsolya/laptop-price-prediction,
"HP Ultrabook 12.5"" Intel Core i5 6200U 2.3GHz 4GB 500GB HDD (Intel HD Graphics 520)",84129.12,,HP,4,500,HDD,Intel Core i5 6200U 2.3GHz,5,Intel HD Graphics 520,2,12.5,,,,Kaggle,931,https://www.kaggle.com/datasets/eslamelsolya/laptop-price-prediction,
"HP Notebook 15.6"" Intel Celeron Dual Core N3060 1.6GHz 4GB 1TB HDD (Intel HD Graphics 400)",15392.59,,HP,4,1024,HDD,Intel Celeron Dual Core N3060 1.6GHz,1,Intel HD Graphics 400,2,15.6,,,,Kaggle,932,https://www.kaggle.com/datasets/eslamelsolya/laptop-price-prediction,
"Lenovo 2 in 1 Convertible 13.3"" Intel Core i7 6560U 2.2GHz 16GB 1TB SSD (Intel Iris Graphics 540)",95850.72,,Lenovo,16,1024,SSD,Intel Core i7 6560U 2.2GHz,7,Intel Iris Graphics 540,3,13.3,,,,Kaggle,933,https://www.kaggle.com/datasets/eslamelsolya/laptop-price-prediction,
"Toshiba Notebook 14.0"" Intel Core i5 6200U 2.3GHz 4GB 128GB SSD (Intel HD Graphics 520)",58874.4,,Toshiba,4,128,SSD,Intel Core i5 6200U 2.3GHz,5,Intel HD Graphics 520,2,14.0,,,,Kaggle,934,https://www.kaggle.com/datasets/eslamelsolya/laptop-price-prediction,
"HP Netbook 12.5"" Intel Core i5 6200U 2.3GHz 8GB 256GB SSD (Intel HD Graphics 520)",88924.32,,HP,8,256,SSD,Intel Core i5 6200U 2.3GHz,5,Intel HD Graphics 520,2,12.5,,,,Kaggle,935,https://www.kaggle.com/datasets/eslamelsolya/laptop-price-prediction,
"Dell Notebook 15.6"" Intel Core i3 6006U 2.0GHz 4GB 1TB HDD (Intel HD Graphics 520)",29762.21,,Dell,4,1024,HDD,Intel Core i3 6006U 2.0GHz,3,Intel HD Graphics 520,2,15.6,,,,Kaggle,936,https://www.kaggle.com/datasets/eslamelsolya/laptop-price-prediction,
"MSI Gaming 15.6"" Intel Core i7 7700HQ 2.8GHz 8GB 128GB SSD + 1TB HDD (Nvidia GeForce GTX 1050)",63882.72,,MSI,8,128,SSD,Intel Core i7 7700HQ 2.8GHz,7,Nvidia GeForce GTX 1050,4,15.6,,,,Kaggle,937,https://www.kaggle.com/datasets/eslamelsolya/laptop-price-prediction,
"Dell Ultrabook 14.0"" Intel Core i5 7200U 2.5GHz 8GB 256GB SSD (Intel HD Graphics 620)",87325.92,,Dell,8,256,SSD,Intel Core i5 7200U 2.5GHz,5,Intel HD Graphics 620,2,14.0,,,,Kaggle,938,https://www.kaggle.com/datasets/eslamelsolya/laptop-price-prediction,
"Dell Gaming 17.3"" Intel Core i7 6820HK 2.7GHz 16GB 512GB SSD + 1TB HDD (Nvidia GeForce GTX 1080)",146946.24,,Dell,16,512,SSD,Intel Core i7 6820HK 2.7GHz,7,Nvidia GeForce GTX 1080,7,17.3,,,,Kaggle,939,https://www.kaggle.com/datasets/eslamelsolya/laptop-price-prediction,
"HP Gaming 17.3"" Intel Core i5 6300HQ 2.3GHz 8GB 128GB SSD + 1TB HDD (Nvidia GeForce GTX 965M)",74538.72,,HP,8,128,SSD,Intel Core i5 6300HQ 2.3GHz,5,Nvidia GeForce GTX 965M,1,17.3,,,,Kaggle,940,https://www.kaggle.com/datasets/eslamelsolya/laptop-price-prediction,
"Asus Notebook 17.3"" Intel Pentium Quad Core N3710 1.6GHz 4GB 1TB HDD (Nvidia GeForce 920MX)",28238.4,,Asus,4,1024,HDD,Intel Pentium Quad Core N3710 1.6GHz,2,Nvidia GeForce 920MX,1,17.3,,,,Kaggle,941,https://www.kaggle.com/datasets/eslamelsolya/laptop-price-prediction,
"Acer Notebook 15.6"" Intel Core i5 7200U 2.5GHz 4GB 500GB HDD (Intel HD Graphics 620)",32980.32,,Acer,4,500,HDD,Intel Core i5 7200U 2.5GHz,5,Intel HD Graphics 620,2,15.6,,,,Kaggle,942,https://www.kaggle.com/datasets/eslamelsolya/laptop-price-prediction,
"Toshiba Notebook 15.6"" Intel Core i5 6200U 2.3GHz 8GB 256GB SSD (Intel HD Graphics 520)",59620.32,,Toshiba,8,256,SSD,Intel Core i5 6200U 2.3GHz,5,Intel HD Graphics 520,2,15.6,,,,Kaggle,943,https://www.kaggle.com/datasets/eslamelsolya/laptop-price-prediction,
"Lenovo 2 in 1 Convertible 11.3"" Intel Core M m7-6Y75 1.2GHz 8GB 256GB SSD (Intel HD Graphics 515)",69210.72,,Lenovo,8,256,SSD,Intel Core M m7-6Y75 1.2GHz,4,Intel HD Graphics 515,2,11.3,,,,Kaggle,944,https://www.kaggle.com/datasets/eslamelsolya/laptop-price-prediction,
"Lenovo Gaming 15.6"" AMD FX 8800P 2.1GHz 16GB 512GB SSD + 1TB HDD (AMD Radeon R9 M385)",53226.72,,Lenovo,16,512,SSD,AMD FX 8800P 2.1GHz,4,AMD Radeon R9 M385,2,15.6,,,,Kaggle,945,https://www.kaggle.com/datasets/eslamelsolya/laptop-price-prediction,
"Dell Ultrabook 12.5"" Intel Core i5 7200U 2.5GHz 8GB 256GB SSD (Intel HD Graphics)",78438.82,,Dell,8,256,SSD,Intel Core i5 7200U 2.5GHz,5,Intel HD Graphics,2,12.5,,,,Kaggle,946,https://www.kaggle.com/datasets/eslamelsolya/laptop-price-prediction,
"Lenovo Notebook 15.6"" Intel Core i7 7500U 2.7GHz 8GB 1TB HDD (Nvidia GeForce 920MX)",36496.8,,Lenovo,8,1024,HDD,Intel Core i7 7500U 2.7GHz,7,Nvidia GeForce 920MX,1,15.6,,,,Kaggle,947,https://www.kaggle.com/datasets/eslamelsolya/laptop-price-prediction,
"Dell Notebook 17.3"" Intel Core i3 6006U 2.0GHz 4GB 1TB HDD (AMD Radeon R7 M445)",35111.52,,Dell,4,1024,HDD,Intel Core i3 6006U 2.0GHz,3,AMD Radeon R7 M445,3,17.3,,,,Kaggle,948,https://www.kaggle.com/datasets/eslamelsolya/laptop-price-prediction,
"Acer Notebook 14.0"" Intel Celeron Dual Core N3060 1.6GHz 4GB 32GB Flash Storage (Intel HD Graphics 400)",18594.72,,Acer,4,32,FLASH,Intel Celeron Dual Core N3060 1.6GHz,1,Intel HD Graphics 400,2,14.0,,,,Kaggle,949,https://www.kaggle.com/datasets/eslamelsolya/laptop-price-prediction,
"HP Workstation 15.6"" Intel Core i7 6820HQ 2.7GHz 8GB 8GB SSD (Nvidia Quadro M1000M)",119826.72,,HP,8,8,SSD,Intel Core i7 6820HQ 2.7GHz,7,Nvidia Quadro M1000M,6,15.6,,,,Kaggle,950,https://www.kaggle.com/datasets/eslamelsolya/laptop-price-prediction,
"Dell Ultrabook 14.0"" Intel Core i7 7600U 2.8GHz 8GB 256GB SSD (Intel HD Graphics 620)",94572.0,,Dell,8,256,SSD,Intel Core i7 7600U 2.8GHz,7,Intel HD Graphics 620,2,14.0,,,,Kaggle,951,https://www.kaggle.com/datasets/eslamelsolya/laptop-price-prediction,
"Toshiba Notebook 13.3"" Intel Core i5 6200U 2.3GHz 8GB 256GB SSD (Intel HD Graphics 520)",77788.8,,Toshiba,8,256,SSD,Intel Core i5 6200U 2.3GHz,5,Intel HD Graphics 520,2,13.3,,,,Kaggle,952,https://www.kaggle.com/datasets/eslamelsolya/laptop-price-prediction,
"Asus 2 in 1 Convertible 12.5"" Intel Core M M7-6Y75 1.2GHz 8GB 64GB Flash Storage (Intel HD Graphics 515)",61751.52,,Asus,8,64,FLASH,Intel Core M M7-6Y75 1.2GHz,4,Intel HD Graphics 515,2,12.5,,,,Kaggle,953,https://www.kaggle.com/datasets/eslamelsolya/laptop-price-prediction,
"Lenovo Ultrabook 14.0"" Intel Core i7 6600U 2.6GHz 8GB 256GB SSD (Intel HD Graphics 520)",79333.39,,Lenovo,8,256,SSD,Intel Core i7 6600U 2.6GHz,7,Intel HD Graphics 520,2,14.0,,,,Kaggle,954,https://www.kaggle.com/datasets/eslamelsolya/laptop-price-prediction,
"Dell Gaming 17.3"" Intel Core i7 7700HQ 2.8GHz 16GB 512GB SSD + 1TB HDD (Nvidia GeForce GTX 1070)",168045.12,,Dell,16,512,SSD,Intel Core i7 7700HQ 2.8GHz,7,Nvidia GeForce GTX 1070,6,17.3,,,,Kaggle,955,https://www.kaggle.com/datasets/eslamelsolya/laptop-price-prediction,
"Dell 2 in 1 Convertible 13.3"" Intel Core i5 7Y54 1.2GHz 8GB 256GB SSD (Intel HD Graphics 615)",101178.72,,Dell,8,256,SSD,Intel Core i5 7Y54 1.2GHz,5,Intel HD Graphics 615,2,13.3,,,,Kaggle,956,https://www.kaggle.com/datasets/eslamelsolya/laptop-price-prediction,
"HP 2 in 1 Convertible 11.6"" Intel Pentium Quad Core N4200 1.1GHz 4GB 256GB SSD (Intel HD Graphics 505)",41292.0,,HP,4,256,SSD,Intel Pentium Quad Core N4200 1.1GHz,2,Intel HD Graphics 505,2,11.6,,,,Kaggle,957,https://www.kaggle.com/datasets/eslamelsolya/laptop-price-prediction,
"Dell Ultrabook 13.3"" Intel Core i7 6500U 2.5GHz 8GB 256GB SSD (Intel HD Graphics 520)",67559.04,,Dell,8,256,SSD,Intel Core i7 6500U 2.5GHz,7,Intel HD Graphics 520,2,13.3,,,,Kaggle,958,https://www.kaggle.com/datasets/eslamelsolya/laptop-price-prediction,
"Acer 2 in 1 Convertible 11.6"" Intel Celeron Dual Core N3060 1.6GHz 4GB 32GB Flash Storage (Intel HD Graphics 400)",20725.92,,Acer,4,32,FLASH,Intel Celeron Dual Core N3060 1.6GHz,1,Intel HD Graphics 400,2,11.6,,,,Kaggle,959,https://www.kaggle.com/datasets/eslamelsolya/laptop-price-prediction,
"Toshiba Notebook 13.3"" Intel Core i5 6300U 2.4GHz 8GB 256GB SSD (Intel HD Graphics 520)",81784.8,,Toshiba,8,256,SSD,Intel Core i5 6300U 2.4GHz,5,Intel HD Graphics 520,2,13.3,,,,Kaggle,960,https://www.kaggle.com/datasets/eslamelsolya/laptop-price-prediction,
"Lenovo Ultrabook 12.5"" Intel Core i5 7300U 2.6GHz 8GB 256GB SSD (Intel HD Graphics 620)",93772.8,,Lenovo,8,256,SSD,Intel Core i5 7300U 2.6GHz,5,Intel HD Graphics 620,2,12.5,,,,Kaggle,961,https://www.kaggle.com/datasets/eslamelsolya/laptop-price-prediction,
"Acer Notebook 15.6"" Intel Core i5 7200U 2.5GHz 12GB 128GB SSD + 1TB HDD (Nvidia GeForce GTX 950M)",53759.52,,Acer,12,128,SSD,Intel Core i5 7200U 2.5GHz,5,Nvidia GeForce GTX 950M,1,15.6,,,,Kaggle,962,https://www.kaggle.com/datasets/eslamelsolya/laptop-price-prediction,
"Toshiba Ultrabook 12.5"" Intel Core i7 7500U 2.7GHz 8GB 512GB SSD (Intel HD Graphics 620)",95371.2,,Toshiba,8,512,SSD,Intel Core i7 7500U 2.7GHz,7,Intel HD Graphics 620,2,12.5,,,,Kaggle,963,https://www.kaggle.com/datasets/eslamelsolya/laptop-price-prediction,
"HP Notebook 15.6"" Intel Core i5 7200U 2.50GHz 8GB 1TB HDD (Nvidia GeForce 930MX)",45101.52,,HP,8,1024,HDD,Intel Core i5 7200U 2.50GHz,5,Nvidia GeForce 930MX,1,15.6,,,,Kaggle,964,https://www.kaggle.com/datasets/eslamelsolya/laptop-price-prediction,
"Dell Notebook 15.6"" Intel Core i3 6006U 2.0GHz 4GB 1TB HDD (AMD Radeon R5 M430)",24808.23,,Dell,4,1024,HDD,Intel Core i3 6006U 2.0GHz,3,AMD Radeon R5 M430,2,15.6,,,,Kaggle,965,https://www.kaggle.com/datasets/eslamelsolya/laptop-price-prediction,
"Dell Notebook 15.6"" Intel Core i5 7200U 2.5GHz 4GB 500GB HDD (Intel HD Graphics 620)",43956.0,,Dell,4,500,HDD,Intel Core i5 7200U 2.5GHz,5,Intel HD Graphics 620,2,15.6,,,,Kaggle,966,https://www.kaggle.com/datasets/eslamelsolya/laptop-price-prediction,
"HP Notebook 15.6"" Intel Core i3 7100U 2.4GHz 4GB 500GB HDD (Intel HD Graphics 620)",36496.8,,HP,4,500,HDD,Intel Core i3 7100U 2.4GHz,3,Intel HD Graphics 620,2,15.6,,,,Kaggle,967,https://www.kaggle.com/datasets/eslamelsolya/laptop-price-prediction,
"Dell Gaming 17.3"" Intel Core i7 7700HQ 2.8GHz 32GB 256GB SSD + 1TB HDD (Nvidia GeForce GTX 1070)",167778.72,,Dell,32,256,SSD,Intel Core i7 7700HQ 2.8GHz,7,Nvidia GeForce GTX 1070,6,17.3,,,,Kaggle,968,https://www.kaggle.com/datasets/eslamelsolya/laptop-price-prediction,
"Lenovo Notebook 15.6"" Intel Core i5 7200U 2.5GHz 6GB 256GB SSD (Nvidia GeForce 920MX)",37029.6,,Lenovo,6,256,SSD,Intel Core i5 7200U 2.5GHz,5,Nvidia GeForce 920MX,1,15.6,,,,Kaggle,969,https://www.kaggle.com/datasets/eslamelsolya/laptop-price-prediction,
"Dell 2 in 1 Convertible 13.3"" Intel Core i7 7Y75 1.3GHz 16GB 512GB SSD (Intel HD Graphics 615)",101178.72,,Dell,16,512,SSD,Intel Core i7 7Y75 1.3GHz,7,Intel HD Graphics 615,2,13.3,,,,Kaggle,970,https://www.kaggle.com/datasets/eslamelsolya/laptop-price-prediction,
"Dell Ultrabook 14.0"" Intel Core i7 6600U 2.6GHz 8GB 256GB SSD (Intel HD Graphics 520)",104587.57,,Dell,8,256,SSD,Intel Core i7 6600U 2.6GHz,7,Intel HD Graphics 520,2,14.0,,,,Kaggle,971,https://www.kaggle.com/datasets/eslamelsolya/laptop-price-prediction,
"Dell Gaming 17.3"" Intel Core i7 6700HQ 2.6GHz 32GB 256GB SSD + 1TB HDD (Nvidia GeForce GTX 1070)",149184.0,,Dell,32,256,SSD,Intel Core i7 6700HQ 2.6GHz,7,Nvidia GeForce GTX 1070,6,17.3,,,,Kaggle,972,https://www.kaggle.com/datasets/eslamelsolya/laptop-price-prediction,
"Toshiba Notebook 14.0"" Intel Core i5 6200U 2.3GHz 8GB 256GB SSD (Intel HD Graphics 520)",62870.4,,Toshiba,8,256,SSD,Intel Core i5 6200U 2.3GHz,5,Intel HD Graphics 520,2,14.0,,,,Kaggle,973,https://www.kaggle.com/datasets/eslamelsolya/laptop-price-prediction,
"Asus Gaming 17.3"" Intel Core i7 7700HQ 2.8GHz 16GB 256GB SSD + 1TB HDD (Nvidia GeForce GTX 1060)",109218.67,,Asus,16,256,SSD,Intel Core i7 7700HQ 2.8GHz,7,Nvidia GeForce GTX 1060,1,17.3,,,,Kaggle,974,https://www.kaggle.com/datasets/eslamelsolya/laptop-price-prediction,
"HP Notebook 15.6"" Intel Core i5 7200U 2.70GHz 8GB 128GB SSD + 1TB HDD (Nvidia GeForce 930MX)",52161.12,,HP,8,128,SSD,Intel Core i5 7200U 2.70GHz,5,Nvidia GeForce 930MX,1,15.6,,,,Kaggle,975,https://www.kaggle.com/datasets/eslamelsolya/laptop-price-prediction,
"Lenovo Notebook 14.0"" Intel Core i5 6200U 2.3GHz 4GB 508GB Hybrid (Intel HD Graphics 520)",53386.56,,Lenovo,4,508,HYBRID,Intel Core i5 6200U 2.3GHz,5,Intel HD Graphics 520,2,14.0,,,,Kaggle,976,https://www.kaggle.com/datasets/eslamelsolya/laptop-price-prediction,
"Asus 2 in 1 Convertible 15.6"" Intel Core i7 7500U 2.7GHz 16GB 512GB SSD + 2TB HDD (Nvidia GeForce GTX 950M)",95850.72,,Asus,16,512,SSD,Intel Core i7 7500U 2.7GHz,7,Nvidia GeForce GTX 950M,1,15.6,,,,Kaggle,977,https://www.kaggle.com/datasets/eslamelsolya/laptop-price-prediction,
"HP Notebook 15.6"" Intel Core i7 7500U 2.7GHz 6GB 1TB HDD (Intel HD Graphics 620)",30849.12,,HP,6,1024,HDD,Intel Core i7 7500U 2.7GHz,7,Intel HD Graphics 620,2,15.6,,,,Kaggle,978,https://www.kaggle.com/datasets/eslamelsolya/laptop-price-prediction,
"Asus Gaming 17.3"" Intel Core i7 7700HQ 2.8GHz 16GB 256GB SSD + 1TB HDD (Nvidia GeForce GTX 1050 Ti)",93186.72,,Asus,16,256,SSD,Intel Core i7 7700HQ 2.8GHz,7,Nvidia GeForce GTX 1050 Ti,4,17.3,,,,Kaggle,979,https://www.kaggle.com/datasets/eslamelsolya/laptop-price-prediction,
"Dell 2 in 1 Convertible 15.6"" Intel Core i7 7500U 2.7GHz 12GB 512GB SSD (Intel HD Graphics 620)",69210.72,,Dell,12,512,SSD,Intel Core i7 7500U 2.7GHz,7,Intel HD Graphics 620,2,15.6,,,,Kaggle,980,https://www.kaggle.com/datasets/eslamelsolya/laptop-price-prediction,
"Toshiba Notebook 13.3"" Intel Core i5 6200U 2.3GHz 4GB 128GB SSD (Intel HD Graphics 520)",63669.6,,Toshiba,4,128,SSD,Intel Core i5 6200U 2.3GHz,5,Intel HD Graphics 520,2,13.3,,,,Kaggle,981,https://www.kaggle.com/datasets/eslamelsolya/laptop-price-prediction,
"Lenovo Notebook 15.6"" AMD A12-Series 9720P 3.6GHz 6GB 256GB SSD (AMD Radeon 530)",29250.72,,Lenovo,6,256,SSD,AMD A12-Series 9720P 3.6GHz,4,AMD Radeon 530,2,15.6,,,,Kaggle,982,https://www.kaggle.com/datasets/eslamelsolya/laptop-price-prediction,
"Fujitsu Notebook 15.6"" Intel Core i5 6200U 2.3GHz 4GB 256GB SSD (Intel HD Graphics 520)",34578.72,,Fujitsu,4,256,SSD,Intel Core i5 6200U 2.3GHz,5,Intel HD Graphics 520,2,15.6,,,,Kaggle,983,https://www.kaggle.com/datasets/eslamelsolya/laptop-price-prediction,
"Toshiba Notebook 14.0"" Intel Core i5 6200U 2.3GHz 4GB 500GB HDD (Intel HD Graphics 520)",48751.2,,Toshiba,4,500,HDD,Intel Core i5 6200U 2.3GHz,5,Intel HD Graphics 520,2,14.0,,,,Kaggle,984,https://www.kaggle.com/datasets/eslamelsolya/laptop-price-prediction,
"Dell Notebook 15.6"" Intel Core i5 7200U 2.5GHz 4GB 500GB HDD (AMD Radeon R5 M430)",31914.72,,Dell,4,500,HDD,Intel Core i5 7200U 2.5GHz,5,AMD Radeon R5 M430,2,15.6,,,,Kaggle,985,https://www.kaggle.com/datasets/eslamelsolya/laptop-price-prediction,
"HP Notebook 15.6"" Intel Core i5 7200U 2.5GHz 8GB 1TB HDD (Intel HD Graphics 620)",42943.68,,HP,8,1024,HDD,Intel Core i5 7200U 2.5GHz,5,Intel HD Graphics 620,2,15.6,,,,Kaggle,986,https://www.kaggle.com/datasets/eslamelsolya/laptop-price-prediction,
"Lenovo Gaming 15.6"" Intel Core i7 7700HQ 2.8GHz 8GB 128GB SSD + 1TB HDD (Nvidia GeForce GTX 1060)",63349.92,,Lenovo,8,128,SSD,Intel Core i7 7700HQ 2.8GHz,7,Nvidia GeForce GTX 1060,1,15.6,,,,Kaggle,987,https://www.kaggle.com/datasets/eslamelsolya/laptop-price-prediction,
"Dell Notebook 15.6"" Intel Core i7 7500U 2.7GHz 8GB 1TB HDD (AMD Radeon R7 M445)",39906.72,,Dell,8,1024,HDD,Intel Core i7 7500U 2.7GHz,7,AMD Radeon R7 M445,3,15.6,,,,Kaggle,988,https://www.kaggle.com/datasets/eslamelsolya/laptop-price-prediction,
"Dell Notebook 14.0"" Intel Core i5 7200U 2.5GHz 8GB 128GB SSD (Intel HD Graphics 620)",59620.32,,Dell,8,128,SSD,Intel Core i5 7200U 2.5GHz,5,Intel HD Graphics 620,2,14.0,,,,Kaggle,989,https://www.kaggle.com/datasets/eslamelsolya/laptop-price-prediction,
"HP Netbook 12.5"" Intel Core M 6Y75 1.2GHz 8GB 512GB SSD (Intel HD Graphics 515)",101658.24,,HP,8,512,SSD,Intel Core M 6Y75 1.2GHz,4,Intel HD Graphics 515,2,12.5,,,,Kaggle,990,https://www.kaggle.com/datasets/eslamelsolya/laptop-price-prediction,
"HP Notebook 15.6"" Intel Core i3 6006U 2GHz 4GB 128GB SSD + 1TB HDD (AMD Radeon 520)",26586.72,,HP,4,128,SSD,Intel Core i3 6006U 2GHz,3,AMD Radeon 520,2,15.6,,,,Kaggle,991,https://www.kaggle.com/datasets/eslamelsolya/laptop-price-prediction,
"Lenovo Notebook 15.6"" Intel Celeron Dual Core N3350 1.1GHz 4GB 128GB SSD (Intel HD Graphics 500)",14418.63,,Lenovo,4,128,SSD,Intel Celeron Dual Core N3350 1.1GHz,1,Intel HD Graphics 500,2,15.6,,,,Kaggle,992,https://www.kaggle.com/datasets/eslamelsolya/laptop-price-prediction,
"Lenovo Notebook 15.6"" Intel Core i5 6200U 2.3GHz 8GB 256GB SSD (Intel HD Graphics 520)",71874.72,,Lenovo,8,256,SSD,Intel Core i5 6200U 2.3GHz,5,Intel HD Graphics 520,2,15.6,,,,Kaggle,993,https://www.kaggle.com/datasets/eslamelsolya/laptop-price-prediction,
"Dell 2 in 1 Convertible 13.3"" Intel Core i5 7200U 2.5GHz 8GB 256GB SSD (Intel HD Graphics 620)",47365.92,,Dell,8,256,SSD,Intel Core i5 7200U 2.5GHz,5,Intel HD Graphics 620,2,13.3,,,,Kaggle,994,https://www.kaggle.com/datasets/eslamelsolya/laptop-price-prediction,
"Asus Notebook 13.3"" Intel Core i5 7200U 2.5GHz 8GB 256GB SSD (Intel HD Graphics 620)",61272.0,,Asus,8,256,SSD,Intel Core i5 7200U 2.5GHz,5,Intel HD Graphics 620,2,13.3,,,,Kaggle,995,https://www.kaggle.com/datasets/eslamelsolya/laptop-price-prediction,
"HP Ultrabook 13.3"" Intel Core i7 7500U 2.7GHz 8GB 256GB SSD (Intel HD Graphics 620)",71874.72,,HP,8,256,SSD,Intel Core i7 7500U 2.7GHz,7,Intel HD Graphics 620,2,13.3,,,,Kaggle,996,https://www.kaggle.com/datasets/eslamelsolya/laptop-price-prediction,
"Acer Notebook 15.6"" Intel Pentium Quad Core N4200 1.1GHz 4GB 500GB HDD (Intel HD Graphics 505)",20246.4,,Acer,4,500,HDD,Intel Pentium Quad Core N4200 1.1GHz,2,Intel HD Graphics 505,2,15.6,,,,Kaggle,997,https://www.kaggle.com/datasets/eslamelsolya/laptop-price-prediction,
"Asus Gaming 15.6"" Intel Core i7 7700HQ 2.8GHz 16GB 256GB SSD + 1TB HDD (Nvidia GeForce GTX 1050 Ti)",95850.72,,Asus,16,256,SSD,Intel Core i7 7700HQ 2.8GHz,7,Nvidia GeForce GTX 1050 Ti,4,15.6,,,,Kaggle,998,https://www.kaggle.com/datasets/eslamelsolya/laptop-price-prediction,
"HP Ultrabook 14.0"" Intel Core i7 7500U 2.7GHz 8GB 512GB SSD (Intel HD Graphics 620)",111301.92,,HP,8,512,SSD,Intel Core i7 7500U 2.7GHz,7,Intel HD Graphics 620,2,14.0,,,,Kaggle,999,https://www.kaggle.com/datasets/eslamelsolya/laptop-price-prediction,
"Acer Gaming 15.6"" Intel Core i7 7700HQ 2.8GHz 8GB 128GB SSD + 1TB HDD (Nvidia GeForce GTX 1050)",67132.8,,Acer,8,128,SSD,Intel Core i7 7700HQ 2.8GHz,7,Nvidia GeForce GTX 1050,4,15.6,,,,Kaggle,1000,https://www.kaggle.com/datasets/eslamelsolya/laptop-price-prediction,
"HP Notebook 13.3"" Intel Core i5 7200U 2.5GHz 8GB 256GB SSD (Intel HD Graphics 620)",63349.92,,HP,8,256,SSD,Intel Core i5 7200U 2.5GHz,5,Intel HD Graphics 620,2,13.3,,,,Kaggle,1001,https://www.kaggle.com/datasets/eslamelsolya/laptop-price-prediction,
"Dell Notebook 15.6"" Intel Core i3 7100U 2.4GHz 4GB 128GB SSD (Intel HD Graphics 620)",29144.16,,Dell,4,128,SSD,Intel Core i3 7100U 2.4GHz,3,Intel HD Graphics 620,2,15.6,,,,Kaggle,1002,https://www.kaggle.com/datasets/eslamelsolya/laptop-price-prediction,
"HP Notebook 14.0"" Intel Core i5 7200U 2.5GHz 4GB 500GB HDD (Intel HD Graphics 620)",41505.12,,HP,4,500,HDD,Intel Core i5 7200U 2.5GHz,5,Intel HD Graphics 620,2,14.0,,,,Kaggle,1003,https://www.kaggle.com/datasets/eslamelsolya/laptop-price-prediction,
"HP Notebook 14.0"" Intel Core i5 6300U 2.4GHz 4GB 256GB SSD (Intel HD Graphics 520)",58607.47,,HP,4,256,SSD,Intel Core i5 6300U 2.4GHz,5,Intel HD Graphics 520,2,14.0,,,,Kaggle,1005,https://www.kaggle.com/datasets/eslamelsolya/laptop-price-prediction,
"HP Notebook 14.0"" Intel Core i5 7200U 2.5GHz 4GB 256GB SSD (Intel HD Graphics 620)",64202.4,,HP,4,256,SSD,Intel Core i5 7200U 2.5GHz,5,Intel HD Graphics 620,2,14.0,,,,Kaggle,1006,https://www.kaggle.com/datasets/eslamelsolya/laptop-price-prediction,
"HP Ultrabook 14.0"" Intel Core i7 6600U 2.6GHz 8GB 256GB SSD (Intel HD Graphics 520)",77202.72,,HP,8,256,SSD,Intel Core i7 6600U 2.6GHz,7,Intel HD Graphics 520,2,14.0,,,,Kaggle,1007,https://www.kaggle.com/datasets/eslamelsolya/laptop-price-prediction,
"HP Notebook 14.0"" Intel Core i5 7200U 2.5GHz 8GB 256GB SSD (Nvidia GeForce 930MX)",55904.57,,HP,8,256,SSD,Intel Core i5 7200U 2.5GHz,5,Nvidia GeForce 930MX,1,14.0,,,,Kaggle,1008,https://www.kaggle.com/datasets/eslamelsolya/laptop-price-prediction,
"HP Notebook 14.0"" Intel Core i3 7100U 2.4GHz 4GB 500GB HDD (Intel HD Graphics 620)",36443.52,,HP,4,500,HDD,Intel Core i3 7100U 2.4GHz,3,Intel HD Graphics 620,2,14.0,,,,Kaggle,1009,https://www.kaggle.com/datasets/eslamelsolya/laptop-price-prediction,
"Dell Gaming 15.6"" Intel Core i5 7300HQ 2.5GHz 8GB 1.0TB Hybrid (Nvidia GeForce GTX 1050)",50562.72,,Dell,8,1024,HYBRID,Intel Core i5 7300HQ 2.5GHz,5,Nvidia GeForce GTX 1050,4,15.6,,,,Kaggle,1010,https://www.kaggle.com/datasets/eslamelsolya/laptop-price-prediction,
"HP Ultrabook 12.5"" Intel Core i5 7200U 2.5GHz 4GB 500GB HDD (Intel HD Graphics 620)",81997.92,,HP,4,500,HDD,Intel Core i5 7200U 2.5GHz,5,Intel HD Graphics 620,2,12.5,,,,Kaggle,1011,https://www.kaggle.com/datasets/eslamelsolya/laptop-price-prediction,
"HP Notebook 14.0"" Intel Core i5 7200U 2.5GHz 4GB 256GB SSD (Intel HD Graphics 620)",84715.2,,HP,4,256,SSD,Intel Core i5 7200U 2.5GHz,5,Intel HD Graphics 620,2,14.0,,,,Kaggle,1012,https://www.kaggle.com/datasets/eslamelsolya/laptop-price-prediction,
"HP Ultrabook 14.0"" Intel Core i7 6500U 2.5GHz 8GB 256GB SSD (Intel HD Graphics 520)",100550.55,,HP,8,256,SSD,Intel Core i7 6500U 2.5GHz,7,Intel HD Graphics 520,2,14.0,,,,Kaggle,1013,https://www.kaggle.com/datasets/eslamelsolya/laptop-price-prediction,
"HP Notebook 13.3"" Intel Core i3 7100U 2.4GHz 4GB 500GB HDD (Intel HD Graphics 620)",42624.0,,HP,4,500,HDD,Intel Core i3 7100U 2.4GHz,3,Intel HD Graphics 620,2,13.3,,,,Kaggle,1014,https://www.kaggle.com/datasets/eslamelsolya/laptop-price-prediction,
"Toshiba Notebook 13.3"" Intel Core i5 6200U 2.3GHz 8GB 256GB SSD (Intel HD Graphics 520)",64468.8,,Toshiba,8,256,SSD,Intel Core i5 6200U 2.3GHz,5,Intel HD Graphics 520,2,13.3,,,,Kaggle,1015,https://www.kaggle.com/datasets/eslamelsolya/laptop-price-prediction,
"HP Notebook 15.6"" Intel Core i3 7100U 2.4GHz 4GB 256GB SSD (Intel HD Graphics 620)",41025.07,,HP,4,256,SSD,Intel Core i3 7100U 2.4GHz,3,Intel HD Graphics 620,2,15.6,,,,Kaggle,1016,https://www.kaggle.com/datasets/eslamelsolya/laptop-price-prediction,
"Lenovo Notebook 17.3"" Intel Core i7 6820HQ 2.7GHz 16GB 512GB SSD (Nvidia Quadro 3000M)",158135.04,,Lenovo,16,512,SSD,Intel Core i7 6820HQ 2.7GHz,7,Nvidia Quadro 3000M,6,17.3,,,,Kaggle,1017,https://www.kaggle.com/datasets/eslamelsolya/laptop-price-prediction,
"Toshiba Notebook 14.0"" Intel Core i5 6200U 2.3GHz 8GB 256GB SSD (Intel HD Graphics 520)",79387.2,,Toshiba,8,256,SSD,Intel Core i5 6200U 2.3GHz,5,Intel HD Graphics 520,2,14.0,,,,Kaggle,1018,https://www.kaggle.com/datasets/eslamelsolya/laptop-price-prediction,
"HP Notebook 14.0"" Intel Core i7 6500U 2.5GHz 8GB 256GB SSD (Intel HD Graphics 520)",118761.12,,HP,8,256,SSD,Intel Core i7 6500U 2.5GHz,7,Intel HD Graphics 520,2,14.0,,,,Kaggle,1019,https://www.kaggle.com/datasets/eslamelsolya/laptop-price-prediction,
"Dell 2 in 1 Convertible 15.6"" Intel Core i3 6100U 2.3GHz 4GB 1TB HDD (Intel HD Graphics 520)",42410.35,,Dell,4,1024,HDD,Intel Core i3 6100U 2.3GHz,3,Intel HD Graphics 520,2,15.6,,,,Kaggle,1020,https://www.kaggle.com/datasets/eslamelsolya/laptop-price-prediction,
"Toshiba Ultrabook 13.3"" Intel Core i5 6200U 2.3GHz 8GB 256GB SSD (Intel HD Graphics 520)",84715.2,,Toshiba,8,256,SSD,Intel Core i5 6200U 2.3GHz,5,Intel HD Graphics 520,2,13.3,,,,Kaggle,1021,https://www.kaggle.com/datasets/eslamelsolya/laptop-price-prediction,
"HP Notebook 13.3"" Intel Core i5 7200U 2.5GHz 8GB 256GB SSD (Intel HD Graphics 620)",61218.72,,HP,8,256,SSD,Intel Core i5 7200U 2.5GHz,5,Intel HD Graphics 620,2,13.3,,,,Kaggle,1022,https://www.kaggle.com/datasets/eslamelsolya/laptop-price-prediction,
"HP Notebook 14.0"" Intel Core i7 7500U 2.7GHz 8GB 256GB SSD (Nvidia GeForce 930MX)",63159.71,,HP,8,256,SSD,Intel Core i7 7500U 2.7GHz,7,Nvidia GeForce 930MX,1,14.0,,,,Kaggle,1023,https://www.kaggle.com/datasets/eslamelsolya/laptop-price-prediction,
"Dell Notebook 15.6"" Intel Core i5 6300U 2.4GHz 8GB 500GB HDD (Intel HD Graphics 520)",55754.32,,Dell,8,500,HDD,Intel Core i5 6300U 2.4GHz,5,Intel HD Graphics 520,2,15.6,,,,Kaggle,1024,https://www.kaggle.com/datasets/eslamelsolya/laptop-price-prediction,
"HP Ultrabook 12.5"" Intel Core i5 7200U 2.5GHz 4GB 256GB SSD (Intel HD Graphics 620)",83063.52,,HP,4,256,SSD,Intel Core i5 7200U 2.5GHz,5,Intel HD Graphics 620,2,12.5,,,,Kaggle,1025,https://www.kaggle.com/datasets/eslamelsolya/laptop-price-prediction,
"HP Notebook 14.0"" Intel Core i5 7200U 2.5GHz 4GB 500GB HDD (Intel HD Graphics 620)",63349.92,,HP,4,500,HDD,Intel Core i5 7200U 2.5GHz,5,Intel HD Graphics 620,2,14.0,,,,Kaggle,1026,https://www.kaggle.com/datasets/eslamelsolya/laptop-price-prediction,
"HP Notebook 14.0"" Intel Core i5 7200U 2.5GHz 4GB 500GB HDD (Intel HD Graphics 620)",56476.8,,HP,4,500,HDD,Intel Core i5 7200U 2.5GHz,5,Intel HD Graphics 620,2,14.0,,,,Kaggle,1027,https://www.kaggle.com/datasets/eslamelsolya/laptop-price-prediction,
"Dell Ultrabook 13.3"" Intel Core i5 7200U 2.5GHz 8GB 256GB SSD (Intel HD Graphics 620)",86526.72,,Dell,8,256,SSD,Intel Core i5 7200U 2.5GHz,5,Intel HD Graphics 620,2,13.3,,,,Kaggle,1028,https://www.kaggle.com/datasets/eslamelsolya/laptop-price-prediction,
"HP Notebook 17.3"" Intel Core i5 7200U 2.5GHz 8GB 256GB SSD (Nvidia GeForce 930MX)",57542.4,,HP,8,256,SSD,Intel Core i5 7200U 2.5GHz,5,Nvidia GeForce 930MX,1,17.3,,,,Kaggle,1029,https://www.kaggle.com/datasets/eslamelsolya/laptop-price-prediction,
"HP Notebook 14.0"" Intel Core i5 7200U 2.5GHz 4GB 256GB SSD (Intel HD Graphics 620)",51841.44,,HP,4,256,SSD,Intel Core i5 7200U 2.5GHz,5,Intel HD Graphics 620,2,14.0,,,,Kaggle,1030,https://www.kaggle.com/datasets/eslamelsolya/laptop-price-prediction,
"Acer Notebook 15.6"" AMD A9-Series 9420 3GHz 6GB 1TB HDD (AMD Radeon R5)",21791.52,,Acer,6,1024,HDD,AMD A9-Series 9420 3GHz,2,AMD Radeon R5,2,15.6,,,,Kaggle,1031,https://www.kaggle.com/datasets/eslamelsolya/laptop-price-prediction,
"MSI Gaming 17.3"" Intel Core i7 7700HQ 2.8GHz 8GB 128GB SSD + 1TB HDD (Nvidia GeForce GTX 1050)",63499.1,,MSI,8,128,SSD,Intel Core i7 7700HQ 2.8GHz,7,Nvidia GeForce GTX 1050,4,17.3,,,,Kaggle,1032,https://www.kaggle.com/datasets/eslamelsolya/laptop-price-prediction,
"HP Notebook 14.0"" Intel Core i5 6200U 2.3GHz 8GB 256GB SSD (Intel HD Graphics 520)",63669.6,,HP,8,256,SSD,Intel Core i5 6200U 2.3GHz,5,Intel HD Graphics 520,2,14.0,,,,Kaggle,1033,https://www.kaggle.com/datasets/eslamelsolya/laptop-price-prediction,
"HP Notebook 15.6"" Intel Core i7 6500U 2.5GHz 8GB 256GB SSD (Intel HD Graphics 520)",65480.59,,HP,8,256,SSD,Intel Core i7 6500U 2.5GHz,7,Intel HD Graphics 520,2,15.6,,,,Kaggle,1034,https://www.kaggle.com/datasets/eslamelsolya/laptop-price-prediction,
"HP Ultrabook 12.5"" Intel Core i7 6500U 2.5GHz 8GB 256GB SSD (Intel HD Graphics 520)",71874.72,,HP,8,256,SSD,Intel Core i7 6500U 2.5GHz,7,Intel HD Graphics 520,2,12.5,,,,Kaggle,1035,https://www.kaggle.com/datasets/eslamelsolya/laptop-price-prediction,
"HP Notebook 15.6"" Intel Core i5 7200U 2.5GHz 4GB 500GB HDD (Intel HD Graphics 620)",39533.76,,HP,4,500,HDD,Intel Core i5 7200U 2.5GHz,5,Intel HD Graphics 620,2,15.6,,,,Kaggle,1036,https://www.kaggle.com/datasets/eslamelsolya/laptop-price-prediction,
"Toshiba Ultrabook 14.0"" Intel Core i7 6600U 2.6GHz 8GB 256GB SSD (Intel HD Graphics 520)",91908.0,,Toshiba,8,256,SSD,Intel Core i7 6600U 2.6GHz,7,Intel HD Graphics 520,2,14.0,,,,Kaggle,1037,https://www.kaggle.com/datasets/eslamelsolya/laptop-price-prediction,
"Dell Notebook 15.6"" Intel Core i5 6300U 2.4GHz 8GB 256GB SSD (Intel HD Graphics 520)",56633.98,,Dell,8,256,SSD,Intel Core i5 6300U 2.4GHz,5,Intel HD Graphics 520,2,15.6,,,,Kaggle,1038,https://www.kaggle.com/datasets/eslamelsolya/laptop-price-prediction,
"HP Notebook 14.0"" Intel Core i5 7200U 2.5GHz 8GB 256GB SSD (Intel HD Graphics 620)",53839.97,,HP,8,256,SSD,Intel Core i5 7200U 2.5GHz,5,Intel HD Graphics 620,2,14.0,,,,Kaggle,1039,https://www.kaggle.com/datasets/eslamelsolya/laptop-price-prediction,
"Lenovo 2 in 1 Convertible 15.6"" Intel Core i7 6500U 2.5GHz 4GB 256GB SSD (Intel HD Graphics 520)",45128.16,,Lenovo,4,256,SSD,Intel Core i7 6500U 2.5GHz,7,Intel HD Graphics 520,2,15.6,,,,Kaggle,1040,https://www.kaggle.com/datasets/eslamelsolya/laptop-price-prediction,
"Vero Notebook 14.0"" Intel Atom X5-Z8350 1.44GHz 2GB 32GB Flash Storage (Intel HD Graphics 400)",11231.42,,Vero,2,32,FLASH,Intel Atom X5-Z8350 1.44GHz,1,Intel HD Graphics 400,2,14.0,,,,Kaggle,1041,https://www.kaggle.com/datasets/eslamelsolya/laptop-price-prediction,
"Toshiba Notebook 15.6"" Intel Core i7 6500U 2.5GHz 16GB 256GB SSD (Nvidia GeForce 930M)",75924.0,,Toshiba,16,256,SSD,Intel Core i7 6500U 2.5GHz,7,Nvidia GeForce 930M,1,15.6,,,,Kaggle,1042,https://www.kaggle.com/datasets/eslamelsolya/laptop-price-prediction,
"Lenovo Notebook 15.6"" Intel Core i5 6200U 2.3GHz 8GB 256GB SSD (Intel HD Graphics 520)",55922.69,,Lenovo,8,256,SSD,Intel Core i5 6200U 2.3GHz,5,Intel HD Graphics 520,2,15.6,,,,Kaggle,1043,https://www.kaggle.com/datasets/eslamelsolya/laptop-price-prediction,
"HP Notebook 14.0"" Intel Core i5 6200U 2.3GHz 4GB 500GB HDD (Intel HD Graphics 520)",53280.0,,HP,4,500,HDD,Intel Core i5 6200U 2.3GHz,5,Intel HD Graphics 520,2,14.0,,,,Kaggle,1044,https://www.kaggle.com/datasets/eslamelsolya/laptop-price-prediction,
"HP Notebook 15.6"" Intel Core i5 6300U 2.4GHz 8GB 256GB SSD + 500GB HDD (Intel HD Graphics 520)",112065.96,,HP,8,256,SSD,Intel Core i5 6300U 2.4GHz,5,Intel HD Graphics 520,2,15.6,,,,Kaggle,1045,https://www.kaggle.com/datasets/eslamelsolya/laptop-price-prediction,
"HP Notebook 14.0"" Intel Core i5 6200U 2.3GHz 8GB 256GB SSD (Intel HD Graphics 520)",78268.32,,HP,8,256,SSD,Intel Core i5 6200U 2.3GHz,5,Intel HD Graphics 520,2,14.0,,,,Kaggle,1046,https://www.kaggle.com/datasets/eslamelsolya/laptop-price-prediction,
"MSI Gaming 17.3"" Intel Core i7 6820HK 2.7GHz 16GB 256GB SSD + 1TB HDD (Nvidia GeForce GTX 980M)",82351.7,,MSI,16,256,SSD,Intel Core i7 6820HK 2.7GHz,7,Nvidia GeForce GTX 980M,5,17.3,,,,Kaggle,1047,https://www.kaggle.com/datasets/eslamelsolya/laptop-price-prediction,
"Lenovo Gaming 17.3"" Intel Core i7 6700HQ 2.6GHz 16GB 128GB SSD + 1TB HDD (Nvidia GeForce GTX 980M)",122010.67,,Lenovo,16,128,SSD,Intel Core i7 6700HQ 2.6GHz,7,Nvidia GeForce GTX 980M,5,17.3,,,,Kaggle,1048,https://www.kaggle.com/datasets/eslamelsolya/laptop-price-prediction,
"Asus Netbook 11.6"" Intel Celeron Dual Core N3060 1.6GHz 4GB 16GB Flash Storage (Intel HD Graphics 400)",15339.31,,Asus,4,16,FLASH,Intel Celeron Dual Core N3060 1.6GHz,1,Intel HD Graphics 400,2,11.6,,,,Kaggle,1049,https://www.kaggle.com/datasets/eslamelsolya/laptop-price-prediction,
"Lenovo Notebook 14.0"" Intel Core i7 6600U 2.6GHz 16GB 256GB SSD (Intel HD Graphics 520)",139593.6,,Lenovo,16,256,SSD,Intel Core i7 6600U 2.6GHz,7,Intel HD Graphics 520,2,14.0,,,,Kaggle,1050,https://www.kaggle.com/datasets/eslamelsolya/laptop-price-prediction,
"HP Notebook 15.6"" Intel Core i7 7500U 2.7GHz 8GB 1TB HDD (Nvidia GeForce 940MX)",52161.12,,HP,8,1024,HDD,Intel Core i7 7500U 2.7GHz,7,Nvidia GeForce 940MX,1,15.6,,,,Kaggle,1051,https://www.kaggle.com/datasets/eslamelsolya/laptop-price-prediction,
"Dell 2 in 1 Convertible 15.6"" Intel Core i5 7200U 2.7GHz 8GB 256GB SSD (Intel HD Graphics 620)",58288.32,,Dell,8,256,SSD,Intel Core i5 7200U 2.7GHz,5,Intel HD Graphics 620,2,15.6,,,,Kaggle,1052,https://www.kaggle.com/datasets/eslamelsolya/laptop-price-prediction,
"HP Notebook 15.6"" Intel Core i5 7200U 2.5GHz 4GB 256GB SSD (Intel HD Graphics 620)",52161.12,,HP,4,256,SSD,Intel Core i5 7200U 2.5GHz,5,Intel HD Graphics 620,2,15.6,,,,Kaggle,1053,https://www.kaggle.com/datasets/eslamelsolya/laptop-price-prediction,
"Dell Ultrabook 13.3"" Intel Core i7 7500U 2.7GHz 16GB 1TB SSD (Intel HD Graphics 620)",120093.12,,Dell,16,1024,SSD,Intel Core i7 7500U 2.7GHz,7,Intel HD Graphics 620,2,13.3,,,,Kaggle,1054,https://www.kaggle.com/datasets/eslamelsolya/laptop-price-prediction,
"HP Notebook 15.6"" Intel Core i3 6100U 2.3GHz 4GB 500GB HDD (Intel HD Graphics 520)",37570.39,,HP,4,500,HDD,Intel Core i3 6100U 2.3GHz,3,Intel HD Graphics 520,2,15.6,,,,Kaggle,1055,https://www.kaggle.com/datasets/eslamelsolya/laptop-price-prediction,
"HP Notebook 15.6"" Intel Core i5 7200U 2.5GHz 4GB 500GB HDD (Intel HD Graphics 620)",26586.72,,HP,4,500,HDD,Intel Core i5 7200U 2.5GHz,5,Intel HD Graphics 620,2,15.6,,,,Kaggle,1056,https://www.kaggle.com/datasets/eslamelsolya/laptop-price-prediction,
"Acer Notebook 15.6"" AMD A8-Series 7410 2.2GHz 8GB 1TB HDD (AMD Radeon R5)",23922.72,,Acer,8,1024,HDD,AMD A8-Series 7410 2.2GHz,4,AMD Radeon R5,2,15.6,,,,Kaggle,1057,https://www.kaggle.com/datasets/eslamelsolya/laptop-price-prediction,
"Dell 2 in 1 Convertible 13.3"" Intel Core i7 7500U 2.7GHz 12GB 256GB SSD (Intel HD Graphics 620)",69210.72,,Dell,12,256,SSD,Intel Core i7 7500U 2.7GHz,7,Intel HD Graphics 620,2,13.3,,,,Kaggle,1058,https://www.kaggle.com/datasets/eslamelsolya/laptop-price-prediction,
"MSI Gaming 15.6"" Intel Core i7 6700HQ 2.6GHz 16GB 256GB SSD + 1TB HDD (Nvidia GeForce GTX 1060)",96916.32,,MSI,16,256,SSD,Intel Core i7 6700HQ 2.6GHz,7,Nvidia GeForce GTX 1060,1,15.6,,,,Kaggle,1059,https://www.kaggle.com/datasets/eslamelsolya/laptop-price-prediction,
"HP Notebook 15.6"" Intel Core i7 7500U 2.7GHz 8GB 256GB SSD (Intel HD Graphics 620)",57009.6,,HP,8,256,SSD,Intel Core i7 7500U 2.7GHz,7,Intel HD Graphics 620,2,15.6,,,,Kaggle,1060,https://www.kaggle.com/datasets/eslamelsolya/laptop-price-prediction,
"Asus Gaming 17.3"" Intel Core i7 6700HQ 2.6GHz 16GB 1TB HDD (Nvidia GeForce GTX 965M)",53173.44,,Asus,16,1024,HDD,Intel Core i7 6700HQ 2.6GHz,7,Nvidia GeForce GTX 965M,1,17.3,,,,Kaggle,1061,https://www.kaggle.com/datasets/eslamelsolya/laptop-price-prediction,
"Dell Notebook 15.6"" Intel Core i5 7200U 2.5GHz 4GB 1TB HDD (Intel HD Graphics)",29783.52,,Dell,4,1024,HDD,Intel Core i5 7200U 2.5GHz,5,Intel HD Graphics,2,15.6,,,,Kaggle,1062,https://www.kaggle.com/datasets/eslamelsolya/laptop-price-prediction,
"Dell Notebook 15.6"" Intel Core i7 7500U 2.7GHz 16GB 2TB HDD (AMD Radeon R7 M445)",52746.67,,Dell,16,2048,HDD,Intel Core i7 7500U 2.7GHz,7,AMD Radeon R7 M445,3,15.6,,,,Kaggle,1063,https://www.kaggle.com/datasets/eslamelsolya/laptop-price-prediction,
"MSI Gaming 15.6"" Intel Core i7 6700HQ 2.6GHz 16GB 256GB SSD + 1TB HDD (Nvidia GeForce GTX 1060)",102777.12,,MSI,16,256,SSD,Intel Core i7 6700HQ 2.6GHz,7,Nvidia GeForce GTX 1060,1,15.6,,,,Kaggle,1064,https://www.kaggle.com/datasets/eslamelsolya/laptop-price-prediction,
"Dell Ultrabook 13.3"" Intel Core i7 7500U 2.7GHz 8GB 256GB SSD (Intel HD Graphics 620)",77682.24,,Dell,8,256,SSD,Intel Core i7 7500U 2.7GHz,7,Intel HD Graphics 620,2,13.3,,,,Kaggle,1065,https://www.kaggle.com/datasets/eslamelsolya/laptop-price-prediction,
"Asus Gaming 17.3"" Intel Core i7 6820HK 2.7GHz 64GB 1TB SSD (Nvidia GeForce GTX 980)",211788.0,,Asus,64,1024,SSD,Intel Core i7 6820HK 2.7GHz,7,Nvidia GeForce GTX 980,5,17.3,,,,Kaggle,1066,https://www.kaggle.com/datasets/eslamelsolya/laptop-price-prediction,
"Dell 2 in 1 Convertible 13.3"" Intel Core i7 6500U 2.5GHz 8GB 256GB SSD (Intel HD Graphics 520)",42517.97,,Dell,8,256,SSD,Intel Core i7 6500U 2.5GHz,7,Intel HD Graphics 520,2,13.3,,,,Kaggle,1067,https://www.kaggle.com/datasets/eslamelsolya/laptop-price-prediction,
"Dell Gaming 15.6"" Intel Core i7 6700HQ 2.6GHz 16GB 256GB SSD + 1TB HDD (Nvidia GeForce GTX 970M)",70809.12,,Dell,16,256,SSD,Intel Core i7 6700HQ 2.6GHz,7,Nvidia GeForce GTX 970M,1,15.6,,,,Kaggle,1068,https://www.kaggle.com/datasets/eslamelsolya/laptop-price-prediction,
"Apple Ultrabook 12.0"" Intel Core M 1.1GHz 8GB 256GB Flash Storage (Intel HD Graphics 515)",69264.0,,Apple,8,256,FLASH,Intel Core M 1.1GHz,4,Intel HD Graphics 515,2,12.0,,,,Kaggle,1069,https://www.kaggle.com/datasets/eslamelsolya/laptop-price-prediction,
"Dell Notebook 15.6"" Intel Core i3 6100U 2.3GHz 4GB 500GB HDD (Intel HD Graphics 520)",25679.89,,Dell,4,500,HDD,Intel Core i3 6100U 2.3GHz,3,Intel HD Graphics 520,2,15.6,,,,Kaggle,1070,https://www.kaggle.com/datasets/eslamelsolya/laptop-price-prediction,
"HP Notebook 15.6"" Intel Core i5 6200U 2.3GHz 4GB 500GB HDD (Intel HD Graphics 520)",63882.72,,HP,4,500,HDD,Intel Core i5 6200U 2.3GHz,5,Intel HD Graphics 520,2,15.6,,,,Kaggle,1071,https://www.kaggle.com/datasets/eslamelsolya/laptop-price-prediction,
"HP Ultrabook 12.5"" Intel Core i5 6200U 2.3GHz 8GB 256GB SSD (Intel HD Graphics 520)",63882.72,,HP,8,256,SSD,Intel Core i5 6200U 2.3GHz,5,Intel HD Graphics 520,2,12.5,,,,Kaggle,1072,https://www.kaggle.com/datasets/eslamelsolya/laptop-price-prediction,
"HP Notebook 13.3"" Intel Core i7 7500U 2.7GHz 8GB 256GB SSD (Intel HD Graphics 620)",58075.2,,HP,8,256,SSD,Intel Core i7 7500U 2.7GHz,7,Intel HD Graphics 620,2,13.3,,,,Kaggle,1073,https://www.kaggle.com/datasets/eslamelsolya/laptop-price-prediction,
"Lenovo Ultrabook 12.5"" Intel Core i7 6500U 2.5GHz 8GB 256GB SSD (Intel HD Graphics 520)",91294.75,,Lenovo,8,256,SSD,Intel Core i7 6500U 2.5GHz,7,Intel HD Graphics 520,2,12.5,,,,Kaggle,1074,https://www.kaggle.com/datasets/eslamelsolya/laptop-price-prediction,
"Lenovo Notebook 17.3"" Intel Core i5 6200U 2.3GHz 8GB 1.0TB HDD (AMD Radeon R5 M330)",35111.52,,Lenovo,8,1024,HDD,Intel Core i5 6200U 2.3GHz,5,AMD Radeon R5 M330,2,17.3,,,,Kaggle,1075,https://www.kaggle.com/datasets/eslamelsolya/laptop-price-prediction,
"Lenovo Notebook 15.6"" Intel Core i5 6300HQ 2.3GHz 4GB 1TB HDD (Nvidia GeForce GTX 950M)",52054.56,,Lenovo,4,1024,HDD,Intel Core i5 6300HQ 2.3GHz,5,Nvidia GeForce GTX 950M,1,15.6,,,,Kaggle,1076,https://www.kaggle.com/datasets/eslamelsolya/laptop-price-prediction,
"MSI Gaming 17.3"" Intel Core i7 7700HQ 2.8GHz 16GB 256GB SSD + 1TB HDD (Nvidia GeForce GTX 1070)",133146.72,,MSI,16,256,SSD,Intel Core i7 7700HQ 2.8GHz,7,Nvidia GeForce GTX 1070,6,17.3,,,,Kaggle,1077,https://www.kaggle.com/datasets/eslamelsolya/laptop-price-prediction,
"Lenovo Notebook 15.6"" Intel Core i5 6200U 2.3GHz 4GB 500GB HDD (Intel HD Graphics 520)",28771.2,,Lenovo,4,500,HDD,Intel Core i5 6200U 2.3GHz,5,Intel HD Graphics 520,2,15.6,,,,Kaggle,1078,https://www.kaggle.com/datasets/eslamelsolya/laptop-price-prediction,
"HP Notebook 15.6"" Intel Core i5 6200U 2.3GHz 4GB 500GB HDD (Intel HD Graphics 520)",50083.2,,HP,4,500,HDD,Intel Core i5 6200U 2.3GHz,5,Intel HD Graphics 520,2,15.6,,,,Kaggle,1079,https://www.kaggle.com/datasets/eslamelsolya/laptop-price-prediction,
"Lenovo Ultrabook 12.5"" Intel Core M 6Y75 1.2GHz 8GB 512GB SSD (Intel HD Graphics 515)",74538.72,,Lenovo,8,512,SSD,Intel Core M 6Y75 1.2GHz,4,Intel HD Graphics 515,2,12.5,,,,Kaggle,1080,https://www.kaggle.com/datasets/eslamelsolya/laptop-price-prediction,
"Lenovo Gaming 17.3"" Intel Core i7 6820HK 2.7GHz 32GB 512GB SSD + 1.0TB Hybrid (Nvidia GeForce GTX 980M)",172627.2,,Lenovo,32,512,SSD,Intel Core i7 6820HK 2.7GHz,7,Nvidia GeForce GTX 980M,5,17.3,,,,Kaggle,1081,https://www.kaggle.com/datasets/eslamelsolya/laptop-price-prediction,
"Lenovo 2 in 1 Convertible 10.1"" Intel Atom x5-Z8550 1.44GHz 4GB 64GB Flash Storage (Intel HD Graphics 400)",34433.27,,Lenovo,4,64,FLASH,Intel Atom x5-Z8550 1.44GHz,1,Intel HD Graphics 400,2,10.1,,,,Kaggle,1082,https://www.kaggle.com/datasets/eslamelsolya/laptop-price-prediction,
"HP Ultrabook 13.3"" Intel Core i7 7500U 2.7GHz 16GB 512GB SSD (Intel HD Graphics 620)",109170.72,,HP,16,512,SSD,Intel Core i7 7500U 2.7GHz,7,Intel HD Graphics 620,2,13.3,,,,Kaggle,1083,https://www.kaggle.com/datasets/eslamelsolya/laptop-price-prediction,
"Dell Notebook 15.6"" Intel Core i5 7200U 2.5GHz 8GB 256GB SSD (Intel HD Graphics 620)",39960.0,,Dell,8,256,SSD,Intel Core i5 7200U 2.5GHz,5,Intel HD Graphics 620,2,15.6,,,,Kaggle,1084,https://www.kaggle.com/datasets/eslamelsolya/laptop-price-prediction,
"HP Notebook 14.0"" Intel Core i5 6200U 2.3GHz 4GB 500GB HDD (Intel HD Graphics 520)",54931.15,,HP,4,500,HDD,Intel Core i5 6200U 2.3GHz,5,Intel HD Graphics 520,2,14.0,,,,Kaggle,1085,https://www.kaggle.com/datasets/eslamelsolya/laptop-price-prediction,
"HP Workstation 15.6"" Intel Core i7 6500U 2.5GHz 8GB 256GB SSD (AMD FirePro W4190M)",79653.6,,HP,8,256,SSD,Intel Core i7 6500U 2.5GHz,7,AMD FirePro W4190M,2,15.6,,,,Kaggle,1086,https://www.kaggle.com/datasets/eslamelsolya/laptop-price-prediction,
"Lenovo Notebook 14.0"" Intel Core i5 6200U 2.3GHz 8GB 180GB SSD (Intel HD Graphics 520)",63882.72,,Lenovo,8,180,SSD,Intel Core i5 6200U 2.3GHz,5,Intel HD Graphics 520,2,14.0,,,,Kaggle,1087,https://www.kaggle.com/datasets/eslamelsolya/laptop-price-prediction,
"HP Notebook 13.3"" Intel Pentium Dual Core 4405Y 1.5GHz 4GB 32GB Flash Storage (Intel HD Graphics 515)",32767.2,,HP,4,32,FLASH,Intel Pentium Dual Core 4405Y 1.5GHz,2,Intel HD Graphics 515,2,13.3,,,,Kaggle,1088,https://www.kaggle.com/datasets/eslamelsolya/laptop-price-prediction,
"Acer Notebook 15.6"" AMD A8-Series 7410 2.2GHz 4GB 500GB HDD (AMD Radeon R5)",20619.36,,Acer,4,500,HDD,AMD A8-Series 7410 2.2GHz,4,AMD Radeon R5,2,15.6,,,,Kaggle,1089,https://www.kaggle.com/datasets/eslamelsolya/laptop-price-prediction,
"Dell Notebook 15.6"" Intel Pentium Quad Core N3700 1.6GHz 4GB 500GB HDD (Intel HD Graphics)",20965.15,,Dell,4,500,HDD,Intel Pentium Quad Core N3700 1.6GHz,2,Intel HD Graphics,2,15.6,,,,Kaggle,1090,https://www.kaggle.com/datasets/eslamelsolya/laptop-price-prediction,
"HP Notebook 15.6"" Intel Core i3 6006U 2GHz 4GB 1TB HDD (Intel HD Graphics 520)",18434.35,,HP,4,1024,HDD,Intel Core i3 6006U 2GHz,3,Intel HD Graphics 520,2,15.6,,,,Kaggle,1091,https://www.kaggle.com/datasets/eslamelsolya/laptop-price-prediction,
"Asus Gaming 17.3"" Intel Core i7 7700HQ 2.8GHz 8GB 256GB SSD + 1TB HDD (Nvidia GeForce GTX 1060)",85194.72,,Asus,8,256,SSD,Intel Core i7 7700HQ 2.8GHz,7,Nvidia GeForce GTX 1060,1,17.3,,,,Kaggle,1092,https://www.kaggle.com/datasets/eslamelsolya/laptop-price-prediction,
"Dell Ultrabook 13.3"" Intel Core i5 8250U 1.6GHz 4GB 256GB SSD (AMD Radeon 530)",43601.69,,Dell,4,256,SSD,Intel Core i5 8250U 1.6GHz,5,AMD Radeon 530,2,13.3,,,,Kaggle,1093,https://www.kaggle.com/datasets/eslamelsolya/laptop-price-prediction,
"HP Netbook 12.5"" Intel Core i5 6200U 2.3GHz 4GB 128GB SSD (Intel HD Graphics 520)",85194.72,,HP,4,128,SSD,Intel Core i5 6200U 2.3GHz,5,Intel HD Graphics 520,2,12.5,,,,Kaggle,1094,https://www.kaggle.com/datasets/eslamelsolya/laptop-price-prediction,
"Acer Notebook 15.6"" Intel Core i5 7200U 2.5GHz 8GB 256GB SSD + 1TB HDD (Nvidia GeForce GTX 950M)",42570.72,,Acer,8,256,SSD,Intel Core i5 7200U 2.5GHz,5,Nvidia GeForce GTX 950M,1,15.6,,,,Kaggle,1095,https://www.kaggle.com/datasets/eslamelsolya/laptop-price-prediction,
"Dell Notebook 15.6"" Intel Core i5 7200U 2.5GHz 8GB 1TB HDD (AMD Radeon R7 M445)",34035.26,,Dell,8,1024,HDD,Intel Core i5 7200U 2.5GHz,5,AMD Radeon R7 M445,3,15.6,,,,Kaggle,1096,https://www.kaggle.com/datasets/eslamelsolya/laptop-price-prediction,
"MSI Gaming 17.3"" Intel Core i7 6700HQ 2.6GHz 8GB 256GB SSD (Nvidia GeForce GTX 965M)",85194.72,,MSI,8,256,SSD,Intel Core i7 6700HQ 2.6GHz,7,Nvidia GeForce GTX 965M,1,17.3,,,,Kaggle,1097,https://www.kaggle.com/datasets/eslamelsolya/laptop-price-prediction,
"HP Notebook 15.6"" Intel Pentium Quad Core N3710 1.6GHz 4GB 1TB HDD (Intel HD Graphics 405)",26640.0,,HP,4,1024,HDD,Intel Pentium Quad Core N3710 1.6GHz,2,Intel HD Graphics 405,2,15.6,,,,Kaggle,1098,https://www.kaggle.com/datasets/eslamelsolya/laptop-price-prediction,
"Asus Gaming 17.3"" Intel Core i7 6700HQ 2.6GHz 16GB 128GB SSD + 1TB HDD (Nvidia GeForce GTX 980M)",122490.72,,Asus,16,128,SSD,Intel Core i7 6700HQ 2.6GHz,7,Nvidia GeForce GTX 980M,5,17.3,,,,Kaggle,1099,https://www.kaggle.com/datasets/eslamelsolya/laptop-price-prediction,
"Dell Ultrabook 12.5"" Intel Core i3 6100U 2.3GHz 4GB 500GB HDD (Intel HD Graphics 520)",60480.79,,Dell,4,500,HDD,Intel Core i3 6100U 2.3GHz,3,Intel HD Graphics 520,2,12.5,,,,Kaggle,1100,https://www.kaggle.com/datasets/eslamelsolya/laptop-price-prediction,
"Dell Ultrabook 12.5"" Intel Core i3 6100U 2.3GHz 4GB 128GB SSD (Intel HD Graphics 520)",62176.16,,Dell,4,128,SSD,Intel Core i3 6100U 2.3GHz,3,Intel HD Graphics 520,2,12.5,,,,Kaggle,1101,https://www.kaggle.com/datasets/eslamelsolya/laptop-price-prediction,
"Acer Notebook 15.6"" Intel Celeron Dual Core 3205U 1.5GHz 4GB 16GB SSD (Intel HD Graphics)",11135.52,,Acer,4,16,SSD,Intel Celeron Dual Core 3205U 1.5GHz,1,Intel HD Graphics,2,15.6,,,,Kaggle,1102,https://www.kaggle.com/datasets/eslamelsolya/laptop-price-prediction,
"HP Workstation 17.3"" Intel Core i7 6700HQ 2.6GHz 8GB 1TB HDD (AMD FirePro W6150M)",154458.72,,HP,8,1024,HDD,Intel Core i7 6700HQ 2.6GHz,7,AMD FirePro W6150M,2,17.3,,,,Kaggle,1103,https://www.kaggle.com/datasets/eslamelsolya/laptop-price-prediction,
"Lenovo Gaming 15.6"" Intel Core i7 7700HQ 2.8GHz 16GB 512GB SSD (Nvidia GeForce GTX 1050 Ti)",63882.72,,Lenovo,16,512,SSD,Intel Core i7 7700HQ 2.8GHz,7,Nvidia GeForce GTX 1050 Ti,4,15.6,,,,Kaggle,1104,https://www.kaggle.com/datasets/eslamelsolya/laptop-price-prediction,
"Dell Ultrabook 12.5"" Intel Core i5 6200U 2.3GHz 8GB 256GB SSD (Intel HD Graphics 520)",75289.97,,Dell,8,256,SSD,Intel Core i5 6200U 2.3GHz,5,Intel HD Graphics 520,2,12.5,,,,Kaggle,1105,https://www.kaggle.com/datasets/eslamelsolya/laptop-price-prediction,
"MSI Gaming 17.3"" Intel Core i7 6700HQ 2.6GHz 8GB 128GB SSD + 1TB HDD (Nvidia GeForce GTX 960M)",80516.2,,MSI,8,128,SSD,Intel Core i7 6700HQ 2.6GHz,7,Nvidia GeForce GTX 960M,1,17.3,,,,Kaggle,1106,https://www.kaggle.com/datasets/eslamelsolya/laptop-price-prediction,
"Lenovo 2 in 1 Convertible 15.6"" Intel Core i5 6200U 2.3GHz 4GB 256GB SSD (Intel HD Graphics 520)",46193.76,,Lenovo,4,256,SSD,Intel Core i5 6200U 2.3GHz,5,Intel HD Graphics 520,2,15.6,,,,Kaggle,1107,https://www.kaggle.com/datasets/eslamelsolya/laptop-price-prediction,
"HP Notebook 15.6"" AMD A6-Series 9220 2.5GHz 4GB 1TB HDD (AMD Radeon R4)",21205.44,,HP,4,1024,HDD,AMD A6-Series 9220 2.5GHz,4,AMD Radeon R4,2,15.6,,,,Kaggle,1108,https://www.kaggle.com/datasets/eslamelsolya/laptop-price-prediction,
"Asus Gaming 15.6"" Intel Core i7 6700HQ 2.6GHz 16GB 128GB SSD + 1TB HDD (Nvidia GeForce GTX 960M)",71341.92,,Asus,16,128,SSD,Intel Core i7 6700HQ 2.6GHz,7,Nvidia GeForce GTX 960M,1,15.6,,,,Kaggle,1109,https://www.kaggle.com/datasets/eslamelsolya/laptop-price-prediction,
"HP Notebook 13.3"" Intel Core M 6Y54 1.1GHz 8GB 256GB SSD (Intel HD Graphics 515)",90522.72,,HP,8,256,SSD,Intel Core M 6Y54 1.1GHz,4,Intel HD Graphics 515,2,13.3,,,,Kaggle,1110,https://www.kaggle.com/datasets/eslamelsolya/laptop-price-prediction,
"Dell Notebook 15.6"" Intel Core i5 6200U 2.3GHz 4GB 500GB HDD (AMD Radeon R5 M315)",40980.31,,Dell,4,500,HDD,Intel Core i5 6200U 2.3GHz,5,AMD Radeon R5 M315,2,15.6,,,,Kaggle,1111,https://www.kaggle.com/datasets/eslamelsolya/laptop-price-prediction,
"Lenovo Notebook 15.6"" Intel Core i3 6006U 2.0GHz 4GB 128GB SSD (Intel HD Graphics 520)",22857.12,,Lenovo,4,128,SSD,Intel Core i3 6006U 2.0GHz,3,Intel HD Graphics 520,2,15.6,,,,Kaggle,1112,https://www.kaggle.com/datasets/eslamelsolya/laptop-price-prediction,
"HP Ultrabook 13.3"" Intel Core i7 6500U 2.5GHz 8GB 512GB SSD (Intel HD Graphics 520)",104908.32,,HP,8,512,SSD,Intel Core i7 6500U 2.5GHz,7,Intel HD Graphics 520,2,13.3,,,,Kaggle,1113,https://www.kaggle.com/datasets/eslamelsolya/laptop-price-prediction,
"Lenovo 2 in 1 Convertible 10.1"" Intel Atom x5-Z8550 1.44GHz 4GB 64GB Flash Storage (Intel HD Graphics 400)",29250.72,,Lenovo,4,64,FLASH,Intel Atom x5-Z8550 1.44GHz,1,Intel HD Graphics 400,2,10.1,,,,Kaggle,1114,https://www.kaggle.com/datasets/eslamelsolya/laptop-price-prediction,
"Lenovo Gaming 17.3"" Intel Core i7 6820HK 2.7GHz 16GB 256GB SSD + 1.0TB Hybrid (Nvidia GeForce GTX 980M)",146519.47,,Lenovo,16,256,SSD,Intel Core i7 6820HK 2.7GHz,7,Nvidia GeForce GTX 980M,5,17.3,,,,Kaggle,1116,https://www.kaggle.com/datasets/eslamelsolya/laptop-price-prediction,
"Razer Ultrabook 12.5"" Intel Core i7 6500U 2.5GHz 8GB 256GB SSD (Intel HD Graphics 520)",54825.12,,Razer,8,256,SSD,Intel Core i7 6500U 2.5GHz,7,Intel HD Graphics 520,2,12.5,,,,Kaggle,1117,https://www.kaggle.com/datasets/eslamelsolya/laptop-price-prediction,
"Toshiba Ultrabook 13.3"" Intel Core i7 7500U 2.7GHz 16GB 512GB SSD (Intel HD Graphics 620)",118601.28,,Toshiba,16,512,SSD,Intel Core i7 7500U 2.7GHz,7,Intel HD Graphics 620,2,13.3,,,,Kaggle,1118,https://www.kaggle.com/datasets/eslamelsolya/laptop-price-prediction,
"Asus Gaming 17.3"" Intel Core i7 6700HQ 2.6GHz 8GB 128GB SSD + 1TB HDD (Nvidia GeForce GTX 960M)",69929.47,,Asus,8,128,SSD,Intel Core i7 6700HQ 2.6GHz,7,Nvidia GeForce GTX 960M,1,17.3,,,,Kaggle,1119,https://www.kaggle.com/datasets/eslamelsolya/laptop-price-prediction,
"Vero Notebook 13.3"" Intel Atom X5-Z8350 1.44GHz 4GB 32GB Flash Storage (Intel HD Graphics 400)",10442.88,,Vero,4,32,FLASH,Intel Atom X5-Z8350 1.44GHz,1,Intel HD Graphics 400,2,13.3,,,,Kaggle,1120,https://www.kaggle.com/datasets/eslamelsolya/laptop-price-prediction,
"HP Notebook 13.3"" Intel Core i5 6200U 2.3GHz 8GB 256GB SSD (Intel HD Graphics 520)",90043.2,,HP,8,256,SSD,Intel Core i5 6200U 2.3GHz,5,Intel HD Graphics 520,2,13.3,,,,Kaggle,1121,https://www.kaggle.com/datasets/eslamelsolya/laptop-price-prediction,
"HP Notebook 14.0"" Intel Core i5 6200U 2.3GHz 8GB 256GB SSD (Intel HD Graphics 520)",80612.64,,HP,8,256,SSD,Intel Core i5 6200U 2.3GHz,5,Intel HD Graphics 520,2,14.0,,,,Kaggle,1122,https://www.kaggle.com/datasets/eslamelsolya/laptop-price-prediction,
"Dell Notebook 15.6"" Intel Core i5 6200U 2.3GHz 4GB 500GB HDD (Intel HD Graphics 520)",27899.01,,Dell,4,500,HDD,Intel Core i5 6200U 2.3GHz,5,Intel HD Graphics 520,2,15.6,,,,Kaggle,1123,https://www.kaggle.com/datasets/eslamelsolya/laptop-price-prediction,
"Asus Notebook 15.6"" Intel Core i3 7100U 2.4GHz 4GB 1TB HDD (Intel HD Graphics 620)",23176.8,,Asus,4,1024,HDD,Intel Core i3 7100U 2.4GHz,3,Intel HD Graphics 620,2,15.6,,,,Kaggle,1124,https://www.kaggle.com/datasets/eslamelsolya/laptop-price-prediction,
"Lenovo 2 in 1 Convertible 14.0"" Intel Core i7 6500U 2.5GHz 8GB 256GB SSD (Intel HD Graphics 520)",88924.32,,Lenovo,8,256,SSD,Intel Core i7 6500U 2.5GHz,7,Intel HD Graphics 520,2,14.0,,,,Kaggle,1125,https://www.kaggle.com/datasets/eslamelsolya/laptop-price-prediction,
"Lenovo 2 in 1 Convertible 10.1"" Intel Atom x5-Z8550 1.44GHz 4GB 64GB Flash Storage (Intel HD Graphics 400)",25521.12,,Lenovo,4,64,FLASH,Intel Atom x5-Z8550 1.44GHz,1,Intel HD Graphics 400,2,10.1,,,,Kaggle,1126,https://www.kaggle.com/datasets/eslamelsolya/laptop-price-prediction,
"HP Ultrabook 12.5"" Intel Core i5 6300U 2.4GHz 8GB 256GB SSD (Intel HD Graphics 520)",100965.6,,HP,8,256,SSD,Intel Core i5 6300U 2.4GHz,5,Intel HD Graphics 520,2,12.5,,,,Kaggle,1127,https://www.kaggle.com/datasets/eslamelsolya/laptop-price-prediction,
"Lenovo Gaming 15.6"" Intel Core i5 7300HQ 2.5GHz 8GB 128GB SSD + 1TB HDD (Nvidia GeForce GTX 1060)",52693.92,,Lenovo,8,128,SSD,Intel Core i5 7300HQ 2.5GHz,5,Nvidia GeForce GTX 1060,1,15.6,,,,Kaggle,1128,https://www.kaggle.com/datasets/eslamelsolya/laptop-price-prediction,
"HP Gaming 17.3"" Intel Core i5 6300HQ 2.3GHz 8GB 128GB SSD + 1TB HDD (Nvidia GeForce GTX 1060)",60153.12,,HP,8,128,SSD,Intel Core i5 6300HQ 2.3GHz,5,Nvidia GeForce GTX 1060,1,17.3,,,,Kaggle,1129,https://www.kaggle.com/datasets/eslamelsolya/laptop-price-prediction,
"HP Notebook 15.6"" Intel Core i7 7500U 2.7GHz 8GB 2TB HDD (Intel HD Graphics 620)",33513.12,,HP,8,2048,HDD,Intel Core i7 7500U 2.7GHz,7,Intel HD Graphics 620,2,15.6,,,,Kaggle,1130,https://www.kaggle.com/datasets/eslamelsolya/laptop-price-prediction,
"Lenovo 2 in 1 Convertible 14.0"" Intel Core i7 6600U 2.6GHz 8GB 512GB SSD (Nvidia Quadro M500M)",109244.25,,Lenovo,8,512,SSD,Intel Core i7 6600U 2.6GHz,7,Nvidia Quadro M500M,6,14.0,,,,Kaggle,1131,https://www.kaggle.com/datasets/eslamelsolya/laptop-price-prediction,
"Asus Notebook 14.0"" Intel Celeron Dual Core N3350 1.1GHz 4GB 32GB Flash Storage (Intel HD Graphics 500)",14811.84,,Asus,4,32,FLASH,Intel Celeron Dual Core N3350 1.1GHz,1,Intel HD Graphics 500,2,14.0,,,,Kaggle,1132,https://www.kaggle.com/datasets/eslamelsolya/laptop-price-prediction,
"HP Ultrabook 15.6"" Intel Core i7 7500U 2.7GHz 8GB 256GB SSD (Intel HD Graphics 620)",40066.56,,HP,8,256,SSD,Intel Core i7 7500U 2.7GHz,7,Intel HD Graphics 620,2,15.6,,,,Kaggle,1133,https://www.kaggle.com/datasets/eslamelsolya/laptop-price-prediction,
"Acer Notebook 15.6"" Intel Core i5 7200U 2.5GHz 4GB 1TB HDD (Nvidia GeForce 940MX)",32820.48,,Acer,4,1024,HDD,Intel Core i5 7200U 2.5GHz,5,Nvidia GeForce 940MX,1,15.6,,,,Kaggle,1134,https://www.kaggle.com/datasets/eslamelsolya/laptop-price-prediction,
"Lenovo Notebook 15.6"" Intel Core i7 6500U 2.5GHz 16GB 1.0TB Hybrid (AMD Radeon R7 M360)",58554.72,,Lenovo,16,1024,HYBRID,Intel Core i7 6500U 2.5GHz,7,AMD Radeon R7 M360,3,15.6,,,,Kaggle,1135,https://www.kaggle.com/datasets/eslamelsolya/laptop-price-prediction,
"HP Workstation 17.3"" Intel Core i7 6700HQ 2.6GHz 8GB 256GB SSD (Nvidia Quadro M3000M)",210424.03,,HP,8,256,SSD,Intel Core i7 6700HQ 2.6GHz,7,Nvidia Quadro M3000M,6,17.3,,,,Kaggle,1136,https://www.kaggle.com/datasets/eslamelsolya/laptop-price-prediction,
"Dell Notebook 15.6"" Intel Core i5 7200U 2.5GHz 8GB 1TB HDD (AMD Radeon R7 M445)",41771.52,,Dell,8,1024,HDD,Intel Core i5 7200U 2.5GHz,5,AMD Radeon R7 M445,3,15.6,,,,Kaggle,1137,https://www.kaggle.com/datasets/eslamelsolya/laptop-price-prediction,
"MSI Gaming 17.3"" Intel Core i7 6820HQ 2.7GHz 16GB 256GB SSD + 1TB HDD (Nvidia GeForce GTX 980M)",127818.72,,MSI,16,256,SSD,Intel Core i7 6820HQ 2.7GHz,7,Nvidia GeForce GTX 980M,5,17.3,,,,Kaggle,1138,https://www.kaggle.com/datasets/eslamelsolya/laptop-price-prediction,
"HP Ultrabook 15.6"" Intel Core i7 6500U 2.5GHz 8GB 256GB SSD (Intel HD Graphics 520)",115709.24,,HP,8,256,SSD,Intel Core i7 6500U 2.5GHz,7,Intel HD Graphics 520,2,15.6,,,,Kaggle,1139,https://www.kaggle.com/datasets/eslamelsolya/laptop-price-prediction,
"Lenovo 2 in 1 Convertible 14.0"" Intel Core i7 6600U 2.6GHz 16GB 512GB SSD (Intel HD Graphics 520)",130003.2,,Lenovo,16,512,SSD,Intel Core i7 6600U 2.6GHz,7,Intel HD Graphics 520,2,14.0,,,,Kaggle,1140,https://www.kaggle.com/datasets/eslamelsolya/laptop-price-prediction,
"MSI Gaming 15.6"" Intel Core i7 7700HQ 2.8GHz 8GB 128GB SSD + 1TB HDD (Nvidia GeForce GTX 1050)",60888.38,,MSI,8,128,SSD,Intel Core i7 7700HQ 2.8GHz,7,Nvidia GeForce GTX 1050,4,15.6,,,,Kaggle,1141,https://www.kaggle.com/datasets/eslamelsolya/laptop-price-prediction,
"HP 2 in 1 Convertible 13.3"" Intel Core i5 6300U 2.4GHz 8GB 256GB SSD (Intel HD Graphics 520)",86793.12,,HP,8,256,SSD,Intel Core i5 6300U 2.4GHz,5,Intel HD Graphics 520,2,13.3,,,,Kaggle,1142,https://www.kaggle.com/datasets/eslamelsolya/laptop-price-prediction,
"HP Workstation 15.6"" Intel Core i7 6700HQ 2.6GHz 8GB 256GB SSD (Nvidia Quadro M1000M)",118761.12,,HP,8,256,SSD,Intel Core i7 6700HQ 2.6GHz,7,Nvidia Quadro M1000M,6,15.6,,,,Kaggle,1143,https://www.kaggle.com/datasets/eslamelsolya/laptop-price-prediction,
"HP 2 in 1 Convertible 13.3"" Intel Core i7 6600U 2.6GHz 8GB 256GB SSD (Intel HD Graphics 520)",95850.72,,HP,8,256,SSD,Intel Core i7 6600U 2.6GHz,7,Intel HD Graphics 520,2,13.3,,,,Kaggle,1144,https://www.kaggle.com/datasets/eslamelsolya/laptop-price-prediction,
"HP Workstation 15.6"" Intel Core i7 6700HQ 2.6GHz 8GB 256GB SSD (Nvidia Quadro M1000M)",101178.72,,HP,8,256,SSD,Intel Core i7 6700HQ 2.6GHz,7,Nvidia Quadro M1000M,6,15.6,,,,Kaggle,1145,https://www.kaggle.com/datasets/eslamelsolya/laptop-price-prediction,
"HP Ultrabook 12.5"" Intel Core i7 6500U 2.50GHz 8GB 256GB SSD (Intel HD Graphics 520)",122381.5,,HP,8,256,SSD,Intel Core i7 6500U 2.50GHz,7,Intel HD Graphics 520,2,12.5,,,,Kaggle,1146,https://www.kaggle.com/datasets/eslamelsolya/laptop-price-prediction,
"Dell Notebook 15.6"" Intel Core i7 7500U 2.7GHz 8GB 256GB SSD (Nvidia GeForce 940MX)",53807.47,,Dell,8,256,SSD,Intel Core i7 7500U 2.7GHz,7,Nvidia GeForce 940MX,1,15.6,,,,Kaggle,1147,https://www.kaggle.com/datasets/eslamelsolya/laptop-price-prediction,
"HP Notebook 15.6"" Intel Core i5 6200U 2.3GHz 8GB 256GB SSD (Intel HD Graphics 520)",84129.12,,HP,8,256,SSD,Intel Core i5 6200U 2.3GHz,5,Intel HD Graphics 520,2,15.6,,,,Kaggle,1148,https://www.kaggle.com/datasets/eslamelsolya/laptop-price-prediction,
"Lenovo 2 in 1 Convertible 14.0"" Intel Core i7 6500U 2.5GHz 8GB 256GB SSD (Intel HD Graphics 520)",124621.92,,Lenovo,8,256,SSD,Intel Core i7 6500U 2.5GHz,7,Intel HD Graphics 520,2,14.0,,,,Kaggle,1149,https://www.kaggle.com/datasets/eslamelsolya/laptop-price-prediction,
"Lenovo Notebook 15.6"" Intel Core i3 6006U 2.0GHz 4GB 1TB HDD (Intel HD Graphics 520)",18061.92,,Lenovo,4,1024,HDD,Intel Core i3 6006U 2.0GHz,3,Intel HD Graphics 520,2,15.6,,,,Kaggle,1150,https://www.kaggle.com/datasets/eslamelsolya/laptop-price-prediction,
"HP Notebook 15.6"" AMD E-Series 7110 1.8GHz 4GB 500GB HDD (AMD Radeon R2 Graphics)",15824.16,,HP,4,500,HDD,AMD E-Series 7110 1.8GHz,1,AMD Radeon R2 Graphics,2,15.6,,,,Kaggle,1151,https://www.kaggle.com/datasets/eslamelsolya/laptop-price-prediction,
"Lenovo Notebook 15.6"" Intel Core i5 6200U 2.3GHz 8GB 1TB HDD (AMD Radeon R5 M330)",31914.72,,Lenovo,8,1024,HDD,Intel Core i5 6200U 2.3GHz,5,AMD Radeon R5 M330,2,15.6,,,,Kaggle,1152,https://www.kaggle.com/datasets/eslamelsolya/laptop-price-prediction,
"Dell Gaming 15.6"" Intel Core i7 7700HQ 2.8GHz 8GB 1TB HDD (Nvidia GeForce GTX 1050Ti)",63882.72,,Dell,8,1024,HDD,Intel Core i7 7700HQ 2.8GHz,7,Nvidia GeForce GTX 1050Ti,4,15.6,,,,Kaggle,1153,https://www.kaggle.com/datasets/eslamelsolya/laptop-price-prediction,
"Dell Notebook 15.6"" Intel Core i5 6300HQ 2.3GHz 8GB 256GB SSD (Nvidia GeForce 960M)",119916.23,,Dell,8,256,SSD,Intel Core i5 6300HQ 2.3GHz,5,Nvidia GeForce 960M,1,15.6,,,,Kaggle,1154,https://www.kaggle.com/datasets/eslamelsolya/laptop-price-prediction,
"HP Notebook 15.6"" AMD A6-Series A6-9220 2.5GHz 4GB 256GB SSD (AMD Radeon 520)",25515.26,,HP,4,256,SSD,AMD A6-Series A6-9220 2.5GHz,4,AMD Radeon 520,2,15.6,,,,Kaggle,1155,https://www.kaggle.com/datasets/eslamelsolya/laptop-price-prediction,
"MSI Gaming 17.3"" Intel Core i7 7700HQ 2.8GHz 16GB 256GB SSD + 1TB HDD (Nvidia GeForce GTX 1050 Ti)",79536.38,,MSI,16,256,SSD,Intel Core i7 7700HQ 2.8GHz,7,Nvidia GeForce GTX 1050 Ti,4,17.3,,,,Kaggle,1156,https://www.kaggle.com/datasets/eslamelsolya/laptop-price-prediction,
"Lenovo Ultrabook 14.0"" Intel Core i7 6600U 2.6GHz 12GB 512GB SSD (Intel HD Graphics 520)",122490.72,,Lenovo,12,512,SSD,Intel Core i7 6600U 2.6GHz,7,Intel HD Graphics 520,2,14.0,,,,Kaggle,1157,https://www.kaggle.com/datasets/eslamelsolya/laptop-price-prediction,
"Lenovo Notebook 15.6"" Intel Core i5 6200U 2.3GHz 8GB 1.0TB Hybrid (AMD Radeon R5 M330)",42010.75,,Lenovo,8,1024,HYBRID,Intel Core i5 6200U 2.3GHz,5,AMD Radeon R5 M330,2,15.6,,,,Kaggle,1158,https://www.kaggle.com/datasets/eslamelsolya/laptop-price-prediction,
"HP 2 in 1 Convertible 13.3"" Intel Core i7 6600U 2.6GHz 8GB 512GB SSD (Intel HD Graphics 520)",108744.48,,HP,8,512,SSD,Intel Core i7 6600U 2.6GHz,7,Intel HD Graphics 520,2,13.3,,,,Kaggle,1159,https://www.kaggle.com/datasets/eslamelsolya/laptop-price-prediction,
"Lenovo Ultrabook 14.0"" Intel Core i7 6600U 2.6GHz 8GB 256GB SSD (Intel HD Graphics 520)",79866.72,,Lenovo,8,256,SSD,Intel Core i7 6600U 2.6GHz,7,Intel HD Graphics 520,2,14.0,,,,Kaggle,1160,https://www.kaggle.com/datasets/eslamelsolya/laptop-price-prediction,
"MSI Gaming 14.0"" Intel Core i7 6700HQ 2.6GHz 16GB 256GB SSD + 1TB HDD (Nvidia GeForce GTX 970M)",94252.32,,MSI,16,256,SSD,Intel Core i7 6700HQ 2.6GHz,7,Nvidia GeForce GTX 970M,1,14.0,,,,Kaggle,1161,https://www.kaggle.com/datasets/eslamelsolya/laptop-price-prediction,
"HP Gaming 15.6"" Intel Core i7 7700HQ 2.8GHz 8GB 1TB HDD (Nvidia GeForce GTX 1050)",47898.72,,HP,8,1024,HDD,Intel Core i7 7700HQ 2.8GHz,7,Nvidia GeForce GTX 1050,4,15.6,,,,Kaggle,1162,https://www.kaggle.com/datasets/eslamelsolya/laptop-price-prediction,
"Lenovo Notebook 15.6"" Intel Core i3 6006U 2.0GHz 8GB 1TB HDD (Intel HD Graphics 520)",24455.52,,Lenovo,8,1024,HDD,Intel Core i3 6006U 2.0GHz,3,Intel HD Graphics 520,2,15.6,,,,Kaggle,1163,https://www.kaggle.com/datasets/eslamelsolya/laptop-price-prediction,
"HP Notebook 15.6"" Intel Core i5 6200U 2.3GHz 4GB 500GB HDD (Intel HD Graphics 520)",25414.03,,HP,4,500,HDD,Intel Core i5 6200U 2.3GHz,5,Intel HD Graphics 520,2,15.6,,,,Kaggle,1164,https://www.kaggle.com/datasets/eslamelsolya/laptop-price-prediction,
"Dell Gaming 15.6"" Intel Core i7 7700HQ 2.8GHz 8GB 128GB SSD + 1TB HDD (Nvidia GeForce GTX 1050 Ti)",79813.44,,Dell,8,128,SSD,Intel Core i7 7700HQ 2.8GHz,7,Nvidia GeForce GTX 1050 Ti,4,15.6,,,,Kaggle,1165,https://www.kaggle.com/datasets/eslamelsolya/laptop-price-prediction,
"Lenovo Notebook 15.6"" Intel Core i5 7200U 2.5GHz 8GB 256GB SSD (Intel HD Graphics 620)",74059.2,,Lenovo,8,256,SSD,Intel Core i5 7200U 2.5GHz,5,Intel HD Graphics 620,2,15.6,,,,Kaggle,1166,https://www.kaggle.com/datasets/eslamelsolya/laptop-price-prediction,
"Lenovo Notebook 15.6"" Intel Core i3 6006U 2GHz 4GB 1TB HDD (Nvidia GeForce 920MX)",24935.04,,Lenovo,4,1024,HDD,Intel Core i3 6006U 2GHz,3,Nvidia GeForce 920MX,1,15.6,,,,Kaggle,1167,https://www.kaggle.com/datasets/eslamelsolya/laptop-price-prediction,
"HP Notebook 14.0"" Intel Celeron Dual Core N3060 1.6GHz 2GB 32GB Flash Storage (Intel HD Graphics 400)",13266.72,,HP,2,32,FLASH,Intel Celeron Dual Core N3060 1.6GHz,1,Intel HD Graphics 400,2,14.0,,,,Kaggle,1168,https://www.kaggle.com/datasets/eslamelsolya/laptop-price-prediction,
"MSI Gaming 15.6"" Intel Core i7 7500U 2.7GHz 8GB 1TB HDD (Nvidia GeForce GTX 1050)",44701.92,,MSI,8,1024,HDD,Intel Core i7 7500U 2.7GHz,7,Nvidia GeForce GTX 1050,4,15.6,,,,Kaggle,1169,https://www.kaggle.com/datasets/eslamelsolya/laptop-price-prediction,
"HP Notebook 15.6"" Intel Core i7 6500U 2.5GHz 8GB 256GB SSD (Intel HD Graphics 520)",36177.12,,HP,8,256,SSD,Intel Core i7 6500U 2.5GHz,7,Intel HD Graphics 520,2,15.6,,,,Kaggle,1170,https://www.kaggle.com/datasets/eslamelsolya/laptop-price-prediction,
"HP Notebook 15.6"" Intel Core i7 8550U 1.8GHz 16GB 512GB SSD (Intel UHD Graphics 620)",61751.52,,HP,16,512,SSD,Intel Core i7 8550U 1.8GHz,7,Intel UHD Graphics 620,2,15.6,,,,Kaggle,1171,https://www.kaggle.com/datasets/eslamelsolya/laptop-price-prediction,
"Asus Notebook 15.6"" Intel Celeron Dual Core N3050 1.6GHz 4GB 500GB HDD (Intel HD Graphics)",19660.32,,Asus,4,500,HDD,Intel Celeron Dual Core N3050 1.6GHz,1,Intel HD Graphics,2,15.6,,,,Kaggle,1172,https://www.kaggle.com/datasets/eslamelsolya/laptop-price-prediction,
"Lenovo Notebook 15.6"" Intel Core i5 6200U 2.3GHz 4GB 500GB HDD (Intel HD Graphics 520)",21205.44,,Lenovo,4,500,HDD,Intel Core i5 6200U 2.3GHz,5,Intel HD Graphics 520,2,15.6,,,,Kaggle,1173,https://www.kaggle.com/datasets/eslamelsolya/laptop-price-prediction,
"Lenovo Notebook 15.6"" Intel Core i7 7500U 2.7GHz 8GB 1TB HDD (Nvidia GeForce 940MX)",37775.52,,Lenovo,8,1024,HDD,Intel Core i7 7500U 2.7GHz,7,Nvidia GeForce 940MX,1,15.6,,,,Kaggle,1174,https://www.kaggle.com/datasets/eslamelsolya/laptop-price-prediction,
"Asus Notebook 14.0"" Intel Core i3 7100U 2.4GHz 4GB 256GB SSD (Intel HD Graphics 620)",40972.32,,Asus,4,256,SSD,Intel Core i3 7100U 2.4GHz,3,Intel HD Graphics 620,2,14.0,,,,Kaggle,1175,https://www.kaggle.com/datasets/eslamelsolya/laptop-price-prediction,
"Lenovo Notebook 15.6"" Intel Core i7 6500U 2.5GHz 4GB 1.0TB Hybrid (Intel HD Graphics 520)",43956.0,,Lenovo,4,1024,HYBRID,Intel Core i7 6500U 2.5GHz,7,Intel HD Graphics 520,2,15.6,,,,Kaggle,1176,https://www.kaggle.com/datasets/eslamelsolya/laptop-price-prediction,
"Lenovo Gaming 15.6"" Intel Core i7 6700HQ 2.6GHz 16GB 512GB SSD (Nvidia GeForce GTX 960)",69530.4,,Lenovo,16,512,SSD,Intel Core i7 6700HQ 2.6GHz,7,Nvidia GeForce GTX 960,1,15.6,,,,Kaggle,1177,https://www.kaggle.com/datasets/eslamelsolya/laptop-price-prediction,
"MSI Gaming 15.6"" Intel Core i7 6700HQ 2.6GHz 16GB 128GB SSD + 1TB HDD (Nvidia GeForce GTX 970M)",114731.55,,MSI,16,128,SSD,Intel Core i7 6700HQ 2.6GHz,7,Nvidia GeForce GTX 970M,1,15.6,,,,Kaggle,1178,https://www.kaggle.com/datasets/eslamelsolya/laptop-price-prediction,
"HP Notebook 15.6"" Intel Core i3 6100U 2.3GHz 4GB 500GB HDD (Intel HD Graphics 520)",34632.0,,HP,4,500,HDD,Intel Core i3 6100U 2.3GHz,3,Intel HD Graphics 520,2,15.6,,,,Kaggle,1179,https://www.kaggle.com/datasets/eslamelsolya/laptop-price-prediction,
"Lenovo 2 in 1 Convertible 14.0"" Intel Core i5 6200U 2.3GHz 8GB 256GB SSD (Intel HD Graphics 520)",87219.36,,Lenovo,8,256,SSD,Intel Core i5 6200U 2.3GHz,5,Intel HD Graphics 520,2,14.0,,,,Kaggle,1180,https://www.kaggle.com/datasets/eslamelsolya/laptop-price-prediction,
"Lenovo Ultrabook 15.6"" Intel Core i7 7500U 2.7GHz 6GB 256GB SSD (Nvidia GeForce 920M)",44275.68,,Lenovo,6,256,SSD,Intel Core i7 7500U 2.7GHz,7,Nvidia GeForce 920M,1,15.6,,,,Kaggle,1181,https://www.kaggle.com/datasets/eslamelsolya/laptop-price-prediction,
"Dell Notebook 15.6"" Intel Core i7 7500U 2.7GHz 8GB 256GB SSD (Nvidia GeForce GT 940MX)",47686.13,,Dell,8,256,SSD,Intel Core i7 7500U 2.7GHz,7,Nvidia GeForce GT 940MX,1,15.6,,,,Kaggle,1182,https://www.kaggle.com/datasets/eslamelsolya/laptop-price-prediction,
"Acer Notebook 15.6"" Intel Celeron Dual Core N3350 2GHz 4GB 500GB HDD (Intel HD Graphics 500)",17742.24,,Acer,4,500,HDD,Intel Celeron Dual Core N3350 2GHz,1,Intel HD Graphics 500,2,15.6,,,,Kaggle,1183,https://www.kaggle.com/datasets/eslamelsolya/laptop-price-prediction,
"HP Notebook 15.6"" Intel Core i7 6700HQ 2.6GHz 6GB 1TB HDD (Nvidia GeForce GTX 960M)",42570.72,,HP,6,1024,HDD,Intel Core i7 6700HQ 2.6GHz,7,Nvidia GeForce GTX 960M,1,15.6,,,,Kaggle,1184,https://www.kaggle.com/datasets/eslamelsolya/laptop-price-prediction,
"Asus Gaming 15.6"" Intel Core i7 6700HQ 2.6GHz 8GB 256GB SSD + 1TB HDD (Nvidia GeForce GTX 960M)",48431.52,,Asus,8,256,SSD,Intel Core i7 6700HQ 2.6GHz,7,Nvidia GeForce GTX 960M,1,15.6,,,,Kaggle,1185,https://www.kaggle.com/datasets/eslamelsolya/laptop-price-prediction,
"Dell 2 in 1 Convertible 15.6"" Intel Core i7 7500U 2.7GHz 16GB 512GB SSD (Intel HD Graphics 620)",62817.12,,Dell,16,512,SSD,Intel Core i7 7500U 2.7GHz,7,Intel HD Graphics 620,2,15.6,,,,Kaggle,1186,https://www.kaggle.com/datasets/eslamelsolya/laptop-price-prediction,
"Acer Notebook 15.6"" Intel Core i5 7200U 2.5GHz 4GB 256GB SSD (Nvidia GeForce 940MX)",36816.48,,Acer,4,256,SSD,Intel Core i5 7200U 2.5GHz,5,Nvidia GeForce 940MX,1,15.6,,,,Kaggle,1187,https://www.kaggle.com/datasets/eslamelsolya/laptop-price-prediction,
"Dell Ultrabook 13.3"" Intel Core i5 6300U 2.4GHz 8GB 256GB SSD (Intel HD Graphics 520)",58554.72,,Dell,8,256,SSD,Intel Core i5 6300U 2.4GHz,5,Intel HD Graphics 520,2,13.3,,,,Kaggle,1188,https://www.kaggle.com/datasets/eslamelsolya/laptop-price-prediction,
"Acer Gaming 17.3"" Intel Core i7 7700HQ 2.8GHz 16GB 256GB SSD + 1TB HDD (Nvidia GeForce GTX 1070)",138474.72,,Acer,16,256,SSD,Intel Core i7 7700HQ 2.8GHz,7,Nvidia GeForce GTX 1070,6,17.3,,,,Kaggle,1189,https://www.kaggle.com/datasets/eslamelsolya/laptop-price-prediction,
"Lenovo Gaming 15.6"" Intel Core i5 7300HQ 2.5GHz 8GB 1TB HDD (Nvidia GeForce GTX 1050)",43636.32,,Lenovo,8,1024,HDD,Intel Core i5 7300HQ 2.5GHz,5,Nvidia GeForce GTX 1050,4,15.6,,,,Kaggle,1190,https://www.kaggle.com/datasets/eslamelsolya/laptop-price-prediction,
"Samsung 2 in 1 Convertible 12.3"" Samsung Cortex A72&A53 2.0GHz 4GB 32GB Flash Storage (ARM Mali T860 MP4)",35111.52,,Samsung,4,32,FLASH,Samsung Cortex A72&A53 2.0GHz,4,ARM Mali T860 MP4,1,12.3,,,,Kaggle,1191,https://www.kaggle.com/datasets/eslamelsolya/laptop-price-prediction,
"HP Notebook 15.6"" Intel Core i5 7200U 2.5GHz 4GB 500GB HDD (Intel HD Graphics 620)",25840.8,,HP,4,500,HDD,Intel Core i5 7200U 2.5GHz,5,Intel HD Graphics 620,2,15.6,,,,Kaggle,1192,https://www.kaggle.com/datasets/eslamelsolya/laptop-price-prediction,
"Apple Ultrabook 12.0"" Intel Core M 1.1GHz 8GB 256GB Flash Storage (Intel HD Graphics 5300)",61964.64,,Apple,8,256,FLASH,Intel Core M 1.1GHz,4,Intel HD Graphics 5300,2,12.0,,,,Kaggle,1193,https://www.kaggle.com/datasets/eslamelsolya/laptop-price-prediction,
"Dell 2 in 1 Convertible 13.3"" Intel Core i5 7200U 2.5GHz 8GB 256GB SSD (Intel HD Graphics 620)",63882.72,,Dell,8,256,SSD,Intel Core i5 7200U 2.5GHz,5,Intel HD Graphics 620,2,13.3,,,,Kaggle,1194,https://www.kaggle.com/datasets/eslamelsolya/laptop-price-prediction,
"HP Notebook 15.6"" Intel Core i7 7700HQ 2.8GHz 12GB 128GB SSD + 1TB HDD (Nvidia GeForce GTX 1050)",70702.56,,HP,12,128,SSD,Intel Core i7 7700HQ 2.8GHz,7,Nvidia GeForce GTX 1050,4,15.6,,,,Kaggle,1195,https://www.kaggle.com/datasets/eslamelsolya/laptop-price-prediction,
"Lenovo Notebook 15.6"" Intel Core i3 6006U 2GHz 4GB 1TB HDD (AMD Radeon R5 M430)",19607.04,,Lenovo,4,1024,HDD,Intel Core i3 6006U 2GHz,3,AMD Radeon R5 M430,2,15.6,,,,Kaggle,1196,https://www.kaggle.com/datasets/eslamelsolya/laptop-price-prediction,
"Asus Gaming 17.3"" Intel Core i7 6700HQ 2.6GHz 16GB 512GB SSD + 1TB HDD (Nvidia GeForce GTX 980M)",114552.0,,Asus,16,512,SSD,Intel Core i7 6700HQ 2.6GHz,7,Nvidia GeForce GTX 980M,5,17.3,,,,Kaggle,1197,https://www.kaggle.com/datasets/eslamelsolya/laptop-price-prediction,
"Acer Notebook 15.6"" Intel Celeron Dual Core N3350 2GHz 4GB 1TB HDD (Intel HD Graphics 500)",14492.16,,Acer,4,1024,HDD,Intel Celeron Dual Core N3350 2GHz,1,Intel HD Graphics 500,2,15.6,,,,Kaggle,1198,https://www.kaggle.com/datasets/eslamelsolya/laptop-price-prediction,
"MSI Gaming 17.3"" Intel Core i7 7700HQ 2.8GHz 16GB 256GB SSD + 1TB HDD (Nvidia GeForce GTX 1060)",109165.39,,MSI,16,256,SSD,Intel Core i7 7700HQ 2.8GHz,7,Nvidia GeForce GTX 1060,1,17.3,,,,Kaggle,1199,https://www.kaggle.com/datasets/eslamelsolya/laptop-price-prediction,
"Dell Notebook 15.6"" Intel Core i3 6006U 2.0GHz 4GB 128GB SSD (AMD Radeon R7 M440)",26586.72,,Dell,4,128,SSD,Intel Core i3 6006U 2.0GHz,3,AMD Radeon R7 M440,3,15.6,,,,Kaggle,1200,https://www.kaggle.com/datasets/eslamelsolya/laptop-price-prediction,
"Lenovo Notebook 15.6"" Intel Core i7 6500U 2.5GHz 8GB 500GB HDD (Nvidia GeForce 920MX)",33513.12,,Lenovo,8,500,HDD,Intel Core i7 6500U 2.5GHz,7,Nvidia GeForce 920MX,1,15.6,,,,Kaggle,1201,https://www.kaggle.com/datasets/eslamelsolya/laptop-price-prediction,
"Dell 2 in 1 Convertible 15.6"" Intel Core i7 8550U 1.8GHz 16GB 512GB SSD (Intel UHD Graphics 620)",68464.8,,Dell,16,512,SSD,Intel Core i7 8550U 1.8GHz,7,Intel UHD Graphics 620,2,15.6,,,,Kaggle,1202,https://www.kaggle.com/datasets/eslamelsolya/laptop-price-prediction,
"Dell Ultrabook 13.3"" Intel Core i7 7500U 2.7GHz 16GB 512GB SSD (Intel HD Graphics 620)",142790.4,,Dell,16,512,SSD,Intel Core i7 7500U 2.7GHz,7,Intel HD Graphics 620,2,13.3,,,,Kaggle,1203,https://www.kaggle.com/datasets/eslamelsolya/laptop-price-prediction,
"Asus Gaming 15.6"" Intel Core i7 6700HQ 2.6GHz 8GB 1TB HDD (Nvidia GeForce GTX 1060)",62284.32,,Asus,8,1024,HDD,Intel Core i7 6700HQ 2.6GHz,7,Nvidia GeForce GTX 1060,1,15.6,,,,Kaggle,1204,https://www.kaggle.com/datasets/eslamelsolya/laptop-price-prediction,
"Dell Notebook 15.6"" Intel Core i5 7200U 2.5GHz 8GB 256GB SSD (AMD Radeon R7 M445)",47365.92,,Dell,8,256,SSD,Intel Core i5 7200U 2.5GHz,5,AMD Radeon R7 M445,3,15.6,,,,Kaggle,1205,https://www.kaggle.com/datasets/eslamelsolya/laptop-price-prediction,
"HP Notebook 15.6"" Intel Core i5 7200U 2.5GHz 8GB 256GB SSD (Intel HD Graphics 620)",30849.12,,HP,8,256,SSD,Intel Core i5 7200U 2.5GHz,5,Intel HD Graphics 620,2,15.6,,,,Kaggle,1206,https://www.kaggle.com/datasets/eslamelsolya/laptop-price-prediction,
"Lenovo Notebook 15.6"" AMD E-Series 9000 2.2GHz 4GB 500GB HDD (AMD Radeon R2 Graphics)",15930.72,,Lenovo,4,500,HDD,AMD E-Series 9000 2.2GHz,1,AMD Radeon R2 Graphics,2,15.6,,,,Kaggle,1207,https://www.kaggle.com/datasets/eslamelsolya/laptop-price-prediction,
"Acer Notebook 17.3"" Intel Core i3 6006U 2.0GHz 8GB 1TB HDD (Nvidia GeForce 940MX)",33513.12,,Acer,8,1024,HDD,Intel Core i3 6006U 2.0GHz,3,Nvidia GeForce 940MX,1,17.3,,,,Kaggle,1208,https://www.kaggle.com/datasets/eslamelsolya/laptop-price-prediction,
"Asus Gaming 15.6"" Intel Core i7 7700HQ 2.8GHz 16GB 256GB SSD + 1TB HDD (Nvidia GeForce GTX 1070)",130482.72,,Asus,16,256,SSD,Intel Core i7 7700HQ 2.8GHz,7,Nvidia GeForce GTX 1070,6,15.6,,,,Kaggle,1209,https://www.kaggle.com/datasets/eslamelsolya/laptop-price-prediction,
"Apple Ultrabook 12.0"" Intel Core M 1.2GHz 8GB 512GB Flash Storage (Intel HD Graphics 515)",68145.12,,Apple,8,512,FLASH,Intel Core M 1.2GHz,4,Intel HD Graphics 515,2,12.0,,,,Kaggle,1210,https://www.kaggle.com/datasets/eslamelsolya/laptop-price-prediction,
"Asus Notebook 15.6"" Intel Core i7 7700HQ 2.8GHz 16GB 128GB SSD + 1TB HDD (Nvidia GeForce GTX 1060)",93186.72,,Asus,16,128,SSD,Intel Core i7 7700HQ 2.8GHz,7,Nvidia GeForce GTX 1060,1,15.6,,,,Kaggle,1211,https://www.kaggle.com/datasets/eslamelsolya/laptop-price-prediction,
"MSI Gaming 17.3"" Intel Core i7 6700HQ 2.6GHz 16GB 256GB SSD + 1TB HDD (Nvidia GeForce GTX 1060)",103842.19,,MSI,16,256,SSD,Intel Core i7 6700HQ 2.6GHz,7,Nvidia GeForce GTX 1060,1,17.3,,,,Kaggle,1212,https://www.kaggle.com/datasets/eslamelsolya/laptop-price-prediction,
"Dell 2 in 1 Convertible 15.6"" Intel Core i5 7200U 2.5GHz 8GB 256GB SSD (Intel HD Graphics 620)",53226.72,,Dell,8,256,SSD,Intel Core i5 7200U 2.5GHz,5,Intel HD Graphics 620,2,15.6,,,,Kaggle,1213,https://www.kaggle.com/datasets/eslamelsolya/laptop-price-prediction,
"Asus Gaming 17.3"" Intel Core i7 7700HQ 2.8GHz 16GB 256GB SSD + 1TB HDD (Nvidia GeForce GTX 1060)",103842.72,,Asus,16,256,SSD,Intel Core i7 7700HQ 2.8GHz,7,Nvidia GeForce GTX 1060,1,17.3,,,,Kaggle,1214,https://www.kaggle.com/datasets/eslamelsolya/laptop-price-prediction,
"Acer Netbook 11.6"" Intel Celeron Dual Core 3205U 1.5GHz 2GB 32GB SSD (Intel HD Graphics)",9270.72,,Acer,2,32,SSD,Intel Celeron Dual Core 3205U 1.5GHz,1,Intel HD Graphics,2,11.6,,,,Kaggle,1215,https://www.kaggle.com/datasets/eslamelsolya/laptop-price-prediction,
"Acer Notebook 17.3"" Intel Core i3 6006U 2GHz 4GB 1TB HDD (Nvidia GeForce 940MX)",31861.44,,Acer,4,1024,HDD,Intel Core i3 6006U 2GHz,3,Nvidia GeForce 940MX,1,17.3,,,,Kaggle,1216,https://www.kaggle.com/datasets/eslamelsolya/laptop-price-prediction,
"Lenovo Notebook 17.3"" Intel Core i5 7200U 2.5GHz 8GB 1TB HDD (Intel HD Graphics 620)",28717.92,,Lenovo,8,1024,HDD,Intel Core i5 7200U 2.5GHz,5,Intel HD Graphics 620,2,17.3,,,,Kaggle,1217,https://www.kaggle.com/datasets/eslamelsolya/laptop-price-prediction,
"Lenovo Gaming 15.6"" Intel Core i7 6700HQ 2.6GHz 8GB 128GB SSD + 1TB HDD (Nvidia GeForce GTX 960<U+039C>)",67772.16,,Lenovo,8,128,SSD,Intel Core i7 6700HQ 2.6GHz,7,Nvidia GeForce GTX 960<U+039C>,1,15.6,,,,Kaggle,1218,https://www.kaggle.com/datasets/eslamelsolya/laptop-price-prediction,
"Acer 2 in 1 Convertible 14.0"" Intel Core i7 7Y75 1.3GHz 8GB 256GB SSD (Intel HD Graphics 615)",61218.72,,Acer,8,256,SSD,Intel Core i7 7Y75 1.3GHz,7,Intel HD Graphics 615,2,14.0,,,,Kaggle,1219,https://www.kaggle.com/datasets/eslamelsolya/laptop-price-prediction,
"Lenovo Notebook 15.6"" Intel Core i7 6600U 2.6GHz 8GB 256GB SSD (Intel HD Graphics 520)",81465.12,,Lenovo,8,256,SSD,Intel Core i7 6600U 2.6GHz,7,Intel HD Graphics 520,2,15.6,,,,Kaggle,1220,https://www.kaggle.com/datasets/eslamelsolya/laptop-price-prediction,
"MSI Gaming 15.6"" Intel Core i7 6700HQ 2.6GHz 8GB 128GB SSD + 1TB HDD (Nvidia GeForce GTX 1060)",78647.14,,MSI,8,128,SSD,Intel Core i7 6700HQ 2.6GHz,7,Nvidia GeForce GTX 1060,1,15.6,,,,Kaggle,1221,https://www.kaggle.com/datasets/eslamelsolya/laptop-price-prediction,
"HP Notebook 15.6"" AMD A12-Series 9720P 2.7GHz 6GB 1TB HDD (AMD Radeon 530)",28185.12,,HP,6,1024,HDD,AMD A12-Series 9720P 2.7GHz,4,AMD Radeon 530,2,15.6,,,,Kaggle,1222,https://www.kaggle.com/datasets/eslamelsolya/laptop-price-prediction,
"Dell Ultrabook 12.5"" Intel Core i5 6300U 2.4GHz 8GB 256GB SSD (Intel HD Graphics 520)",91288.35,,Dell,8,256,SSD,Intel Core i5 6300U 2.4GHz,5,Intel HD Graphics 520,2,12.5,,,,Kaggle,1223,https://www.kaggle.com/datasets/eslamelsolya/laptop-price-prediction,
"Dell 2 in 1 Convertible 15.0"" Intel Core i3 7100U 2.4GHz 4GB 500GB HDD (Intel HD Graphics 620)",27119.52,,Dell,4,500,HDD,Intel Core i3 7100U 2.4GHz,3,Intel HD Graphics 620,2,15.0,,,,Kaggle,1224,https://www.kaggle.com/datasets/eslamelsolya/laptop-price-prediction,
"Asus Notebook 15.6"" Intel Pentium Quad Core N3710 1.6GHz 4GB 1TB HDD (Intel HD Graphics 405)",16463.52,,Asus,4,1024,HDD,Intel Pentium Quad Core N3710 1.6GHz,2,Intel HD Graphics 405,2,15.6,,,,Kaggle,1225,https://www.kaggle.com/datasets/eslamelsolya/laptop-price-prediction,
"Dell Ultrabook 13.3"" Intel Core i7 7500U 2.7GHz 8GB 256GB SSD (Intel HD Graphics 620)",78694.56,,Dell,8,256,SSD,Intel Core i7 7500U 2.7GHz,7,Intel HD Graphics 620,2,13.3,,,,Kaggle,1226,https://www.kaggle.com/datasets/eslamelsolya/laptop-price-prediction,
"Dell Notebook 15.6"" Intel Core i5 7200U 2.5GHz 4GB 1TB HDD (Intel HD Graphics 520)",27804.7,,Dell,4,1024,HDD,Intel Core i5 7200U 2.5GHz,5,Intel HD Graphics 520,2,15.6,,,,Kaggle,1227,https://www.kaggle.com/datasets/eslamelsolya/laptop-price-prediction,
"Lenovo Gaming 15.6"" Intel Core i7 6700HQ 2.6GHz 16GB 128GB SSD + 1TB HDD (Nvidia GeForce GTX 960M)",54825.12,,Lenovo,16,128,SSD,Intel Core i7 6700HQ 2.6GHz,7,Nvidia GeForce GTX 960M,1,15.6,,,,Kaggle,1228,https://www.kaggle.com/datasets/eslamelsolya/laptop-price-prediction,
"MSI Gaming 15.6"" Intel Core i7 7700HQ 2.8GHz 8GB 128GB SSD + 1TB HDD (Nvidia GeForce GTX 1050)",61218.72,,MSI,8,128,SSD,Intel Core i7 7700HQ 2.8GHz,7,Nvidia GeForce GTX 1050,4,15.6,,,,Kaggle,1229,https://www.kaggle.com/datasets/eslamelsolya/laptop-price-prediction,
"Lenovo Netbook 12.5"" Intel Core i7 6500U 2.50GHz 16GB 512GB SSD (Intel HD Graphics 520)",87912.0,,Lenovo,16,512,SSD,Intel Core i7 6500U 2.50GHz,7,Intel HD Graphics 520,2,12.5,,,,Kaggle,1230,https://www.kaggle.com/datasets/eslamelsolya/laptop-price-prediction,
"Razer Gaming 14.0"" Intel Core i7 7700HQ 2.8GHz 16GB 1TB SSD (Nvidia GeForce GTX 1060)",186426.72,,Razer,16,1024,SSD,Intel Core i7 7700HQ 2.8GHz,7,Nvidia GeForce GTX 1060,1,14.0,,,,Kaggle,1231,https://www.kaggle.com/datasets/eslamelsolya/laptop-price-prediction,
"Dell Notebook 15.6"" Intel Core i3 7100U 2.4GHz 8GB 1TB HDD (Intel HD Graphics 620)",24988.85,,Dell,8,1024,HDD,Intel Core i3 7100U 2.4GHz,3,Intel HD Graphics 620,2,15.6,,,,Kaggle,1232,https://www.kaggle.com/datasets/eslamelsolya/laptop-price-prediction,
"MSI Gaming 17.3"" Intel Core i7 7700HQ 2.8GHz 16GB 256GB SSD + 1TB HDD (Nvidia GeForce GTX 1060)",85141.44,,MSI,16,256,SSD,Intel Core i7 7700HQ 2.8GHz,7,Nvidia GeForce GTX 1060,1,17.3,,,,Kaggle,1233,https://www.kaggle.com/datasets/eslamelsolya/laptop-price-prediction,
"Apple Ultrabook 11.6"" Intel Core i5 1.6GHz 4GB 256GB Flash Storage (Intel HD Graphics 6000)",51095.52,,Apple,4,256,FLASH,Intel Core i5 1.6GHz,5,Intel HD Graphics 6000,2,11.6,,,,Kaggle,1234,https://www.kaggle.com/datasets/eslamelsolya/laptop-price-prediction,
"HP Notebook 15.6"" Intel Core i3 6006U 2GHz 4GB 1TB HDD (Intel HD Graphics 520)",25467.84,,HP,4,1024,HDD,Intel Core i3 6006U 2GHz,3,Intel HD Graphics 520,2,15.6,,,,Kaggle,1235,https://www.kaggle.com/datasets/eslamelsolya/laptop-price-prediction,
"HP Ultrabook 14.0"" Intel Core i7 6500U 2.5GHz 8GB 256GB SSD (Intel HD Graphics 520)",117119.56,,HP,8,256,SSD,Intel Core i7 6500U 2.5GHz,7,Intel HD Graphics 520,2,14.0,,,,Kaggle,1236,https://www.kaggle.com/datasets/eslamelsolya/laptop-price-prediction,
"Dell Notebook 15.6"" Intel Core i5 6200U 2.3GHz 4GB 500GB HDD (Intel HD Graphics 520)",39267.36,,Dell,4,500,HDD,Intel Core i5 6200U 2.3GHz,5,Intel HD Graphics 520,2,15.6,,,,Kaggle,1237,https://www.kaggle.com/datasets/eslamelsolya/laptop-price-prediction,
"MSI Gaming 15.6"" Intel Core i7 6700HQ 2.6GHz 8GB 128GB SSD + 1TB HDD (Nvidia GeForce GTX 960M)",62284.32,,MSI,8,128,SSD,Intel Core i7 6700HQ 2.6GHz,7,Nvidia GeForce GTX 960M,1,15.6,,,,Kaggle,1238,https://www.kaggle.com/datasets/eslamelsolya/laptop-price-prediction,
"Lenovo Notebook 13.3"" Intel Core i7 7500U 2.7GHz 16GB 512GB SSD (Intel HD Graphics 620)",79866.72,,Lenovo,16,512,SSD,Intel Core i7 7500U 2.7GHz,7,Intel HD Graphics 620,2,13.3,,,,Kaggle,1239,https://www.kaggle.com/datasets/eslamelsolya/laptop-price-prediction,
"Lenovo Notebook 15.6"" AMD A12-Series 9720P 3.6GHz 6GB 256GB SSD (AMD Radeon 530)",31838.53,,Lenovo,6,256,SSD,AMD A12-Series 9720P 3.6GHz,4,AMD Radeon 530,2,15.6,,,,Kaggle,1240,https://www.kaggle.com/datasets/eslamelsolya/laptop-price-prediction,
"Asus Ultrabook 13.3"" Intel Core i7 6500U 2.5GHz 8GB 256GB SSD (Intel HD Graphics 520)",68198.4,,Asus,8,256,SSD,Intel Core i7 6500U 2.5GHz,7,Intel HD Graphics 520,2,13.3,,,,Kaggle,1241,https://www.kaggle.com/datasets/eslamelsolya/laptop-price-prediction,
"Acer Notebook 15.6"" Intel Core i3 6006U 2.0GHz 4GB 500GB HDD (Intel HD Graphics 520)",19276.7,,Acer,4,500,HDD,Intel Core i3 6006U 2.0GHz,3,Intel HD Graphics 520,2,15.6,,,,Kaggle,1242,https://www.kaggle.com/datasets/eslamelsolya/laptop-price-prediction,
"Dell 2 in 1 Convertible 17.3"" Intel Core i7 7500U 2.7GHz 16GB 512GB SSD (Nvidia GeForce 940MX)",95850.72,,Dell,16,512,SSD,Intel Core i7 7500U 2.7GHz,7,Nvidia GeForce 940MX,1,17.3,,,,Kaggle,1243,https://www.kaggle.com/datasets/eslamelsolya/laptop-price-prediction,
"HP Notebook 14.0"" Intel Core i5 6200U 2.3GHz 4GB 256GB SSD (Intel HD Graphics 520)",58607.47,,HP,4,256,SSD,Intel Core i5 6200U 2.3GHz,5,Intel HD Graphics 520,2,14.0,,,,Kaggle,1244,https://www.kaggle.com/datasets/eslamelsolya/laptop-price-prediction,
"Asus Gaming 15.6"" Intel Core i7 7700HQ 2.8GHz 16GB 256GB SSD + 1TB HDD (Nvidia GeForce GTX 1050 Ti)",85248.0,,Asus,16,256,SSD,Intel Core i7 7700HQ 2.8GHz,7,Nvidia GeForce GTX 1050 Ti,4,15.6,,,,Kaggle,1245,https://www.kaggle.com/datasets/eslamelsolya/laptop-price-prediction,
"Dell Notebook 14.0"" Intel Core i5 7200U 2.5GHz 4GB 500GB HDD (Intel HD Graphics 620)",46620.0,,Dell,4,500,HDD,Intel Core i5 7200U 2.5GHz,5,Intel HD Graphics 620,2,14.0,,,,Kaggle,1246,https://www.kaggle.com/datasets/eslamelsolya/laptop-price-prediction,
"Asus Gaming 15.6"" Intel Core i7 6700HQ 2.6GHz 16GB 256GB SSD + 1TB HDD (Nvidia GeForce GTX 1070)",123876.0,,Asus,16,256,SSD,Intel Core i7 6700HQ 2.6GHz,7,Nvidia GeForce GTX 1070,6,15.6,,,,Kaggle,1247,https://www.kaggle.com/datasets/eslamelsolya/laptop-price-prediction,
"Lenovo Notebook 15.6"" Intel Core i5 7200U 2.5GHz 8GB 256GB SSD (Intel HD Graphics 620)",30529.44,,Lenovo,8,256,SSD,Intel Core i5 7200U 2.5GHz,5,Intel HD Graphics 620,2,15.6,,,,Kaggle,1248,https://www.kaggle.com/datasets/eslamelsolya/laptop-price-prediction,
"Dell 2 in 1 Convertible 13.3"" Intel Core i5 7Y54 1.2GHz 8GB 256GB SSD (Intel HD Graphics 615)",96596.64,,Dell,8,256,SSD,Intel Core i5 7Y54 1.2GHz,5,Intel HD Graphics 615,2,13.3,,,,Kaggle,1249,https://www.kaggle.com/datasets/eslamelsolya/laptop-price-prediction,
"Dell Notebook 15.6"" Intel Pentium Quad Core N3710 1.6GHz 4GB 500GB HDD (Intel HD Graphics)",17262.72,,Dell,4,500,HDD,Intel Pentium Quad Core N3710 1.6GHz,2,Intel HD Graphics,2,15.6,,,,Kaggle,1250,https://www.kaggle.com/datasets/eslamelsolya/laptop-price-prediction,
"HP Notebook 15.6"" AMD A6-Series 9220 2.5GHz 4GB 500GB HDD (AMD Radeon R4 Graphics)",21258.72,,HP,4,500,HDD,AMD A6-Series 9220 2.5GHz,4,AMD Radeon R4 Graphics,2,15.6,,,,Kaggle,1251,https://www.kaggle.com/datasets/eslamelsolya/laptop-price-prediction,
"Lenovo Notebook 15.6"" Intel Core i3 6100U 2.3GHz 6GB 128GB SSD (Nvidia GeForce 920MX)",30316.32,,Lenovo,6,128,SSD,Intel Core i3 6100U 2.3GHz,3,Nvidia GeForce 920MX,1,15.6,,,,Kaggle,1252,https://www.kaggle.com/datasets/eslamelsolya/laptop-price-prediction,
"Lenovo Notebook 14.0"" Intel Core i5 6200U 2.3GHz 8GB 256GB SSD (Intel HD Graphics 520)",57116.16,,Lenovo,8,256,SSD,Intel Core i5 6200U 2.3GHz,5,Intel HD Graphics 520,2,14.0,,,,Kaggle,1253,https://www.kaggle.com/datasets/eslamelsolya/laptop-price-prediction,
"Dell Notebook 15.6"" Intel Pentium Quad Core N3700 1.6GHz 4GB 500GB HDD (Intel HD Graphics)",23655.79,,Dell,4,500,HDD,Intel Pentium Quad Core N3700 1.6GHz,2,Intel HD Graphics,2,15.6,,,,Kaggle,1254,https://www.kaggle.com/datasets/eslamelsolya/laptop-price-prediction,
"Asus Notebook 15.6"" Intel Celeron Dual Core N3350 1.1GHz 4GB 1TB HDD (Intel HD Graphics 500)",18061.92,,Asus,4,1024,HDD,Intel Celeron Dual Core N3350 1.1GHz,1,Intel HD Graphics 500,2,15.6,,,,Kaggle,1255,https://www.kaggle.com/datasets/eslamelsolya/laptop-price-prediction,
"Asus Gaming 17.3"" Intel Core i7 6700HQ 2.6GHz 16GB 128GB SSD + 1TB HDD (Nvidia GeForce GTX 970M)",101232.0,,Asus,16,128,SSD,Intel Core i7 6700HQ 2.6GHz,7,Nvidia GeForce GTX 970M,1,17.3,,,,Kaggle,1256,https://www.kaggle.com/datasets/eslamelsolya/laptop-price-prediction,
"Dell Notebook 15.6"" Intel Core i3 6006U 2GHz 4GB 500GB HDD (Intel HD Graphics 520)",26107.2,,Dell,4,500,HDD,Intel Core i3 6006U 2GHz,3,Intel HD Graphics 520,2,15.6,,,,Kaggle,1257,https://www.kaggle.com/datasets/eslamelsolya/laptop-price-prediction,
"Lenovo Notebook 15.6"" Intel Core i7 6500U 2.5GHz 8GB 1.0TB Hybrid (AMD Radeon R5 M330)",47685.6,,Lenovo,8,1024,HYBRID,Intel Core i7 6500U 2.5GHz,7,AMD Radeon R5 M330,2,15.6,,,,Kaggle,1258,https://www.kaggle.com/datasets/eslamelsolya/laptop-price-prediction,
"MSI Gaming 15.6"" Intel Core i7 6700HQ 2.6GHz 8GB 128GB SSD + 1TB HDD (Nvidia GeForce GTX 960M)",65481.12,,MSI,8,128,SSD,Intel Core i7 6700HQ 2.6GHz,7,Nvidia GeForce GTX 960M,1,15.6,,,,Kaggle,1259,https://www.kaggle.com/datasets/eslamelsolya/laptop-price-prediction,
"Lenovo 2 in 1 Convertible 14.0"" Intel Core i5 6200U 2.3GHz 4GB 128GB SSD (Intel HD Graphics 520)",44382.77,,Lenovo,4,128,SSD,Intel Core i5 6200U 2.3GHz,5,Intel HD Graphics 520,2,14.0,,,,Kaggle,1260,https://www.kaggle.com/datasets/eslamelsolya/laptop-price-prediction,
"Asus Ultrabook 13.3"" Intel Core M 6Y30 0.9GHz 8GB 512GB SSD (Intel HD Graphics 515)",38841.12,,Asus,8,512,SSD,Intel Core M 6Y30 0.9GHz,4,Intel HD Graphics 515,2,13.3,,,,Kaggle,1261,https://www.kaggle.com/datasets/eslamelsolya/laptop-price-prediction,
"Dell Notebook 15.6"" Intel Core i3 7100U 2.4GHz 6GB 1TB HDD (Intel HD Graphics 620)",24455.52,,Dell,6,1024,HDD,Intel Core i3 7100U 2.4GHz,3,Intel HD Graphics 620,2,15.6,,,,Kaggle,1262,https://www.kaggle.com/datasets/eslamelsolya/laptop-price-prediction,
"Acer Notebook 15.6"" Intel Celeron Dual Core N3060 1.6GHz 4GB 500GB HDD (Intel HD Graphics 400)",15397.92,,Acer,4,500,HDD,Intel Celeron Dual Core N3060 1.6GHz,1,Intel HD Graphics 400,2,15.6,,,,Kaggle,1263,https://www.kaggle.com/datasets/eslamelsolya/laptop-price-prediction,
"Dell Notebook 15.6"" Intel Celeron Dual Core N3050 1.6GHz 2GB 500GB HDD (Intel HD Graphics)",20193.12,,Dell,2,500,HDD,Intel Celeron Dual Core N3050 1.6GHz,1,Intel HD Graphics,2,15.6,,,,Kaggle,1264,https://www.kaggle.com/datasets/eslamelsolya/laptop-price-prediction,
"Lenovo Notebook 15.6"" Intel Core i7 6700HQ 2.6GHz 8GB 1TB HDD (Nvidia GeForce GTX 960M)",47898.72,,Lenovo,8,1024,HDD,Intel Core i7 6700HQ 2.6GHz,7,Nvidia GeForce GTX 960M,1,15.6,,,,Kaggle,1265,https://www.kaggle.com/datasets/eslamelsolya/laptop-price-prediction,
"HP Notebook 15.6"" AMD A9-Series 9410 2.9GHz 6GB 1.0TB Hybrid (AMD Radeon R7 M440)",29303.47,,HP,6,1024,HYBRID,AMD A9-Series 9410 2.9GHz,2,AMD Radeon R7 M440,3,15.6,,,,Kaggle,1266,https://www.kaggle.com/datasets/eslamelsolya/laptop-price-prediction,
"Dell Notebook 15.6"" Intel Core i7 7500U 2.7GHz 8GB 1TB HDD (AMD Radeon R5 M430)",42943.15,,Dell,8,1024,HDD,Intel Core i7 7500U 2.7GHz,7,AMD Radeon R5 M430,2,15.6,,,,Kaggle,1267,https://www.kaggle.com/datasets/eslamelsolya/laptop-price-prediction,
"HP Netbook 11.6"" Intel Celeron Dual Core N3060 1.6GHz 2GB 32GB Flash Storage (Intel HD Graphics 400)",11135.52,,HP,2,32,FLASH,Intel Celeron Dual Core N3060 1.6GHz,1,Intel HD Graphics 400,2,11.6,,,,Kaggle,1268,https://www.kaggle.com/datasets/eslamelsolya/laptop-price-prediction,
"Asus Notebook 15.6"" Intel Core i7 6500U 2.5GHz 4GB 500GB HDD (Nvidia GeForce 920M)",38378.65,,Asus,4,500,HDD,Intel Core i7 6500U 2.5GHz,7,Nvidia GeForce 920M,1,15.6,,,,Kaggle,1269,https://www.kaggle.com/datasets/eslamelsolya/laptop-price-prediction,
"Lenovo 2 in 1 Convertible 14.0"" Intel Core i7 6500U 2.5GHz 4GB 128GB SSD (Intel HD Graphics 520)",33992.64,,Lenovo,4,128,SSD,Intel Core i7 6500U 2.5GHz,7,Intel HD Graphics 520,2,14.0,,,,Kaggle,1270,https://www.kaggle.com/datasets/eslamelsolya/laptop-price-prediction,
"Lenovo 2 in 1 Convertible 13.3"" Intel Core i7 6500U 2.5GHz 16GB 512GB SSD (Intel HD Graphics 520)",79866.72,,Lenovo,16,512,SSD,Intel Core i7 6500U 2.5GHz,7,Intel HD Graphics 520,2,13.3,,,,Kaggle,1271,https://www.kaggle.com/datasets/eslamelsolya/laptop-price-prediction,
"Lenovo Notebook 14.0"" Intel Celeron Dual Core N3050 1.6GHz 2GB 64GB Flash Storage (Intel HD Graphics)",12201.12,,Lenovo,2,64,FLASH,Intel Celeron Dual Core N3050 1.6GHz,1,Intel HD Graphics,2,14.0,,,,Kaggle,1272,https://www.kaggle.com/datasets/eslamelsolya/laptop-price-prediction,
"HP Notebook 15.6"" Intel Core i7 6500U 2.5GHz 6GB 1TB HDD (AMD Radeon R5 M330)",40705.92,,HP,6,1024,HDD,Intel Core i7 6500U 2.5GHz,7,AMD Radeon R5 M330,2,15.6,,,,Kaggle,1273,https://www.kaggle.com/datasets/eslamelsolya/laptop-price-prediction,
